Submission ID,Submission Date,Month,Activity,Modality,Checklist Type,Entity,Monitor Name,Woreda,FDP_ID,FDP/Site Name,Latitude,Longitude,GPS,Duration Minutes,Valid Submission
SUB-00001,2025-05-05,May 2025,Activity 1 Relief,Food,Beneficiary Contact Monitoring,TPM,TPM Monitor 5,Awbare,REL-AWBA-001,Awbare FDP 01,9.398614,42.790773,"9.398614, 42.790773",23,Yes
SUB-00002,2025-05-12,May 2025,Activity 1 Relief,Food,Beneficiary Contact Monitoring,TPM,TPM Monitor 3,Awbare,REL-AWBA-001,Awbare FDP 01,9.398614,42.790773,"9.398614, 42.790773",55,Yes
SUB-00003,2025-05-08,May 2025,Activity 1 Relief,Food,Beneficiary Contact Monitoring,TPM,TPM Monitor 2,Awbare,REL-AWBA-001,Awbare FDP 01,9.398614,42.790773,"9.398614, 42.790773",45,Yes
SUB-00004,2025-05-18,May 2025,Activity 1 Relief,Food,Beneficiary Contact Monitoring,TPM,TPM Monitor 1,Awbare,REL-AWBA-001,Awbare FDP 01,9.398614,42.790773,"9.398614, 42.790773",9,Yes
SUB-00005,2025-05-07,May 2025,Activity 1 Relief,Food,Beneficiary Contact Monitoring,TPM,TPM Monitor 4,Awbare,REL-AWBA-001,Awbare FDP 01,9.398614,42.790773,"9.398614, 42.790773",22,Yes
SUB-00006,2025-05-21,May 2025,Activity 1 Relief,Food,Beneficiary Contact Monitoring,TPM,TPM Monitor 1,Awbare,REL-AWBA-001,Awbare FDP 01,9.398614,42.790773,"9.398614, 42.790773",43,Yes
SUB-00007,2025-05-25,May 2025,Activity 1 Relief,Food,Food Basket Monitoring,TPM,TPM Monitor 7,Awbare,REL-AWBA-001,Awbare FDP 01,9.398614,42.790773,"9.398614, 42.790773",22,Yes
SUB-00008,2025-05-19,May 2025,Activity 1 Relief,Food,Food Basket Monitoring,TPM,TPM Monitor 5,Awbare,REL-AWBA-001,Awbare FDP 01,9.398614,42.790773,"9.398614, 42.790773",59,Yes
SUB-00009,2025-05-05,May 2025,Activity 1 Relief,Food,Food Basket Monitoring,TPM,TPM Monitor 3,Awbare,REL-AWBA-001,Awbare FDP 01,9.398614,42.790773,"9.398614, 42.790773",52,Yes
SUB-00010,2025-05-18,May 2025,Activity 1 Relief,Food,Food Basket Monitoring,TPM,TPM Monitor 6,Awbare,REL-AWBA-001,Awbare FDP 01,9.398614,42.790773,"9.398614, 42.790773",25,Yes
SUB-00011,2025-05-15,May 2025,Activity 1 Relief,Food,Warehouse Monitoring,TPM,TPM Monitor 2,Awbare,REL-AWBA-001,Awbare FDP 01,9.398614,42.790773,"9.398614, 42.790773",13,Yes
SUB-00012,2025-05-16,May 2025,Activity 1 Relief,Food,Distribution Observation,TPM,TPM Monitor 6,Awbare,REL-AWBA-001,Awbare FDP 01,9.398614,42.790773,"9.398614, 42.790773",46,Yes
SUB-00013,2025-05-06,May 2025,Activity 1 Relief,Food,Partner Performance Monitoring,TPM,TPM Monitor 8,Awbare,REL-AWBA-001,Awbare FDP 01,9.398614,42.790773,"9.398614, 42.790773",42,Yes
SUB-00014,2025-05-17,May 2025,Activity 1 Relief,Food,Beneficiary Contact Monitoring,TPM,TPM Monitor 2,Awbare,REL-AWBA-002,Awbare FDP 02,9.369665,42.651121,"9.369665, 42.651121",43,Yes
SUB-00015,2025-05-14,May 2025,Activity 1 Relief,Food,Beneficiary Contact Monitoring,TPM,TPM Monitor 6,Awbare,REL-AWBA-002,Awbare FDP 02,9.369665,42.651121,"9.369665, 42.651121",44,Yes
SUB-00016,2025-05-11,May 2025,Activity 1 Relief,Food,Beneficiary Contact Monitoring,TPM,TPM Monitor 2,Awbare,REL-AWBA-002,Awbare FDP 02,9.369665,42.651121,"9.369665, 42.651121",10,Yes
SUB-00017,2025-05-26,May 2025,Activity 1 Relief,Food,Beneficiary Contact Monitoring,TPM,TPM Monitor 4,Awbare,REL-AWBA-002,Awbare FDP 02,9.369665,42.651121,"9.369665, 42.651121",57,Yes
SUB-00018,2025-05-07,May 2025,Activity 1 Relief,Food,Food Basket Monitoring,TPM,TPM Monitor 4,Awbare,REL-AWBA-002,Awbare FDP 02,9.369665,42.651121,"9.369665, 42.651121",63,Yes
SUB-00019,2025-05-08,May 2025,Activity 1 Relief,Food,Food Basket Monitoring,TPM,TPM Monitor 7,Awbare,REL-AWBA-002,Awbare FDP 02,9.369665,42.651121,"9.369665, 42.651121",25,Yes
SUB-00020,2025-05-19,May 2025,Activity 1 Relief,Food,Food Basket Monitoring,TPM,TPM Monitor 6,Awbare,REL-AWBA-002,Awbare FDP 02,9.369665,42.651121,"9.369665, 42.651121",18,Yes
SUB-00021,2025-05-16,May 2025,Activity 1 Relief,Food,Food Basket Monitoring,TPM,TPM Monitor 6,Awbare,REL-AWBA-002,Awbare FDP 02,9.369665,42.651121,"9.369665, 42.651121",21,Yes
SUB-00022,2025-05-27,May 2025,Activity 1 Relief,Food,Warehouse Monitoring,TPM,TPM Monitor 2,Awbare,REL-AWBA-002,Awbare FDP 02,9.369665,42.651121,"9.369665, 42.651121",46,Yes
SUB-00023,2025-05-22,May 2025,Activity 1 Relief,Food,Distribution Observation,TPM,TPM Monitor 4,Awbare,REL-AWBA-002,Awbare FDP 02,9.369665,42.651121,"9.369665, 42.651121",18,Yes
SUB-00024,2025-05-13,May 2025,Activity 1 Relief,Food,Partner Performance Monitoring,TPM,TPM Monitor 4,Awbare,REL-AWBA-002,Awbare FDP 02,9.369665,42.651121,"9.369665, 42.651121",51,Yes
SUB-00025,2025-05-06,May 2025,Activity 1 Relief,Food,Beneficiary Contact Monitoring,TPM,TPM Monitor 4,Awbare,REL-AWBA-003,Awbare FDP 03,9.290334,42.810783,"9.290334, 42.810783",60,Yes
SUB-00026,2025-05-06,May 2025,Activity 1 Relief,Food,Beneficiary Contact Monitoring,TPM,TPM Monitor 6,Awbare,REL-AWBA-003,Awbare FDP 03,9.290334,42.810783,"9.290334, 42.810783",33,Yes
SUB-00027,2025-05-13,May 2025,Activity 1 Relief,Food,Beneficiary Contact Monitoring,TPM,TPM Monitor 2,Awbare,REL-AWBA-003,Awbare FDP 03,9.290334,42.810783,"9.290334, 42.810783",21,Yes
SUB-00028,2025-05-23,May 2025,Activity 1 Relief,Food,Beneficiary Contact Monitoring,TPM,TPM Monitor 6,Awbare,REL-AWBA-003,Awbare FDP 03,9.290334,42.810783,"9.290334, 42.810783",21,Yes
SUB-00029,2025-05-25,May 2025,Activity 1 Relief,Food,Beneficiary Contact Monitoring,TPM,TPM Monitor 8,Awbare,REL-AWBA-003,Awbare FDP 03,9.290334,42.810783,"9.290334, 42.810783",33,Yes
SUB-00030,2025-05-25,May 2025,Activity 1 Relief,Food,Food Basket Monitoring,TPM,TPM Monitor 8,Awbare,REL-AWBA-003,Awbare FDP 03,9.290334,42.810783,"9.290334, 42.810783",17,Yes
SUB-00031,2025-05-13,May 2025,Activity 1 Relief,Food,Food Basket Monitoring,TPM,TPM Monitor 3,Awbare,REL-AWBA-003,Awbare FDP 03,9.290334,42.810783,"9.290334, 42.810783",23,Yes
SUB-00032,2025-05-28,May 2025,Activity 1 Relief,Food,Food Basket Monitoring,TPM,TPM Monitor 5,Awbare,REL-AWBA-003,Awbare FDP 03,9.290334,42.810783,"9.290334, 42.810783",55,Yes
SUB-00033,2025-05-23,May 2025,Activity 1 Relief,Food,Food Basket Monitoring,TPM,TPM Monitor 7,Awbare,REL-AWBA-003,Awbare FDP 03,9.290334,42.810783,"9.290334, 42.810783",65,Yes
SUB-00034,2025-05-23,May 2025,Activity 1 Relief,Food,Food Basket Monitoring,TPM,TPM Monitor 7,Awbare,REL-AWBA-003,Awbare FDP 03,9.290334,42.810783,"9.290334, 42.810783",31,Yes
SUB-00035,2025-05-12,May 2025,Activity 1 Relief,Food,Food Basket Monitoring,TPM,TPM Monitor 3,Awbare,REL-AWBA-003,Awbare FDP 03,9.290334,42.810783,"9.290334, 42.810783",40,Yes
SUB-00036,2025-05-06,May 2025,Activity 1 Relief,Food,Warehouse Monitoring,TPM,TPM Monitor 2,Awbare,REL-AWBA-003,Awbare FDP 03,9.290334,42.810783,"9.290334, 42.810783",17,Yes
SUB-00037,2025-05-26,May 2025,Activity 1 Relief,Food,Distribution Observation,TPM,TPM Monitor 7,Awbare,REL-AWBA-003,Awbare FDP 03,9.290334,42.810783,"9.290334, 42.810783",46,Yes
SUB-00038,2025-05-19,May 2025,Activity 1 Relief,Food,Beneficiary Contact Monitoring,TPM,TPM Monitor 5,Awbare,REL-AWBA-004,Awbare FDP 04,9.401671,42.726184,"9.401671, 42.726184",43,Yes
SUB-00039,2025-05-05,May 2025,Activity 1 Relief,Food,Beneficiary Contact Monitoring,TPM,TPM Monitor 2,Awbare,REL-AWBA-004,Awbare FDP 04,9.401671,42.726184,"9.401671, 42.726184",51,Yes
SUB-00040,2025-05-22,May 2025,Activity 1 Relief,Food,Beneficiary Contact Monitoring,TPM,TPM Monitor 5,Awbare,REL-AWBA-004,Awbare FDP 04,9.401671,42.726184,"9.401671, 42.726184",57,Yes
SUB-00041,2025-05-25,May 2025,Activity 1 Relief,Food,Beneficiary Contact Monitoring,TPM,TPM Monitor 6,Awbare,REL-AWBA-004,Awbare FDP 04,9.401671,42.726184,"9.401671, 42.726184",15,Yes
SUB-00042,2025-05-14,May 2025,Activity 1 Relief,Food,Beneficiary Contact Monitoring,TPM,TPM Monitor 7,Awbare,REL-AWBA-004,Awbare FDP 04,9.401671,42.726184,"9.401671, 42.726184",18,Yes
SUB-00043,2025-05-28,May 2025,Activity 1 Relief,Food,Food Basket Monitoring,TPM,TPM Monitor 5,Awbare,REL-AWBA-004,Awbare FDP 04,9.401671,42.726184,"9.401671, 42.726184",40,Yes
SUB-00044,2025-05-10,May 2025,Activity 1 Relief,Food,Food Basket Monitoring,TPM,TPM Monitor 2,Awbare,REL-AWBA-004,Awbare FDP 04,9.401671,42.726184,"9.401671, 42.726184",63,Yes
SUB-00045,2025-05-25,May 2025,Activity 1 Relief,Food,Food Basket Monitoring,TPM,TPM Monitor 5,Awbare,REL-AWBA-004,Awbare FDP 04,9.401671,42.726184,"9.401671, 42.726184",61,Yes
SUB-00046,2025-05-25,May 2025,Activity 1 Relief,Food,Food Basket Monitoring,TPM,TPM Monitor 4,Awbare,REL-AWBA-004,Awbare FDP 04,9.401671,42.726184,"9.401671, 42.726184",17,Yes
SUB-00047,2025-05-16,May 2025,Activity 1 Relief,Food,Food Basket Monitoring,TPM,TPM Monitor 3,Awbare,REL-AWBA-004,Awbare FDP 04,9.401671,42.726184,"9.401671, 42.726184",42,Yes
SUB-00048,2025-05-21,May 2025,Activity 1 Relief,Food,Warehouse Monitoring,TPM,TPM Monitor 1,Awbare,REL-AWBA-004,Awbare FDP 04,9.401671,42.726184,"9.401671, 42.726184",46,Yes
SUB-00049,2025-05-05,May 2025,Activity 1 Relief,Food,Distribution Observation,TPM,TPM Monitor 2,Awbare,REL-AWBA-004,Awbare FDP 04,9.401671,42.726184,"9.401671, 42.726184",31,Yes
SUB-00050,2025-05-14,May 2025,Activity 1 Relief,Food,Partner Performance Monitoring,TPM,TPM Monitor 4,Awbare,REL-AWBA-004,Awbare FDP 04,9.401671,42.726184,"9.401671, 42.726184",11,Yes
SUB-00051,2025-05-23,May 2025,Activity 1 Relief,Food,Beneficiary Contact Monitoring,TPM,TPM Monitor 2,Awbare,REL-AWBA-005,Awbare FDP 05,9.37767,42.802353,"9.37767, 42.802353",13,Yes
SUB-00052,2025-05-28,May 2025,Activity 1 Relief,Food,Beneficiary Contact Monitoring,TPM,TPM Monitor 8,Awbare,REL-AWBA-005,Awbare FDP 05,9.37767,42.802353,"9.37767, 42.802353",60,Yes
SUB-00053,2025-05-07,May 2025,Activity 1 Relief,Food,Beneficiary Contact Monitoring,TPM,TPM Monitor 3,Awbare,REL-AWBA-005,Awbare FDP 05,9.37767,42.802353,"9.37767, 42.802353",16,Yes
SUB-00054,2025-05-26,May 2025,Activity 1 Relief,Food,Beneficiary Contact Monitoring,TPM,TPM Monitor 8,Awbare,REL-AWBA-005,Awbare FDP 05,9.37767,42.802353,"9.37767, 42.802353",43,Yes
SUB-00055,2025-05-21,May 2025,Activity 1 Relief,Food,Food Basket Monitoring,TPM,TPM Monitor 7,Awbare,REL-AWBA-005,Awbare FDP 05,9.37767,42.802353,"9.37767, 42.802353",21,Yes
SUB-00056,2025-05-22,May 2025,Activity 1 Relief,Food,Food Basket Monitoring,TPM,TPM Monitor 4,Awbare,REL-AWBA-005,Awbare FDP 05,9.37767,42.802353,"9.37767, 42.802353",53,Yes
SUB-00057,2025-05-14,May 2025,Activity 1 Relief,Food,Food Basket Monitoring,TPM,TPM Monitor 7,Awbare,REL-AWBA-005,Awbare FDP 05,9.37767,42.802353,"9.37767, 42.802353",50,Yes
SUB-00058,2025-05-25,May 2025,Activity 1 Relief,Food,Food Basket Monitoring,TPM,TPM Monitor 6,Awbare,REL-AWBA-005,Awbare FDP 05,9.37767,42.802353,"9.37767, 42.802353",36,Yes
SUB-00059,2025-05-19,May 2025,Activity 1 Relief,Food,Warehouse Monitoring,TPM,TPM Monitor 2,Awbare,REL-AWBA-005,Awbare FDP 05,9.37767,42.802353,"9.37767, 42.802353",23,Yes
SUB-00060,2025-05-15,May 2025,Activity 1 Relief,Food,Distribution Observation,TPM,TPM Monitor 1,Awbare,REL-AWBA-005,Awbare FDP 05,9.37767,42.802353,"9.37767, 42.802353",45,Yes
SUB-00061,2025-05-23,May 2025,Activity 1 Relief,Food,Partner Performance Monitoring,TPM,TPM Monitor 4,Awbare,REL-AWBA-005,Awbare FDP 05,9.37767,42.802353,"9.37767, 42.802353",8,Yes
SUB-00062,2025-05-25,May 2025,Activity 1 Relief,Food,Beneficiary Contact Monitoring,TPM,TPM Monitor 1,Awbare,REL-AWBA-006,Awbare FDP 06,9.36779,42.752862,"9.36779, 42.752862",22,Yes
SUB-00063,2025-05-07,May 2025,Activity 1 Relief,Food,Beneficiary Contact Monitoring,TPM,TPM Monitor 1,Awbare,REL-AWBA-006,Awbare FDP 06,9.36779,42.752862,"9.36779, 42.752862",63,Yes
SUB-00064,2025-05-15,May 2025,Activity 1 Relief,Food,Beneficiary Contact Monitoring,TPM,TPM Monitor 2,Awbare,REL-AWBA-006,Awbare FDP 06,9.36779,42.752862,"9.36779, 42.752862",40,Yes
SUB-00065,2025-05-12,May 2025,Activity 1 Relief,Food,Beneficiary Contact Monitoring,TPM,TPM Monitor 5,Awbare,REL-AWBA-006,Awbare FDP 06,9.36779,42.752862,"9.36779, 42.752862",50,Yes
SUB-00066,2025-05-22,May 2025,Activity 1 Relief,Food,Food Basket Monitoring,TPM,TPM Monitor 3,Awbare,REL-AWBA-006,Awbare FDP 06,9.36779,42.752862,"9.36779, 42.752862",54,Yes
SUB-00067,2025-05-23,May 2025,Activity 1 Relief,Food,Food Basket Monitoring,TPM,TPM Monitor 8,Awbare,REL-AWBA-006,Awbare FDP 06,9.36779,42.752862,"9.36779, 42.752862",23,Yes
SUB-00068,2025-05-20,May 2025,Activity 1 Relief,Food,Food Basket Monitoring,TPM,TPM Monitor 7,Awbare,REL-AWBA-006,Awbare FDP 06,9.36779,42.752862,"9.36779, 42.752862",20,Yes
SUB-00069,2025-05-08,May 2025,Activity 1 Relief,Food,Food Basket Monitoring,TPM,TPM Monitor 2,Awbare,REL-AWBA-006,Awbare FDP 06,9.36779,42.752862,"9.36779, 42.752862",50,Yes
SUB-00070,2025-05-18,May 2025,Activity 1 Relief,Food,Food Basket Monitoring,TPM,TPM Monitor 6,Awbare,REL-AWBA-006,Awbare FDP 06,9.36779,42.752862,"9.36779, 42.752862",35,Yes
SUB-00071,2025-05-28,May 2025,Activity 1 Relief,Food,Warehouse Monitoring,TPM,TPM Monitor 1,Awbare,REL-AWBA-006,Awbare FDP 06,9.36779,42.752862,"9.36779, 42.752862",51,Yes
SUB-00072,2025-05-25,May 2025,Activity 1 Relief,Food,Distribution Observation,TPM,TPM Monitor 2,Awbare,REL-AWBA-006,Awbare FDP 06,9.36779,42.752862,"9.36779, 42.752862",11,Yes
SUB-00073,2025-05-15,May 2025,Activity 1 Relief,Food,Partner Performance Monitoring,TPM,TPM Monitor 2,Awbare,REL-AWBA-006,Awbare FDP 06,9.36779,42.752862,"9.36779, 42.752862",23,Yes
SUB-00074,2025-05-22,May 2025,Activity 1 Relief,Food,Beneficiary Contact Monitoring,TPM,TPM Monitor 8,Awbare,REL-AWBA-007,Awbare FDP 07,9.306439,42.73367,"9.306439, 42.73367",16,Yes
SUB-00075,2025-05-18,May 2025,Activity 1 Relief,Food,Beneficiary Contact Monitoring,TPM,TPM Monitor 3,Awbare,REL-AWBA-007,Awbare FDP 07,9.306439,42.73367,"9.306439, 42.73367",25,Yes
SUB-00076,2025-05-19,May 2025,Activity 1 Relief,Food,Beneficiary Contact Monitoring,TPM,TPM Monitor 4,Awbare,REL-AWBA-007,Awbare FDP 07,9.306439,42.73367,"9.306439, 42.73367",63,Yes
SUB-00077,2025-05-07,May 2025,Activity 1 Relief,Food,Beneficiary Contact Monitoring,TPM,TPM Monitor 8,Awbare,REL-AWBA-007,Awbare FDP 07,9.306439,42.73367,"9.306439, 42.73367",59,Yes
SUB-00078,2025-05-22,May 2025,Activity 1 Relief,Food,Food Basket Monitoring,TPM,TPM Monitor 2,Awbare,REL-AWBA-007,Awbare FDP 07,9.306439,42.73367,"9.306439, 42.73367",11,Yes
SUB-00079,2025-05-25,May 2025,Activity 1 Relief,Food,Food Basket Monitoring,TPM,TPM Monitor 1,Awbare,REL-AWBA-007,Awbare FDP 07,9.306439,42.73367,"9.306439, 42.73367",13,Yes
SUB-00080,2025-05-12,May 2025,Activity 1 Relief,Food,Food Basket Monitoring,TPM,TPM Monitor 3,Awbare,REL-AWBA-007,Awbare FDP 07,9.306439,42.73367,"9.306439, 42.73367",34,Yes
SUB-00081,2025-05-20,May 2025,Activity 1 Relief,Food,Food Basket Monitoring,TPM,TPM Monitor 8,Awbare,REL-AWBA-007,Awbare FDP 07,9.306439,42.73367,"9.306439, 42.73367",21,Yes
SUB-00082,2025-05-17,May 2025,Activity 1 Relief,Food,Food Basket Monitoring,TPM,TPM Monitor 1,Awbare,REL-AWBA-007,Awbare FDP 07,9.306439,42.73367,"9.306439, 42.73367",18,Yes
SUB-00083,2025-05-17,May 2025,Activity 1 Relief,Food,Food Basket Monitoring,TPM,TPM Monitor 1,Awbare,REL-AWBA-007,Awbare FDP 07,9.306439,42.73367,"9.306439, 42.73367",32,Yes
SUB-00084,2025-05-19,May 2025,Activity 1 Relief,Food,Warehouse Monitoring,TPM,TPM Monitor 5,Awbare,REL-AWBA-007,Awbare FDP 07,9.306439,42.73367,"9.306439, 42.73367",35,Yes
SUB-00085,2025-05-28,May 2025,Activity 1 Relief,Food,Distribution Observation,TPM,TPM Monitor 8,Awbare,REL-AWBA-007,Awbare FDP 07,9.306439,42.73367,"9.306439, 42.73367",17,Yes
SUB-00086,2025-05-06,May 2025,Activity 1 Relief,Food,Beneficiary Contact Monitoring,TPM,TPM Monitor 1,Awbare,REL-AWBA-008,Awbare FDP 08,9.279627,42.793514,"9.279627, 42.793514",55,Yes
SUB-00087,2025-05-15,May 2025,Activity 1 Relief,Food,Beneficiary Contact Monitoring,TPM,TPM Monitor 1,Awbare,REL-AWBA-008,Awbare FDP 08,9.279627,42.793514,"9.279627, 42.793514",11,Yes
SUB-00088,2025-05-23,May 2025,Activity 1 Relief,Food,Beneficiary Contact Monitoring,TPM,TPM Monitor 8,Awbare,REL-AWBA-008,Awbare FDP 08,9.279627,42.793514,"9.279627, 42.793514",40,Yes
SUB-00089,2025-05-21,May 2025,Activity 1 Relief,Food,Beneficiary Contact Monitoring,TPM,TPM Monitor 3,Awbare,REL-AWBA-008,Awbare FDP 08,9.279627,42.793514,"9.279627, 42.793514",11,Yes
SUB-00090,2025-05-07,May 2025,Activity 1 Relief,Food,Food Basket Monitoring,TPM,TPM Monitor 3,Awbare,REL-AWBA-008,Awbare FDP 08,9.279627,42.793514,"9.279627, 42.793514",12,Yes
SUB-00091,2025-05-24,May 2025,Activity 1 Relief,Food,Food Basket Monitoring,TPM,TPM Monitor 2,Awbare,REL-AWBA-008,Awbare FDP 08,9.279627,42.793514,"9.279627, 42.793514",51,Yes
SUB-00092,2025-05-12,May 2025,Activity 1 Relief,Food,Food Basket Monitoring,TPM,TPM Monitor 7,Awbare,REL-AWBA-008,Awbare FDP 08,9.279627,42.793514,"9.279627, 42.793514",15,Yes
SUB-00093,2025-05-23,May 2025,Activity 1 Relief,Food,Food Basket Monitoring,TPM,TPM Monitor 4,Awbare,REL-AWBA-008,Awbare FDP 08,9.279627,42.793514,"9.279627, 42.793514",45,Yes
SUB-00094,2025-05-24,May 2025,Activity 1 Relief,Food,Food Basket Monitoring,TPM,TPM Monitor 1,Awbare,REL-AWBA-008,Awbare FDP 08,9.279627,42.793514,"9.279627, 42.793514",47,Yes
SUB-00095,2025-05-07,May 2025,Activity 1 Relief,Food,Food Basket Monitoring,TPM,TPM Monitor 7,Awbare,REL-AWBA-008,Awbare FDP 08,9.279627,42.793514,"9.279627, 42.793514",50,Yes
SUB-00096,2025-05-21,May 2025,Activity 1 Relief,Food,Warehouse Monitoring,TPM,TPM Monitor 6,Awbare,REL-AWBA-008,Awbare FDP 08,9.279627,42.793514,"9.279627, 42.793514",24,Yes
SUB-00097,2025-05-27,May 2025,Activity 1 Relief,Food,Distribution Observation,TPM,TPM Monitor 6,Awbare,REL-AWBA-008,Awbare FDP 08,9.279627,42.793514,"9.279627, 42.793514",23,Yes
SUB-00098,2025-05-09,May 2025,Activity 1 Relief,Food,Partner Performance Monitoring,TPM,TPM Monitor 5,Awbare,REL-AWBA-008,Awbare FDP 08,9.279627,42.793514,"9.279627, 42.793514",37,Yes
SUB-00099,2025-05-07,May 2025,Activity 1 Relief,Food,Beneficiary Contact Monitoring,TPM,TPM Monitor 1,Awbare,REL-AWBA-009,Awbare FDP 09,9.347569,42.86622,"9.347569, 42.86622",37,Yes
SUB-00100,2025-05-24,May 2025,Activity 1 Relief,Food,Beneficiary Contact Monitoring,TPM,TPM Monitor 2,Awbare,REL-AWBA-009,Awbare FDP 09,9.347569,42.86622,"9.347569, 42.86622",12,Yes
SUB-00101,2025-05-22,May 2025,Activity 1 Relief,Food,Beneficiary Contact Monitoring,TPM,TPM Monitor 4,Awbare,REL-AWBA-009,Awbare FDP 09,9.347569,42.86622,"9.347569, 42.86622",40,Yes
SUB-00102,2025-05-13,May 2025,Activity 1 Relief,Food,Beneficiary Contact Monitoring,TPM,TPM Monitor 3,Awbare,REL-AWBA-009,Awbare FDP 09,9.347569,42.86622,"9.347569, 42.86622",30,Yes
SUB-00103,2025-05-07,May 2025,Activity 1 Relief,Food,Beneficiary Contact Monitoring,TPM,TPM Monitor 4,Awbare,REL-AWBA-009,Awbare FDP 09,9.347569,42.86622,"9.347569, 42.86622",31,Yes
SUB-00104,2025-05-19,May 2025,Activity 1 Relief,Food,Food Basket Monitoring,TPM,TPM Monitor 5,Awbare,REL-AWBA-009,Awbare FDP 09,9.347569,42.86622,"9.347569, 42.86622",47,Yes
SUB-00105,2025-05-25,May 2025,Activity 1 Relief,Food,Food Basket Monitoring,TPM,TPM Monitor 1,Awbare,REL-AWBA-009,Awbare FDP 09,9.347569,42.86622,"9.347569, 42.86622",50,Yes
SUB-00106,2025-05-22,May 2025,Activity 1 Relief,Food,Food Basket Monitoring,TPM,TPM Monitor 5,Awbare,REL-AWBA-009,Awbare FDP 09,9.347569,42.86622,"9.347569, 42.86622",50,Yes
SUB-00107,2025-05-08,May 2025,Activity 1 Relief,Food,Food Basket Monitoring,TPM,TPM Monitor 3,Awbare,REL-AWBA-009,Awbare FDP 09,9.347569,42.86622,"9.347569, 42.86622",24,Yes
SUB-00108,2025-05-08,May 2025,Activity 1 Relief,Food,Warehouse Monitoring,TPM,TPM Monitor 3,Awbare,REL-AWBA-009,Awbare FDP 09,9.347569,42.86622,"9.347569, 42.86622",25,Yes
SUB-00109,2025-05-11,May 2025,Activity 1 Relief,Food,Distribution Observation,TPM,TPM Monitor 6,Awbare,REL-AWBA-009,Awbare FDP 09,9.347569,42.86622,"9.347569, 42.86622",21,Yes
SUB-00110,2025-05-13,May 2025,Activity 1 Relief,Food,Partner Performance Monitoring,TPM,TPM Monitor 8,Awbare,REL-AWBA-009,Awbare FDP 09,9.347569,42.86622,"9.347569, 42.86622",24,Yes
SUB-00111,2025-05-06,May 2025,Activity 1 Relief,Food,Beneficiary Contact Monitoring,TPM,TPM Monitor 2,Awbare,REL-AWBA-010,Awbare FDP 10,9.407811,42.80235,"9.407811, 42.80235",48,Yes
SUB-00112,2025-05-18,May 2025,Activity 1 Relief,Food,Beneficiary Contact Monitoring,TPM,TPM Monitor 5,Awbare,REL-AWBA-010,Awbare FDP 10,9.407811,42.80235,"9.407811, 42.80235",10,Yes
SUB-00113,2025-05-05,May 2025,Activity 1 Relief,Food,Beneficiary Contact Monitoring,TPM,TPM Monitor 6,Awbare,REL-AWBA-010,Awbare FDP 10,9.407811,42.80235,"9.407811, 42.80235",57,Yes
SUB-00114,2025-05-09,May 2025,Activity 1 Relief,Food,Beneficiary Contact Monitoring,TPM,TPM Monitor 5,Awbare,REL-AWBA-010,Awbare FDP 10,9.407811,42.80235,"9.407811, 42.80235",18,Yes
SUB-00115,2025-05-28,May 2025,Activity 1 Relief,Food,Beneficiary Contact Monitoring,TPM,TPM Monitor 8,Awbare,REL-AWBA-010,Awbare FDP 10,9.407811,42.80235,"9.407811, 42.80235",43,Yes
SUB-00116,2025-05-27,May 2025,Activity 1 Relief,Food,Beneficiary Contact Monitoring,TPM,TPM Monitor 7,Awbare,REL-AWBA-010,Awbare FDP 10,9.407811,42.80235,"9.407811, 42.80235",43,Yes
SUB-00117,2025-05-07,May 2025,Activity 1 Relief,Food,Food Basket Monitoring,TPM,TPM Monitor 3,Awbare,REL-AWBA-010,Awbare FDP 10,9.407811,42.80235,"9.407811, 42.80235",42,Yes
SUB-00118,2025-05-06,May 2025,Activity 1 Relief,Food,Food Basket Monitoring,TPM,TPM Monitor 6,Awbare,REL-AWBA-010,Awbare FDP 10,9.407811,42.80235,"9.407811, 42.80235",45,Yes
SUB-00119,2025-05-22,May 2025,Activity 1 Relief,Food,Food Basket Monitoring,TPM,TPM Monitor 3,Awbare,REL-AWBA-010,Awbare FDP 10,9.407811,42.80235,"9.407811, 42.80235",35,Yes
SUB-00120,2025-05-09,May 2025,Activity 1 Relief,Food,Food Basket Monitoring,TPM,TPM Monitor 1,Awbare,REL-AWBA-010,Awbare FDP 10,9.407811,42.80235,"9.407811, 42.80235",27,Yes
SUB-00121,2025-05-06,May 2025,Activity 1 Relief,Food,Warehouse Monitoring,TPM,TPM Monitor 6,Awbare,REL-AWBA-010,Awbare FDP 10,9.407811,42.80235,"9.407811, 42.80235",21,Yes
SUB-00122,2025-05-26,May 2025,Activity 1 Relief,Food,Distribution Observation,TPM,TPM Monitor 2,Awbare,REL-AWBA-010,Awbare FDP 10,9.407811,42.80235,"9.407811, 42.80235",30,Yes
SUB-00123,2025-05-18,May 2025,Activity 1 Relief,Food,Partner Performance Monitoring,TPM,TPM Monitor 3,Awbare,REL-AWBA-010,Awbare FDP 10,9.407811,42.80235,"9.407811, 42.80235",23,Yes
SUB-00124,2025-05-10,May 2025,Activity 1 Relief,Food,Beneficiary Contact Monitoring,TPM,TPM Monitor 7,Awbare,REL-AWBA-011,Awbare FDP 11,9.340724,42.604566,"9.340724, 42.604566",9,Yes
SUB-00125,2025-05-10,May 2025,Activity 1 Relief,Food,Beneficiary Contact Monitoring,TPM,TPM Monitor 6,Awbare,REL-AWBA-011,Awbare FDP 11,9.340724,42.604566,"9.340724, 42.604566",58,Yes
SUB-00126,2025-05-18,May 2025,Activity 1 Relief,Food,Beneficiary Contact Monitoring,TPM,TPM Monitor 4,Awbare,REL-AWBA-011,Awbare FDP 11,9.340724,42.604566,"9.340724, 42.604566",25,Yes
SUB-00127,2025-05-10,May 2025,Activity 1 Relief,Food,Beneficiary Contact Monitoring,TPM,TPM Monitor 2,Awbare,REL-AWBA-011,Awbare FDP 11,9.340724,42.604566,"9.340724, 42.604566",32,Yes
SUB-00128,2025-05-06,May 2025,Activity 1 Relief,Food,Beneficiary Contact Monitoring,TPM,TPM Monitor 8,Awbare,REL-AWBA-011,Awbare FDP 11,9.340724,42.604566,"9.340724, 42.604566",22,Yes
SUB-00129,2025-05-11,May 2025,Activity 1 Relief,Food,Beneficiary Contact Monitoring,TPM,TPM Monitor 8,Awbare,REL-AWBA-011,Awbare FDP 11,9.340724,42.604566,"9.340724, 42.604566",30,Yes
SUB-00130,2025-05-12,May 2025,Activity 1 Relief,Food,Food Basket Monitoring,TPM,TPM Monitor 4,Awbare,REL-AWBA-011,Awbare FDP 11,9.340724,42.604566,"9.340724, 42.604566",9,Yes
SUB-00131,2025-05-26,May 2025,Activity 1 Relief,Food,Food Basket Monitoring,TPM,TPM Monitor 4,Awbare,REL-AWBA-011,Awbare FDP 11,9.340724,42.604566,"9.340724, 42.604566",33,Yes
SUB-00132,2025-05-15,May 2025,Activity 1 Relief,Food,Food Basket Monitoring,TPM,TPM Monitor 5,Awbare,REL-AWBA-011,Awbare FDP 11,9.340724,42.604566,"9.340724, 42.604566",63,Yes
SUB-00133,2025-05-07,May 2025,Activity 1 Relief,Food,Food Basket Monitoring,TPM,TPM Monitor 5,Awbare,REL-AWBA-011,Awbare FDP 11,9.340724,42.604566,"9.340724, 42.604566",30,Yes
SUB-00134,2025-05-25,May 2025,Activity 1 Relief,Food,Food Basket Monitoring,TPM,TPM Monitor 7,Awbare,REL-AWBA-011,Awbare FDP 11,9.340724,42.604566,"9.340724, 42.604566",51,Yes
SUB-00135,2025-05-22,May 2025,Activity 1 Relief,Food,Warehouse Monitoring,TPM,TPM Monitor 6,Awbare,REL-AWBA-011,Awbare FDP 11,9.340724,42.604566,"9.340724, 42.604566",9,Yes
SUB-00136,2025-05-13,May 2025,Activity 1 Relief,Food,Distribution Observation,TPM,TPM Monitor 3,Awbare,REL-AWBA-011,Awbare FDP 11,9.340724,42.604566,"9.340724, 42.604566",45,Yes
SUB-00137,2025-05-13,May 2025,Activity 1 Relief,Food,Partner Performance Monitoring,TPM,TPM Monitor 1,Awbare,REL-AWBA-011,Awbare FDP 11,9.340724,42.604566,"9.340724, 42.604566",14,Yes
SUB-00138,2025-05-16,May 2025,Activity 1 Relief,Food,Beneficiary Contact Monitoring,TPM,TPM Monitor 6,Awbare,REL-AWBA-012,Awbare FDP 12,9.411607,42.853303,"9.411607, 42.853303",35,Yes
SUB-00139,2025-05-24,May 2025,Activity 1 Relief,Food,Beneficiary Contact Monitoring,TPM,TPM Monitor 2,Awbare,REL-AWBA-012,Awbare FDP 12,9.411607,42.853303,"9.411607, 42.853303",32,Yes
SUB-00140,2025-05-23,May 2025,Activity 1 Relief,Food,Beneficiary Contact Monitoring,TPM,TPM Monitor 4,Awbare,REL-AWBA-012,Awbare FDP 12,9.411607,42.853303,"9.411607, 42.853303",24,Yes
SUB-00141,2025-05-06,May 2025,Activity 1 Relief,Food,Beneficiary Contact Monitoring,TPM,TPM Monitor 7,Awbare,REL-AWBA-012,Awbare FDP 12,9.411607,42.853303,"9.411607, 42.853303",8,Yes
SUB-00142,2025-05-21,May 2025,Activity 1 Relief,Food,Beneficiary Contact Monitoring,TPM,TPM Monitor 4,Awbare,REL-AWBA-012,Awbare FDP 12,9.411607,42.853303,"9.411607, 42.853303",31,Yes
SUB-00143,2025-05-26,May 2025,Activity 1 Relief,Food,Food Basket Monitoring,TPM,TPM Monitor 6,Awbare,REL-AWBA-012,Awbare FDP 12,9.411607,42.853303,"9.411607, 42.853303",47,Yes
SUB-00144,2025-05-15,May 2025,Activity 1 Relief,Food,Food Basket Monitoring,TPM,TPM Monitor 2,Awbare,REL-AWBA-012,Awbare FDP 12,9.411607,42.853303,"9.411607, 42.853303",54,Yes
SUB-00145,2025-05-14,May 2025,Activity 1 Relief,Food,Food Basket Monitoring,TPM,TPM Monitor 5,Awbare,REL-AWBA-012,Awbare FDP 12,9.411607,42.853303,"9.411607, 42.853303",50,Yes
SUB-00146,2025-05-18,May 2025,Activity 1 Relief,Food,Food Basket Monitoring,TPM,TPM Monitor 6,Awbare,REL-AWBA-012,Awbare FDP 12,9.411607,42.853303,"9.411607, 42.853303",33,Yes
SUB-00147,2025-05-27,May 2025,Activity 1 Relief,Food,Food Basket Monitoring,TPM,TPM Monitor 5,Awbare,REL-AWBA-012,Awbare FDP 12,9.411607,42.853303,"9.411607, 42.853303",43,Yes
SUB-00148,2025-05-18,May 2025,Activity 1 Relief,Food,Warehouse Monitoring,TPM,TPM Monitor 7,Awbare,REL-AWBA-012,Awbare FDP 12,9.411607,42.853303,"9.411607, 42.853303",51,Yes
SUB-00149,2025-05-10,May 2025,Activity 1 Relief,Food,Distribution Observation,TPM,TPM Monitor 5,Awbare,REL-AWBA-012,Awbare FDP 12,9.411607,42.853303,"9.411607, 42.853303",33,Yes
SUB-00150,2025-05-05,May 2025,Activity 1 Relief,Food,Partner Performance Monitoring,TPM,TPM Monitor 5,Awbare,REL-AWBA-012,Awbare FDP 12,9.411607,42.853303,"9.411607, 42.853303",26,Yes
SUB-00151,2025-05-23,May 2025,Activity 1 Relief,Food,Beneficiary Contact Monitoring,TPM,TPM Monitor 6,Awbare,REL-AWBA-013,Awbare FDP 13,9.336616,42.772848,"9.336616, 42.772848",37,Yes
SUB-00152,2025-05-19,May 2025,Activity 1 Relief,Food,Beneficiary Contact Monitoring,TPM,TPM Monitor 8,Awbare,REL-AWBA-013,Awbare FDP 13,9.336616,42.772848,"9.336616, 42.772848",51,Yes
SUB-00153,2025-05-11,May 2025,Activity 1 Relief,Food,Beneficiary Contact Monitoring,TPM,TPM Monitor 8,Awbare,REL-AWBA-013,Awbare FDP 13,9.336616,42.772848,"9.336616, 42.772848",58,Yes
SUB-00154,2025-05-28,May 2025,Activity 1 Relief,Food,Beneficiary Contact Monitoring,TPM,TPM Monitor 3,Awbare,REL-AWBA-013,Awbare FDP 13,9.336616,42.772848,"9.336616, 42.772848",50,Yes
SUB-00155,2025-05-21,May 2025,Activity 1 Relief,Food,Food Basket Monitoring,TPM,TPM Monitor 6,Awbare,REL-AWBA-013,Awbare FDP 13,9.336616,42.772848,"9.336616, 42.772848",13,Yes
SUB-00156,2025-05-12,May 2025,Activity 1 Relief,Food,Food Basket Monitoring,TPM,TPM Monitor 5,Awbare,REL-AWBA-013,Awbare FDP 13,9.336616,42.772848,"9.336616, 42.772848",22,Yes
SUB-00157,2025-05-11,May 2025,Activity 1 Relief,Food,Food Basket Monitoring,TPM,TPM Monitor 3,Awbare,REL-AWBA-013,Awbare FDP 13,9.336616,42.772848,"9.336616, 42.772848",9,Yes
SUB-00158,2025-05-06,May 2025,Activity 1 Relief,Food,Food Basket Monitoring,TPM,TPM Monitor 4,Awbare,REL-AWBA-013,Awbare FDP 13,9.336616,42.772848,"9.336616, 42.772848",38,Yes
SUB-00159,2025-05-07,May 2025,Activity 1 Relief,Food,Warehouse Monitoring,TPM,TPM Monitor 8,Awbare,REL-AWBA-013,Awbare FDP 13,9.336616,42.772848,"9.336616, 42.772848",34,Yes
SUB-00160,2025-05-23,May 2025,Activity 1 Relief,Food,Distribution Observation,TPM,TPM Monitor 4,Awbare,REL-AWBA-013,Awbare FDP 13,9.336616,42.772848,"9.336616, 42.772848",53,Yes
SUB-00161,2025-05-20,May 2025,Activity 1 Relief,Food,Partner Performance Monitoring,TPM,TPM Monitor 7,Awbare,REL-AWBA-013,Awbare FDP 13,9.336616,42.772848,"9.336616, 42.772848",23,Yes
SUB-00162,2025-05-27,May 2025,Activity 1 Relief,Food,Beneficiary Contact Monitoring,TPM,TPM Monitor 1,Awbare,REL-AWBA-014,Awbare FDP 14,9.344004,42.86559,"9.344004, 42.86559",65,Yes
SUB-00163,2025-05-08,May 2025,Activity 1 Relief,Food,Beneficiary Contact Monitoring,TPM,TPM Monitor 7,Awbare,REL-AWBA-014,Awbare FDP 14,9.344004,42.86559,"9.344004, 42.86559",22,Yes
SUB-00164,2025-05-10,May 2025,Activity 1 Relief,Food,Beneficiary Contact Monitoring,TPM,TPM Monitor 8,Awbare,REL-AWBA-014,Awbare FDP 14,9.344004,42.86559,"9.344004, 42.86559",11,Yes
SUB-00165,2025-05-22,May 2025,Activity 1 Relief,Food,Beneficiary Contact Monitoring,TPM,TPM Monitor 4,Awbare,REL-AWBA-014,Awbare FDP 14,9.344004,42.86559,"9.344004, 42.86559",62,Yes
SUB-00166,2025-05-09,May 2025,Activity 1 Relief,Food,Food Basket Monitoring,TPM,TPM Monitor 8,Awbare,REL-AWBA-014,Awbare FDP 14,9.344004,42.86559,"9.344004, 42.86559",50,Yes
SUB-00167,2025-05-21,May 2025,Activity 1 Relief,Food,Food Basket Monitoring,TPM,TPM Monitor 6,Awbare,REL-AWBA-014,Awbare FDP 14,9.344004,42.86559,"9.344004, 42.86559",56,Yes
SUB-00168,2025-05-19,May 2025,Activity 1 Relief,Food,Food Basket Monitoring,TPM,TPM Monitor 7,Awbare,REL-AWBA-014,Awbare FDP 14,9.344004,42.86559,"9.344004, 42.86559",61,Yes
SUB-00169,2025-05-22,May 2025,Activity 1 Relief,Food,Food Basket Monitoring,TPM,TPM Monitor 8,Awbare,REL-AWBA-014,Awbare FDP 14,9.344004,42.86559,"9.344004, 42.86559",65,Yes
SUB-00170,2025-05-20,May 2025,Activity 1 Relief,Food,Warehouse Monitoring,TPM,TPM Monitor 8,Awbare,REL-AWBA-014,Awbare FDP 14,9.344004,42.86559,"9.344004, 42.86559",24,Yes
SUB-00171,2025-05-25,May 2025,Activity 1 Relief,Food,Distribution Observation,TPM,TPM Monitor 5,Awbare,REL-AWBA-014,Awbare FDP 14,9.344004,42.86559,"9.344004, 42.86559",57,Yes
SUB-00172,2025-05-20,May 2025,Activity 1 Relief,Food,Partner Performance Monitoring,TPM,TPM Monitor 4,Awbare,REL-AWBA-014,Awbare FDP 14,9.344004,42.86559,"9.344004, 42.86559",25,Yes
SUB-00173,2025-05-27,May 2025,Activity 1 Relief,Food,Beneficiary Contact Monitoring,TPM,TPM Monitor 5,Awbare,REL-AWBA-015,Awbare FDP 15,9.357083,42.666318,"9.357083, 42.666318",23,Yes
SUB-00174,2025-05-13,May 2025,Activity 1 Relief,Food,Beneficiary Contact Monitoring,TPM,TPM Monitor 6,Awbare,REL-AWBA-015,Awbare FDP 15,9.357083,42.666318,"9.357083, 42.666318",28,Yes
SUB-00175,2025-05-22,May 2025,Activity 1 Relief,Food,Beneficiary Contact Monitoring,TPM,TPM Monitor 2,Awbare,REL-AWBA-015,Awbare FDP 15,9.357083,42.666318,"9.357083, 42.666318",16,Yes
SUB-00176,2025-05-09,May 2025,Activity 1 Relief,Food,Beneficiary Contact Monitoring,TPM,TPM Monitor 4,Awbare,REL-AWBA-015,Awbare FDP 15,9.357083,42.666318,"9.357083, 42.666318",32,Yes
SUB-00177,2025-05-27,May 2025,Activity 1 Relief,Food,Beneficiary Contact Monitoring,TPM,TPM Monitor 3,Awbare,REL-AWBA-015,Awbare FDP 15,9.357083,42.666318,"9.357083, 42.666318",53,Yes
SUB-00178,2025-05-18,May 2025,Activity 1 Relief,Food,Food Basket Monitoring,TPM,TPM Monitor 7,Awbare,REL-AWBA-015,Awbare FDP 15,9.357083,42.666318,"9.357083, 42.666318",29,Yes
SUB-00179,2025-05-22,May 2025,Activity 1 Relief,Food,Food Basket Monitoring,TPM,TPM Monitor 8,Awbare,REL-AWBA-015,Awbare FDP 15,9.357083,42.666318,"9.357083, 42.666318",34,Yes
SUB-00180,2025-05-06,May 2025,Activity 1 Relief,Food,Food Basket Monitoring,TPM,TPM Monitor 4,Awbare,REL-AWBA-015,Awbare FDP 15,9.357083,42.666318,"9.357083, 42.666318",61,Yes
SUB-00181,2025-05-18,May 2025,Activity 1 Relief,Food,Food Basket Monitoring,TPM,TPM Monitor 7,Awbare,REL-AWBA-015,Awbare FDP 15,9.357083,42.666318,"9.357083, 42.666318",65,Yes
SUB-00182,2025-05-27,May 2025,Activity 1 Relief,Food,Warehouse Monitoring,TPM,TPM Monitor 1,Awbare,REL-AWBA-015,Awbare FDP 15,9.357083,42.666318,"9.357083, 42.666318",62,Yes
SUB-00183,2025-05-23,May 2025,Activity 1 Relief,Food,Distribution Observation,TPM,TPM Monitor 7,Awbare,REL-AWBA-015,Awbare FDP 15,9.357083,42.666318,"9.357083, 42.666318",38,Yes
SUB-00184,2025-05-17,May 2025,Activity 1 Relief,Food,Beneficiary Contact Monitoring,TPM,TPM Monitor 7,Awbare,REL-AWBA-016,Awbare FDP 16,9.301298,42.719248,"9.301298, 42.719248",42,Yes
SUB-00185,2025-05-28,May 2025,Activity 1 Relief,Food,Beneficiary Contact Monitoring,TPM,TPM Monitor 4,Awbare,REL-AWBA-016,Awbare FDP 16,9.301298,42.719248,"9.301298, 42.719248",39,Yes
SUB-00186,2025-05-12,May 2025,Activity 1 Relief,Food,Beneficiary Contact Monitoring,TPM,TPM Monitor 5,Awbare,REL-AWBA-016,Awbare FDP 16,9.301298,42.719248,"9.301298, 42.719248",35,Yes
SUB-00187,2025-05-20,May 2025,Activity 1 Relief,Food,Beneficiary Contact Monitoring,TPM,TPM Monitor 1,Awbare,REL-AWBA-016,Awbare FDP 16,9.301298,42.719248,"9.301298, 42.719248",32,Yes
SUB-00188,2025-05-15,May 2025,Activity 1 Relief,Food,Beneficiary Contact Monitoring,TPM,TPM Monitor 7,Awbare,REL-AWBA-016,Awbare FDP 16,9.301298,42.719248,"9.301298, 42.719248",54,Yes
SUB-00189,2025-05-19,May 2025,Activity 1 Relief,Food,Food Basket Monitoring,TPM,TPM Monitor 3,Awbare,REL-AWBA-016,Awbare FDP 16,9.301298,42.719248,"9.301298, 42.719248",47,Yes
SUB-00190,2025-05-22,May 2025,Activity 1 Relief,Food,Food Basket Monitoring,TPM,TPM Monitor 1,Awbare,REL-AWBA-016,Awbare FDP 16,9.301298,42.719248,"9.301298, 42.719248",33,Yes
SUB-00191,2025-05-23,May 2025,Activity 1 Relief,Food,Food Basket Monitoring,TPM,TPM Monitor 1,Awbare,REL-AWBA-016,Awbare FDP 16,9.301298,42.719248,"9.301298, 42.719248",13,Yes
SUB-00192,2025-05-25,May 2025,Activity 1 Relief,Food,Food Basket Monitoring,TPM,TPM Monitor 7,Awbare,REL-AWBA-016,Awbare FDP 16,9.301298,42.719248,"9.301298, 42.719248",16,Yes
SUB-00193,2025-05-10,May 2025,Activity 1 Relief,Food,Warehouse Monitoring,TPM,TPM Monitor 1,Awbare,REL-AWBA-016,Awbare FDP 16,9.301298,42.719248,"9.301298, 42.719248",24,Yes
SUB-00194,2025-05-11,May 2025,Activity 1 Relief,Food,Distribution Observation,TPM,TPM Monitor 8,Awbare,REL-AWBA-016,Awbare FDP 16,9.301298,42.719248,"9.301298, 42.719248",28,Yes
SUB-00195,2025-05-17,May 2025,Activity 1 Relief,Food,Partner Performance Monitoring,TPM,TPM Monitor 5,Awbare,REL-AWBA-016,Awbare FDP 16,9.301298,42.719248,"9.301298, 42.719248",56,Yes
SUB-00196,2025-05-18,May 2025,Activity 1 Relief,Food,Beneficiary Contact Monitoring,TPM,TPM Monitor 5,Awbare,REL-AWBA-017,Awbare FDP 17,9.401308,42.893291,"9.401308, 42.893291",61,Yes
SUB-00197,2025-05-07,May 2025,Activity 1 Relief,Food,Beneficiary Contact Monitoring,TPM,TPM Monitor 8,Awbare,REL-AWBA-017,Awbare FDP 17,9.401308,42.893291,"9.401308, 42.893291",9,Yes
SUB-00198,2025-05-28,May 2025,Activity 1 Relief,Food,Beneficiary Contact Monitoring,TPM,TPM Monitor 1,Awbare,REL-AWBA-017,Awbare FDP 17,9.401308,42.893291,"9.401308, 42.893291",30,Yes
SUB-00199,2025-05-12,May 2025,Activity 1 Relief,Food,Beneficiary Contact Monitoring,TPM,TPM Monitor 2,Awbare,REL-AWBA-017,Awbare FDP 17,9.401308,42.893291,"9.401308, 42.893291",57,Yes
SUB-00200,2025-05-25,May 2025,Activity 1 Relief,Food,Beneficiary Contact Monitoring,TPM,TPM Monitor 1,Awbare,REL-AWBA-017,Awbare FDP 17,9.401308,42.893291,"9.401308, 42.893291",56,Yes
SUB-00201,2025-05-05,May 2025,Activity 1 Relief,Food,Beneficiary Contact Monitoring,TPM,TPM Monitor 4,Awbare,REL-AWBA-017,Awbare FDP 17,9.401308,42.893291,"9.401308, 42.893291",20,Yes
SUB-00202,2025-05-24,May 2025,Activity 1 Relief,Food,Food Basket Monitoring,TPM,TPM Monitor 3,Awbare,REL-AWBA-017,Awbare FDP 17,9.401308,42.893291,"9.401308, 42.893291",23,Yes
SUB-00203,2025-05-09,May 2025,Activity 1 Relief,Food,Food Basket Monitoring,TPM,TPM Monitor 8,Awbare,REL-AWBA-017,Awbare FDP 17,9.401308,42.893291,"9.401308, 42.893291",50,Yes
SUB-00204,2025-05-08,May 2025,Activity 1 Relief,Food,Food Basket Monitoring,TPM,TPM Monitor 4,Awbare,REL-AWBA-017,Awbare FDP 17,9.401308,42.893291,"9.401308, 42.893291",37,Yes
SUB-00205,2025-05-27,May 2025,Activity 1 Relief,Food,Food Basket Monitoring,TPM,TPM Monitor 5,Awbare,REL-AWBA-017,Awbare FDP 17,9.401308,42.893291,"9.401308, 42.893291",57,Yes
SUB-00206,2025-05-16,May 2025,Activity 1 Relief,Food,Food Basket Monitoring,TPM,TPM Monitor 3,Awbare,REL-AWBA-017,Awbare FDP 17,9.401308,42.893291,"9.401308, 42.893291",46,Yes
SUB-00207,2025-05-24,May 2025,Activity 1 Relief,Food,Food Basket Monitoring,TPM,TPM Monitor 2,Awbare,REL-AWBA-017,Awbare FDP 17,9.401308,42.893291,"9.401308, 42.893291",57,Yes
SUB-00208,2025-05-14,May 2025,Activity 1 Relief,Food,Warehouse Monitoring,TPM,TPM Monitor 2,Awbare,REL-AWBA-017,Awbare FDP 17,9.401308,42.893291,"9.401308, 42.893291",45,Yes
SUB-00209,2025-05-14,May 2025,Activity 1 Relief,Food,Distribution Observation,TPM,TPM Monitor 7,Awbare,REL-AWBA-017,Awbare FDP 17,9.401308,42.893291,"9.401308, 42.893291",33,Yes
SUB-00210,2025-05-11,May 2025,Activity 1 Relief,Food,Partner Performance Monitoring,TPM,TPM Monitor 2,Awbare,REL-AWBA-017,Awbare FDP 17,9.401308,42.893291,"9.401308, 42.893291",45,Yes
SUB-00211,2025-05-25,May 2025,Activity 1 Relief,Food,Beneficiary Contact Monitoring,TPM,TPM Monitor 4,Awbare,REL-AWBA-018,Awbare FDP 18,9.298578,42.691286,"9.298578, 42.691286",14,Yes
SUB-00212,2025-05-27,May 2025,Activity 1 Relief,Food,Beneficiary Contact Monitoring,TPM,TPM Monitor 5,Awbare,REL-AWBA-018,Awbare FDP 18,9.298578,42.691286,"9.298578, 42.691286",62,Yes
SUB-00213,2025-05-26,May 2025,Activity 1 Relief,Food,Beneficiary Contact Monitoring,TPM,TPM Monitor 2,Awbare,REL-AWBA-018,Awbare FDP 18,9.298578,42.691286,"9.298578, 42.691286",58,Yes
SUB-00214,2025-05-23,May 2025,Activity 1 Relief,Food,Beneficiary Contact Monitoring,TPM,TPM Monitor 1,Awbare,REL-AWBA-018,Awbare FDP 18,9.298578,42.691286,"9.298578, 42.691286",30,Yes
SUB-00215,2025-05-22,May 2025,Activity 1 Relief,Food,Beneficiary Contact Monitoring,TPM,TPM Monitor 7,Awbare,REL-AWBA-018,Awbare FDP 18,9.298578,42.691286,"9.298578, 42.691286",50,Yes
SUB-00216,2025-05-16,May 2025,Activity 1 Relief,Food,Beneficiary Contact Monitoring,TPM,TPM Monitor 2,Awbare,REL-AWBA-018,Awbare FDP 18,9.298578,42.691286,"9.298578, 42.691286",40,Yes
SUB-00217,2025-05-05,May 2025,Activity 1 Relief,Food,Food Basket Monitoring,TPM,TPM Monitor 7,Awbare,REL-AWBA-018,Awbare FDP 18,9.298578,42.691286,"9.298578, 42.691286",60,Yes
SUB-00218,2025-05-20,May 2025,Activity 1 Relief,Food,Food Basket Monitoring,TPM,TPM Monitor 2,Awbare,REL-AWBA-018,Awbare FDP 18,9.298578,42.691286,"9.298578, 42.691286",35,Yes
SUB-00219,2025-05-16,May 2025,Activity 1 Relief,Food,Food Basket Monitoring,TPM,TPM Monitor 8,Awbare,REL-AWBA-018,Awbare FDP 18,9.298578,42.691286,"9.298578, 42.691286",53,Yes
SUB-00220,2025-05-09,May 2025,Activity 1 Relief,Food,Food Basket Monitoring,TPM,TPM Monitor 7,Awbare,REL-AWBA-018,Awbare FDP 18,9.298578,42.691286,"9.298578, 42.691286",19,Yes
SUB-00221,2025-05-28,May 2025,Activity 1 Relief,Food,Food Basket Monitoring,TPM,TPM Monitor 5,Awbare,REL-AWBA-018,Awbare FDP 18,9.298578,42.691286,"9.298578, 42.691286",47,Yes
SUB-00222,2025-05-22,May 2025,Activity 1 Relief,Food,Food Basket Monitoring,TPM,TPM Monitor 8,Awbare,REL-AWBA-018,Awbare FDP 18,9.298578,42.691286,"9.298578, 42.691286",37,Yes
SUB-00223,2025-05-28,May 2025,Activity 1 Relief,Food,Warehouse Monitoring,TPM,TPM Monitor 5,Awbare,REL-AWBA-018,Awbare FDP 18,9.298578,42.691286,"9.298578, 42.691286",28,Yes
SUB-00224,2025-05-07,May 2025,Activity 1 Relief,Food,Distribution Observation,TPM,TPM Monitor 5,Awbare,REL-AWBA-018,Awbare FDP 18,9.298578,42.691286,"9.298578, 42.691286",64,Yes
SUB-00225,2025-05-19,May 2025,Activity 1 Relief,Food,Partner Performance Monitoring,TPM,TPM Monitor 7,Awbare,REL-AWBA-018,Awbare FDP 18,9.298578,42.691286,"9.298578, 42.691286",29,Yes
SUB-00226,2025-05-15,May 2025,Activity 1 Relief,Food,Beneficiary Contact Monitoring,TPM,TPM Monitor 3,Awbare,REL-AWBA-019,Awbare FDP 19,9.378989,42.694689,"9.378989, 42.694689",39,Yes
SUB-00227,2025-05-11,May 2025,Activity 1 Relief,Food,Beneficiary Contact Monitoring,TPM,TPM Monitor 6,Awbare,REL-AWBA-019,Awbare FDP 19,9.378989,42.694689,"9.378989, 42.694689",59,Yes
SUB-00228,2025-05-13,May 2025,Activity 1 Relief,Food,Beneficiary Contact Monitoring,TPM,TPM Monitor 6,Awbare,REL-AWBA-019,Awbare FDP 19,9.378989,42.694689,"9.378989, 42.694689",25,Yes
SUB-00229,2025-05-24,May 2025,Activity 1 Relief,Food,Beneficiary Contact Monitoring,TPM,TPM Monitor 5,Awbare,REL-AWBA-019,Awbare FDP 19,9.378989,42.694689,"9.378989, 42.694689",43,Yes
SUB-00230,2025-05-11,May 2025,Activity 1 Relief,Food,Food Basket Monitoring,TPM,TPM Monitor 2,Awbare,REL-AWBA-019,Awbare FDP 19,9.378989,42.694689,"9.378989, 42.694689",23,Yes
SUB-00231,2025-05-28,May 2025,Activity 1 Relief,Food,Food Basket Monitoring,TPM,TPM Monitor 7,Awbare,REL-AWBA-019,Awbare FDP 19,9.378989,42.694689,"9.378989, 42.694689",39,Yes
SUB-00232,2025-05-22,May 2025,Activity 1 Relief,Food,Food Basket Monitoring,TPM,TPM Monitor 4,Awbare,REL-AWBA-019,Awbare FDP 19,9.378989,42.694689,"9.378989, 42.694689",52,Yes
SUB-00233,2025-05-20,May 2025,Activity 1 Relief,Food,Food Basket Monitoring,TPM,TPM Monitor 8,Awbare,REL-AWBA-019,Awbare FDP 19,9.378989,42.694689,"9.378989, 42.694689",36,Yes
SUB-00234,2025-05-07,May 2025,Activity 1 Relief,Food,Warehouse Monitoring,TPM,TPM Monitor 5,Awbare,REL-AWBA-019,Awbare FDP 19,9.378989,42.694689,"9.378989, 42.694689",22,Yes
SUB-00235,2025-05-12,May 2025,Activity 1 Relief,Food,Distribution Observation,TPM,TPM Monitor 5,Awbare,REL-AWBA-019,Awbare FDP 19,9.378989,42.694689,"9.378989, 42.694689",50,Yes
SUB-00236,2025-05-20,May 2025,Activity 1 Relief,Food,Partner Performance Monitoring,TPM,TPM Monitor 6,Awbare,REL-AWBA-019,Awbare FDP 19,9.378989,42.694689,"9.378989, 42.694689",35,Yes
SUB-00237,2025-05-22,May 2025,Activity 1 Relief,Food,Beneficiary Contact Monitoring,TPM,TPM Monitor 6,Awbare,REL-AWBA-020,Awbare FDP 20,9.368129,42.717491,"9.368129, 42.717491",30,Yes
SUB-00238,2025-05-27,May 2025,Activity 1 Relief,Food,Beneficiary Contact Monitoring,TPM,TPM Monitor 8,Awbare,REL-AWBA-020,Awbare FDP 20,9.368129,42.717491,"9.368129, 42.717491",25,Yes
SUB-00239,2025-05-14,May 2025,Activity 1 Relief,Food,Beneficiary Contact Monitoring,TPM,TPM Monitor 5,Awbare,REL-AWBA-020,Awbare FDP 20,9.368129,42.717491,"9.368129, 42.717491",22,Yes
SUB-00240,2025-05-08,May 2025,Activity 1 Relief,Food,Beneficiary Contact Monitoring,TPM,TPM Monitor 4,Awbare,REL-AWBA-020,Awbare FDP 20,9.368129,42.717491,"9.368129, 42.717491",28,Yes
SUB-00241,2025-05-08,May 2025,Activity 1 Relief,Food,Beneficiary Contact Monitoring,TPM,TPM Monitor 3,Awbare,REL-AWBA-020,Awbare FDP 20,9.368129,42.717491,"9.368129, 42.717491",20,Yes
SUB-00242,2025-05-11,May 2025,Activity 1 Relief,Food,Beneficiary Contact Monitoring,TPM,TPM Monitor 8,Awbare,REL-AWBA-020,Awbare FDP 20,9.368129,42.717491,"9.368129, 42.717491",25,Yes
SUB-00243,2025-05-21,May 2025,Activity 1 Relief,Food,Food Basket Monitoring,TPM,TPM Monitor 5,Awbare,REL-AWBA-020,Awbare FDP 20,9.368129,42.717491,"9.368129, 42.717491",14,Yes
SUB-00244,2025-05-11,May 2025,Activity 1 Relief,Food,Food Basket Monitoring,TPM,TPM Monitor 5,Awbare,REL-AWBA-020,Awbare FDP 20,9.368129,42.717491,"9.368129, 42.717491",22,Yes
SUB-00245,2025-05-16,May 2025,Activity 1 Relief,Food,Food Basket Monitoring,TPM,TPM Monitor 3,Awbare,REL-AWBA-020,Awbare FDP 20,9.368129,42.717491,"9.368129, 42.717491",27,Yes
SUB-00246,2025-05-05,May 2025,Activity 1 Relief,Food,Food Basket Monitoring,TPM,TPM Monitor 3,Awbare,REL-AWBA-020,Awbare FDP 20,9.368129,42.717491,"9.368129, 42.717491",25,Yes
SUB-00247,2025-05-06,May 2025,Activity 1 Relief,Food,Food Basket Monitoring,TPM,TPM Monitor 1,Awbare,REL-AWBA-020,Awbare FDP 20,9.368129,42.717491,"9.368129, 42.717491",43,Yes
SUB-00248,2025-05-14,May 2025,Activity 1 Relief,Food,Food Basket Monitoring,TPM,TPM Monitor 3,Awbare,REL-AWBA-020,Awbare FDP 20,9.368129,42.717491,"9.368129, 42.717491",48,Yes
SUB-00249,2025-05-20,May 2025,Activity 1 Relief,Food,Warehouse Monitoring,TPM,TPM Monitor 2,Awbare,REL-AWBA-020,Awbare FDP 20,9.368129,42.717491,"9.368129, 42.717491",63,Yes
SUB-00250,2025-05-14,May 2025,Activity 1 Relief,Food,Distribution Observation,TPM,TPM Monitor 8,Awbare,REL-AWBA-020,Awbare FDP 20,9.368129,42.717491,"9.368129, 42.717491",38,Yes
SUB-00251,2025-05-10,May 2025,Activity 1 Relief,Food,Partner Performance Monitoring,TPM,TPM Monitor 1,Awbare,REL-AWBA-020,Awbare FDP 20,9.368129,42.717491,"9.368129, 42.717491",24,Yes
SUB-00252,2025-05-20,May 2025,Activity 1 Relief,Food,Beneficiary Contact Monitoring,TPM,TPM Monitor 2,Awbare,REL-AWBA-021,Awbare FDP 21,9.331383,42.797653,"9.331383, 42.797653",60,Yes
SUB-00253,2025-05-07,May 2025,Activity 1 Relief,Food,Beneficiary Contact Monitoring,TPM,TPM Monitor 7,Awbare,REL-AWBA-021,Awbare FDP 21,9.331383,42.797653,"9.331383, 42.797653",39,Yes
SUB-00254,2025-05-07,May 2025,Activity 1 Relief,Food,Beneficiary Contact Monitoring,TPM,TPM Monitor 1,Awbare,REL-AWBA-021,Awbare FDP 21,9.331383,42.797653,"9.331383, 42.797653",17,Yes
SUB-00255,2025-05-09,May 2025,Activity 1 Relief,Food,Beneficiary Contact Monitoring,TPM,TPM Monitor 5,Awbare,REL-AWBA-021,Awbare FDP 21,9.331383,42.797653,"9.331383, 42.797653",13,Yes
SUB-00256,2025-05-12,May 2025,Activity 1 Relief,Food,Beneficiary Contact Monitoring,TPM,TPM Monitor 2,Awbare,REL-AWBA-021,Awbare FDP 21,9.331383,42.797653,"9.331383, 42.797653",43,Yes
SUB-00257,2025-05-18,May 2025,Activity 1 Relief,Food,Beneficiary Contact Monitoring,TPM,TPM Monitor 4,Awbare,REL-AWBA-021,Awbare FDP 21,9.331383,42.797653,"9.331383, 42.797653",57,Yes
SUB-00258,2025-05-19,May 2025,Activity 1 Relief,Food,Food Basket Monitoring,TPM,TPM Monitor 8,Awbare,REL-AWBA-021,Awbare FDP 21,9.331383,42.797653,"9.331383, 42.797653",27,Yes
SUB-00259,2025-05-23,May 2025,Activity 1 Relief,Food,Food Basket Monitoring,TPM,TPM Monitor 7,Awbare,REL-AWBA-021,Awbare FDP 21,9.331383,42.797653,"9.331383, 42.797653",27,Yes
SUB-00260,2025-05-23,May 2025,Activity 1 Relief,Food,Food Basket Monitoring,TPM,TPM Monitor 1,Awbare,REL-AWBA-021,Awbare FDP 21,9.331383,42.797653,"9.331383, 42.797653",47,Yes
SUB-00261,2025-05-28,May 2025,Activity 1 Relief,Food,Food Basket Monitoring,TPM,TPM Monitor 2,Awbare,REL-AWBA-021,Awbare FDP 21,9.331383,42.797653,"9.331383, 42.797653",56,Yes
SUB-00262,2025-05-11,May 2025,Activity 1 Relief,Food,Food Basket Monitoring,TPM,TPM Monitor 4,Awbare,REL-AWBA-021,Awbare FDP 21,9.331383,42.797653,"9.331383, 42.797653",24,Yes
SUB-00263,2025-05-10,May 2025,Activity 1 Relief,Food,Warehouse Monitoring,TPM,TPM Monitor 4,Awbare,REL-AWBA-021,Awbare FDP 21,9.331383,42.797653,"9.331383, 42.797653",19,Yes
SUB-00264,2025-05-10,May 2025,Activity 1 Relief,Food,Distribution Observation,TPM,TPM Monitor 1,Awbare,REL-AWBA-021,Awbare FDP 21,9.331383,42.797653,"9.331383, 42.797653",34,Yes
SUB-00265,2025-05-24,May 2025,Activity 1 Relief,Food,Partner Performance Monitoring,TPM,TPM Monitor 8,Awbare,REL-AWBA-021,Awbare FDP 21,9.331383,42.797653,"9.331383, 42.797653",26,Yes
SUB-00266,2025-05-14,May 2025,Activity 1 Relief,Food,Beneficiary Contact Monitoring,TPM,TPM Monitor 5,Awbare,REL-AWBA-022,Awbare FDP 22,9.316873,42.86496,"9.316873, 42.86496",52,Yes
SUB-00267,2025-05-19,May 2025,Activity 1 Relief,Food,Beneficiary Contact Monitoring,TPM,TPM Monitor 2,Awbare,REL-AWBA-022,Awbare FDP 22,9.316873,42.86496,"9.316873, 42.86496",51,Yes
SUB-00268,2025-05-12,May 2025,Activity 1 Relief,Food,Beneficiary Contact Monitoring,TPM,TPM Monitor 5,Awbare,REL-AWBA-022,Awbare FDP 22,9.316873,42.86496,"9.316873, 42.86496",58,Yes
SUB-00269,2025-05-25,May 2025,Activity 1 Relief,Food,Beneficiary Contact Monitoring,TPM,TPM Monitor 4,Awbare,REL-AWBA-022,Awbare FDP 22,9.316873,42.86496,"9.316873, 42.86496",35,Yes
SUB-00270,2025-05-12,May 2025,Activity 1 Relief,Food,Food Basket Monitoring,TPM,TPM Monitor 3,Awbare,REL-AWBA-022,Awbare FDP 22,9.316873,42.86496,"9.316873, 42.86496",25,Yes
SUB-00271,2025-05-09,May 2025,Activity 1 Relief,Food,Food Basket Monitoring,TPM,TPM Monitor 2,Awbare,REL-AWBA-022,Awbare FDP 22,9.316873,42.86496,"9.316873, 42.86496",11,Yes
SUB-00272,2025-05-10,May 2025,Activity 1 Relief,Food,Food Basket Monitoring,TPM,TPM Monitor 5,Awbare,REL-AWBA-022,Awbare FDP 22,9.316873,42.86496,"9.316873, 42.86496",46,Yes
SUB-00273,2025-05-28,May 2025,Activity 1 Relief,Food,Food Basket Monitoring,TPM,TPM Monitor 5,Awbare,REL-AWBA-022,Awbare FDP 22,9.316873,42.86496,"9.316873, 42.86496",36,Yes
SUB-00274,2025-05-27,May 2025,Activity 1 Relief,Food,Warehouse Monitoring,TPM,TPM Monitor 5,Awbare,REL-AWBA-022,Awbare FDP 22,9.316873,42.86496,"9.316873, 42.86496",52,Yes
SUB-00275,2025-05-13,May 2025,Activity 1 Relief,Food,Distribution Observation,TPM,TPM Monitor 8,Awbare,REL-AWBA-022,Awbare FDP 22,9.316873,42.86496,"9.316873, 42.86496",36,Yes
SUB-00276,2025-05-18,May 2025,Activity 1 Relief,Food,Beneficiary Contact Monitoring,TPM,TPM Monitor 6,Awbare,REL-AWBA-023,Awbare FDP 23,9.385587,42.812627,"9.385587, 42.812627",46,Yes
SUB-00277,2025-05-13,May 2025,Activity 1 Relief,Food,Beneficiary Contact Monitoring,TPM,TPM Monitor 1,Awbare,REL-AWBA-023,Awbare FDP 23,9.385587,42.812627,"9.385587, 42.812627",13,Yes
SUB-00278,2025-05-12,May 2025,Activity 1 Relief,Food,Beneficiary Contact Monitoring,TPM,TPM Monitor 1,Awbare,REL-AWBA-023,Awbare FDP 23,9.385587,42.812627,"9.385587, 42.812627",56,Yes
SUB-00279,2025-05-26,May 2025,Activity 1 Relief,Food,Beneficiary Contact Monitoring,TPM,TPM Monitor 5,Awbare,REL-AWBA-023,Awbare FDP 23,9.385587,42.812627,"9.385587, 42.812627",44,Yes
SUB-00280,2025-05-10,May 2025,Activity 1 Relief,Food,Food Basket Monitoring,TPM,TPM Monitor 8,Awbare,REL-AWBA-023,Awbare FDP 23,9.385587,42.812627,"9.385587, 42.812627",41,Yes
SUB-00281,2025-05-25,May 2025,Activity 1 Relief,Food,Food Basket Monitoring,TPM,TPM Monitor 8,Awbare,REL-AWBA-023,Awbare FDP 23,9.385587,42.812627,"9.385587, 42.812627",25,Yes
SUB-00282,2025-05-10,May 2025,Activity 1 Relief,Food,Food Basket Monitoring,TPM,TPM Monitor 7,Awbare,REL-AWBA-023,Awbare FDP 23,9.385587,42.812627,"9.385587, 42.812627",48,Yes
SUB-00283,2025-05-20,May 2025,Activity 1 Relief,Food,Food Basket Monitoring,TPM,TPM Monitor 2,Awbare,REL-AWBA-023,Awbare FDP 23,9.385587,42.812627,"9.385587, 42.812627",38,Yes
SUB-00284,2025-05-15,May 2025,Activity 1 Relief,Food,Warehouse Monitoring,TPM,TPM Monitor 6,Awbare,REL-AWBA-023,Awbare FDP 23,9.385587,42.812627,"9.385587, 42.812627",50,Yes
SUB-00285,2025-05-10,May 2025,Activity 1 Relief,Food,Distribution Observation,TPM,TPM Monitor 6,Awbare,REL-AWBA-023,Awbare FDP 23,9.385587,42.812627,"9.385587, 42.812627",34,Yes
SUB-00286,2025-05-14,May 2025,Activity 1 Relief,Food,Partner Performance Monitoring,TPM,TPM Monitor 7,Awbare,REL-AWBA-023,Awbare FDP 23,9.385587,42.812627,"9.385587, 42.812627",60,Yes
SUB-00287,2025-05-06,May 2025,Activity 1 Relief,Food,Beneficiary Contact Monitoring,TPM,TPM Monitor 8,Awbare,REL-AWBA-024,Awbare FDP 24,9.374091,42.854678,"9.374091, 42.854678",13,Yes
SUB-00288,2025-05-15,May 2025,Activity 1 Relief,Food,Beneficiary Contact Monitoring,TPM,TPM Monitor 5,Awbare,REL-AWBA-024,Awbare FDP 24,9.374091,42.854678,"9.374091, 42.854678",28,Yes
SUB-00289,2025-05-08,May 2025,Activity 1 Relief,Food,Beneficiary Contact Monitoring,TPM,TPM Monitor 7,Awbare,REL-AWBA-024,Awbare FDP 24,9.374091,42.854678,"9.374091, 42.854678",63,Yes
SUB-00290,2025-05-21,May 2025,Activity 1 Relief,Food,Beneficiary Contact Monitoring,TPM,TPM Monitor 1,Awbare,REL-AWBA-024,Awbare FDP 24,9.374091,42.854678,"9.374091, 42.854678",50,Yes
SUB-00291,2025-05-22,May 2025,Activity 1 Relief,Food,Beneficiary Contact Monitoring,TPM,TPM Monitor 8,Awbare,REL-AWBA-024,Awbare FDP 24,9.374091,42.854678,"9.374091, 42.854678",34,Yes
SUB-00292,2025-05-06,May 2025,Activity 1 Relief,Food,Beneficiary Contact Monitoring,TPM,TPM Monitor 4,Awbare,REL-AWBA-024,Awbare FDP 24,9.374091,42.854678,"9.374091, 42.854678",41,Yes
SUB-00293,2025-05-20,May 2025,Activity 1 Relief,Food,Food Basket Monitoring,TPM,TPM Monitor 8,Awbare,REL-AWBA-024,Awbare FDP 24,9.374091,42.854678,"9.374091, 42.854678",56,Yes
SUB-00294,2025-05-06,May 2025,Activity 1 Relief,Food,Food Basket Monitoring,TPM,TPM Monitor 4,Awbare,REL-AWBA-024,Awbare FDP 24,9.374091,42.854678,"9.374091, 42.854678",25,Yes
SUB-00295,2025-05-22,May 2025,Activity 1 Relief,Food,Food Basket Monitoring,TPM,TPM Monitor 3,Awbare,REL-AWBA-024,Awbare FDP 24,9.374091,42.854678,"9.374091, 42.854678",26,Yes
SUB-00296,2025-05-19,May 2025,Activity 1 Relief,Food,Food Basket Monitoring,TPM,TPM Monitor 8,Awbare,REL-AWBA-024,Awbare FDP 24,9.374091,42.854678,"9.374091, 42.854678",15,Yes
SUB-00297,2025-05-05,May 2025,Activity 1 Relief,Food,Food Basket Monitoring,TPM,TPM Monitor 4,Awbare,REL-AWBA-024,Awbare FDP 24,9.374091,42.854678,"9.374091, 42.854678",53,Yes
SUB-00298,2025-05-22,May 2025,Activity 1 Relief,Food,Warehouse Monitoring,TPM,TPM Monitor 1,Awbare,REL-AWBA-024,Awbare FDP 24,9.374091,42.854678,"9.374091, 42.854678",43,Yes
SUB-00299,2025-05-12,May 2025,Activity 1 Relief,Food,Distribution Observation,TPM,TPM Monitor 2,Awbare,REL-AWBA-024,Awbare FDP 24,9.374091,42.854678,"9.374091, 42.854678",37,Yes
SUB-00300,2025-05-25,May 2025,Activity 1 Relief,Food,Partner Performance Monitoring,TPM,TPM Monitor 3,Awbare,REL-AWBA-024,Awbare FDP 24,9.374091,42.854678,"9.374091, 42.854678",39,Yes
SUB-00301,2025-05-14,May 2025,Activity 1 Relief,Food,Beneficiary Contact Monitoring,WFP,WFP Monitor 5,Awbare,REL-AWBA-025,Awbare FDP 25,9.416248,42.854349,"9.416248, 42.854349",34,Yes
SUB-00302,2025-05-20,May 2025,Activity 1 Relief,Food,Beneficiary Contact Monitoring,WFP,WFP Monitor 8,Awbare,REL-AWBA-025,Awbare FDP 25,9.416248,42.854349,"9.416248, 42.854349",23,Yes
SUB-00303,2025-05-19,May 2025,Activity 1 Relief,Food,Beneficiary Contact Monitoring,WFP,WFP Monitor 3,Awbare,REL-AWBA-025,Awbare FDP 25,9.416248,42.854349,"9.416248, 42.854349",32,Yes
SUB-00304,2025-05-11,May 2025,Activity 1 Relief,Food,Beneficiary Contact Monitoring,WFP,WFP Monitor 3,Awbare,REL-AWBA-025,Awbare FDP 25,9.416248,42.854349,"9.416248, 42.854349",63,Yes
SUB-00305,2025-05-07,May 2025,Activity 1 Relief,Food,Beneficiary Contact Monitoring,WFP,WFP Monitor 5,Awbare,REL-AWBA-025,Awbare FDP 25,9.416248,42.854349,"9.416248, 42.854349",57,Yes
SUB-00306,2025-05-18,May 2025,Activity 1 Relief,Food,Beneficiary Contact Monitoring,WFP,WFP Monitor 6,Awbare,REL-AWBA-025,Awbare FDP 25,9.416248,42.854349,"9.416248, 42.854349",58,Yes
SUB-00307,2025-05-05,May 2025,Activity 1 Relief,Food,Food Basket Monitoring,WFP,WFP Monitor 5,Awbare,REL-AWBA-025,Awbare FDP 25,9.416248,42.854349,"9.416248, 42.854349",54,Yes
SUB-00308,2025-05-14,May 2025,Activity 1 Relief,Food,Food Basket Monitoring,WFP,WFP Monitor 8,Awbare,REL-AWBA-025,Awbare FDP 25,9.416248,42.854349,"9.416248, 42.854349",63,Yes
SUB-00309,2025-05-09,May 2025,Activity 1 Relief,Food,Food Basket Monitoring,WFP,WFP Monitor 8,Awbare,REL-AWBA-025,Awbare FDP 25,9.416248,42.854349,"9.416248, 42.854349",42,Yes
SUB-00310,2025-05-20,May 2025,Activity 1 Relief,Food,Food Basket Monitoring,WFP,WFP Monitor 6,Awbare,REL-AWBA-025,Awbare FDP 25,9.416248,42.854349,"9.416248, 42.854349",29,Yes
SUB-00311,2025-05-22,May 2025,Activity 1 Relief,Food,Food Basket Monitoring,WFP,WFP Monitor 7,Awbare,REL-AWBA-025,Awbare FDP 25,9.416248,42.854349,"9.416248, 42.854349",37,Yes
SUB-00312,2025-05-11,May 2025,Activity 1 Relief,Food,Warehouse Monitoring,WFP,WFP Monitor 4,Awbare,REL-AWBA-025,Awbare FDP 25,9.416248,42.854349,"9.416248, 42.854349",44,Yes
SUB-00313,2025-05-18,May 2025,Activity 1 Relief,Food,Distribution Observation,WFP,WFP Monitor 1,Awbare,REL-AWBA-025,Awbare FDP 25,9.416248,42.854349,"9.416248, 42.854349",28,Yes
SUB-00314,2025-05-27,May 2025,Activity 1 Relief,Food,Partner Performance Monitoring,WFP,WFP Monitor 7,Awbare,REL-AWBA-025,Awbare FDP 25,9.416248,42.854349,"9.416248, 42.854349",32,Yes
SUB-00315,2025-05-25,May 2025,Activity 1 Relief,Food,Beneficiary Contact Monitoring,TPM,TPM Monitor 3,Awbare,REL-AWBA-026,Awbare FDP 26,9.377139,42.63126,"9.377139, 42.63126",39,Yes
SUB-00316,2025-05-06,May 2025,Activity 1 Relief,Food,Beneficiary Contact Monitoring,TPM,TPM Monitor 3,Awbare,REL-AWBA-026,Awbare FDP 26,9.377139,42.63126,"9.377139, 42.63126",40,Yes
SUB-00317,2025-05-23,May 2025,Activity 1 Relief,Food,Beneficiary Contact Monitoring,TPM,TPM Monitor 6,Awbare,REL-AWBA-026,Awbare FDP 26,9.377139,42.63126,"9.377139, 42.63126",63,Yes
SUB-00318,2025-05-08,May 2025,Activity 1 Relief,Food,Beneficiary Contact Monitoring,TPM,TPM Monitor 8,Awbare,REL-AWBA-026,Awbare FDP 26,9.377139,42.63126,"9.377139, 42.63126",14,Yes
SUB-00319,2025-05-21,May 2025,Activity 1 Relief,Food,Beneficiary Contact Monitoring,TPM,TPM Monitor 8,Awbare,REL-AWBA-026,Awbare FDP 26,9.377139,42.63126,"9.377139, 42.63126",8,Yes
SUB-00320,2025-05-28,May 2025,Activity 1 Relief,Food,Beneficiary Contact Monitoring,TPM,TPM Monitor 3,Awbare,REL-AWBA-026,Awbare FDP 26,9.377139,42.63126,"9.377139, 42.63126",34,Yes
SUB-00321,2025-05-09,May 2025,Activity 1 Relief,Food,Food Basket Monitoring,TPM,TPM Monitor 2,Awbare,REL-AWBA-026,Awbare FDP 26,9.377139,42.63126,"9.377139, 42.63126",38,Yes
SUB-00322,2025-05-13,May 2025,Activity 1 Relief,Food,Food Basket Monitoring,TPM,TPM Monitor 6,Awbare,REL-AWBA-026,Awbare FDP 26,9.377139,42.63126,"9.377139, 42.63126",47,Yes
SUB-00323,2025-05-27,May 2025,Activity 1 Relief,Food,Food Basket Monitoring,TPM,TPM Monitor 7,Awbare,REL-AWBA-026,Awbare FDP 26,9.377139,42.63126,"9.377139, 42.63126",49,Yes
SUB-00324,2025-05-07,May 2025,Activity 1 Relief,Food,Food Basket Monitoring,TPM,TPM Monitor 6,Awbare,REL-AWBA-026,Awbare FDP 26,9.377139,42.63126,"9.377139, 42.63126",62,Yes
SUB-00325,2025-05-26,May 2025,Activity 1 Relief,Food,Food Basket Monitoring,TPM,TPM Monitor 7,Awbare,REL-AWBA-026,Awbare FDP 26,9.377139,42.63126,"9.377139, 42.63126",28,Yes
SUB-00326,2025-05-25,May 2025,Activity 1 Relief,Food,Food Basket Monitoring,TPM,TPM Monitor 8,Awbare,REL-AWBA-026,Awbare FDP 26,9.377139,42.63126,"9.377139, 42.63126",63,Yes
SUB-00327,2025-05-24,May 2025,Activity 1 Relief,Food,Warehouse Monitoring,TPM,TPM Monitor 2,Awbare,REL-AWBA-026,Awbare FDP 26,9.377139,42.63126,"9.377139, 42.63126",23,Yes
SUB-00328,2025-05-14,May 2025,Activity 1 Relief,Food,Distribution Observation,TPM,TPM Monitor 4,Awbare,REL-AWBA-026,Awbare FDP 26,9.377139,42.63126,"9.377139, 42.63126",55,Yes
SUB-00329,2025-05-25,May 2025,Activity 1 Relief,Food,Beneficiary Contact Monitoring,WFP,WFP Monitor 2,Awbare,REL-AWBA-027,Awbare FDP 27,9.319465,42.780083,"9.319465, 42.780083",36,Yes
SUB-00330,2025-05-10,May 2025,Activity 1 Relief,Food,Beneficiary Contact Monitoring,WFP,WFP Monitor 5,Awbare,REL-AWBA-027,Awbare FDP 27,9.319465,42.780083,"9.319465, 42.780083",65,Yes
SUB-00331,2025-05-05,May 2025,Activity 1 Relief,Food,Beneficiary Contact Monitoring,WFP,WFP Monitor 1,Awbare,REL-AWBA-027,Awbare FDP 27,9.319465,42.780083,"9.319465, 42.780083",28,Yes
SUB-00332,2025-05-06,May 2025,Activity 1 Relief,Food,Beneficiary Contact Monitoring,WFP,WFP Monitor 5,Awbare,REL-AWBA-027,Awbare FDP 27,9.319465,42.780083,"9.319465, 42.780083",30,Yes
SUB-00333,2025-05-16,May 2025,Activity 1 Relief,Food,Beneficiary Contact Monitoring,WFP,WFP Monitor 7,Awbare,REL-AWBA-027,Awbare FDP 27,9.319465,42.780083,"9.319465, 42.780083",17,Yes
SUB-00334,2025-05-12,May 2025,Activity 1 Relief,Food,Beneficiary Contact Monitoring,WFP,WFP Monitor 7,Awbare,REL-AWBA-027,Awbare FDP 27,9.319465,42.780083,"9.319465, 42.780083",44,Yes
SUB-00335,2025-05-10,May 2025,Activity 1 Relief,Food,Food Basket Monitoring,WFP,WFP Monitor 3,Awbare,REL-AWBA-027,Awbare FDP 27,9.319465,42.780083,"9.319465, 42.780083",19,Yes
SUB-00336,2025-05-07,May 2025,Activity 1 Relief,Food,Food Basket Monitoring,WFP,WFP Monitor 7,Awbare,REL-AWBA-027,Awbare FDP 27,9.319465,42.780083,"9.319465, 42.780083",47,Yes
SUB-00337,2025-05-26,May 2025,Activity 1 Relief,Food,Food Basket Monitoring,WFP,WFP Monitor 4,Awbare,REL-AWBA-027,Awbare FDP 27,9.319465,42.780083,"9.319465, 42.780083",39,Yes
SUB-00338,2025-05-23,May 2025,Activity 1 Relief,Food,Food Basket Monitoring,WFP,WFP Monitor 3,Awbare,REL-AWBA-027,Awbare FDP 27,9.319465,42.780083,"9.319465, 42.780083",22,Yes
SUB-00339,2025-05-19,May 2025,Activity 1 Relief,Food,Food Basket Monitoring,WFP,WFP Monitor 5,Awbare,REL-AWBA-027,Awbare FDP 27,9.319465,42.780083,"9.319465, 42.780083",37,Yes
SUB-00340,2025-05-05,May 2025,Activity 1 Relief,Food,Warehouse Monitoring,WFP,WFP Monitor 8,Awbare,REL-AWBA-027,Awbare FDP 27,9.319465,42.780083,"9.319465, 42.780083",65,Yes
SUB-00341,2025-05-22,May 2025,Activity 1 Relief,Food,Distribution Observation,WFP,WFP Monitor 3,Awbare,REL-AWBA-027,Awbare FDP 27,9.319465,42.780083,"9.319465, 42.780083",12,Yes
SUB-00342,2025-05-16,May 2025,Activity 1 Relief,Food,Partner Performance Monitoring,WFP,WFP Monitor 5,Awbare,REL-AWBA-027,Awbare FDP 27,9.319465,42.780083,"9.319465, 42.780083",48,Yes
SUB-00343,2025-05-27,May 2025,Activity 1 Relief,Food,Beneficiary Contact Monitoring,WFP,WFP Monitor 5,Awbare,REL-AWBA-028,Awbare FDP 28,9.39714,42.861463,"9.39714, 42.861463",37,Yes
SUB-00344,2025-05-14,May 2025,Activity 1 Relief,Food,Beneficiary Contact Monitoring,WFP,WFP Monitor 4,Awbare,REL-AWBA-028,Awbare FDP 28,9.39714,42.861463,"9.39714, 42.861463",32,Yes
SUB-00345,2025-05-20,May 2025,Activity 1 Relief,Food,Beneficiary Contact Monitoring,WFP,WFP Monitor 2,Awbare,REL-AWBA-028,Awbare FDP 28,9.39714,42.861463,"9.39714, 42.861463",23,Yes
SUB-00346,2025-05-17,May 2025,Activity 1 Relief,Food,Beneficiary Contact Monitoring,WFP,WFP Monitor 6,Awbare,REL-AWBA-028,Awbare FDP 28,9.39714,42.861463,"9.39714, 42.861463",44,Yes
SUB-00347,2025-05-14,May 2025,Activity 1 Relief,Food,Beneficiary Contact Monitoring,WFP,WFP Monitor 5,Awbare,REL-AWBA-028,Awbare FDP 28,9.39714,42.861463,"9.39714, 42.861463",9,Yes
SUB-00348,2025-05-26,May 2025,Activity 1 Relief,Food,Beneficiary Contact Monitoring,WFP,WFP Monitor 7,Awbare,REL-AWBA-028,Awbare FDP 28,9.39714,42.861463,"9.39714, 42.861463",25,Yes
SUB-00349,2025-05-26,May 2025,Activity 1 Relief,Food,Food Basket Monitoring,WFP,WFP Monitor 1,Awbare,REL-AWBA-028,Awbare FDP 28,9.39714,42.861463,"9.39714, 42.861463",46,Yes
SUB-00350,2025-05-28,May 2025,Activity 1 Relief,Food,Food Basket Monitoring,WFP,WFP Monitor 8,Awbare,REL-AWBA-028,Awbare FDP 28,9.39714,42.861463,"9.39714, 42.861463",61,Yes
SUB-00351,2025-05-14,May 2025,Activity 1 Relief,Food,Food Basket Monitoring,WFP,WFP Monitor 4,Awbare,REL-AWBA-028,Awbare FDP 28,9.39714,42.861463,"9.39714, 42.861463",46,Yes
SUB-00352,2025-05-12,May 2025,Activity 1 Relief,Food,Warehouse Monitoring,WFP,WFP Monitor 4,Awbare,REL-AWBA-028,Awbare FDP 28,9.39714,42.861463,"9.39714, 42.861463",47,Yes
SUB-00353,2025-05-28,May 2025,Activity 1 Relief,Food,Distribution Observation,WFP,WFP Monitor 3,Awbare,REL-AWBA-028,Awbare FDP 28,9.39714,42.861463,"9.39714, 42.861463",48,Yes
SUB-00354,2025-05-06,May 2025,Activity 1 Relief,Food,Beneficiary Contact Monitoring,TPM,TPM Monitor 5,Awbare,REL-AWBA-029,Awbare FDP 29,9.337919,42.862687,"9.337919, 42.862687",58,Yes
SUB-00355,2025-05-19,May 2025,Activity 1 Relief,Food,Beneficiary Contact Monitoring,TPM,TPM Monitor 1,Awbare,REL-AWBA-029,Awbare FDP 29,9.337919,42.862687,"9.337919, 42.862687",45,Yes
SUB-00356,2025-05-16,May 2025,Activity 1 Relief,Food,Beneficiary Contact Monitoring,TPM,TPM Monitor 3,Awbare,REL-AWBA-029,Awbare FDP 29,9.337919,42.862687,"9.337919, 42.862687",13,Yes
SUB-00357,2025-05-14,May 2025,Activity 1 Relief,Food,Beneficiary Contact Monitoring,TPM,TPM Monitor 6,Awbare,REL-AWBA-029,Awbare FDP 29,9.337919,42.862687,"9.337919, 42.862687",55,Yes
SUB-00358,2025-05-18,May 2025,Activity 1 Relief,Food,Beneficiary Contact Monitoring,TPM,TPM Monitor 3,Awbare,REL-AWBA-029,Awbare FDP 29,9.337919,42.862687,"9.337919, 42.862687",20,Yes
SUB-00359,2025-05-22,May 2025,Activity 1 Relief,Food,Food Basket Monitoring,TPM,TPM Monitor 6,Awbare,REL-AWBA-029,Awbare FDP 29,9.337919,42.862687,"9.337919, 42.862687",41,Yes
SUB-00360,2025-05-21,May 2025,Activity 1 Relief,Food,Food Basket Monitoring,TPM,TPM Monitor 5,Awbare,REL-AWBA-029,Awbare FDP 29,9.337919,42.862687,"9.337919, 42.862687",61,Yes
SUB-00361,2025-05-10,May 2025,Activity 1 Relief,Food,Food Basket Monitoring,TPM,TPM Monitor 5,Awbare,REL-AWBA-029,Awbare FDP 29,9.337919,42.862687,"9.337919, 42.862687",60,Yes
SUB-00362,2025-05-20,May 2025,Activity 1 Relief,Food,Food Basket Monitoring,TPM,TPM Monitor 5,Awbare,REL-AWBA-029,Awbare FDP 29,9.337919,42.862687,"9.337919, 42.862687",55,Yes
SUB-00363,2025-05-08,May 2025,Activity 1 Relief,Food,Warehouse Monitoring,TPM,TPM Monitor 8,Awbare,REL-AWBA-029,Awbare FDP 29,9.337919,42.862687,"9.337919, 42.862687",12,Yes
SUB-00364,2025-05-12,May 2025,Activity 1 Relief,Food,Distribution Observation,TPM,TPM Monitor 7,Awbare,REL-AWBA-029,Awbare FDP 29,9.337919,42.862687,"9.337919, 42.862687",62,Yes
SUB-00365,2025-05-16,May 2025,Activity 1 Relief,Food,Partner Performance Monitoring,TPM,TPM Monitor 2,Awbare,REL-AWBA-029,Awbare FDP 29,9.337919,42.862687,"9.337919, 42.862687",58,Yes
SUB-00366,2025-05-13,May 2025,Activity 1 Relief,Food,Beneficiary Contact Monitoring,TPM,TPM Monitor 2,Awbare,REL-AWBA-030,Awbare FDP 30,9.268469,42.732911,"9.268469, 42.732911",37,Yes
SUB-00367,2025-05-16,May 2025,Activity 1 Relief,Food,Beneficiary Contact Monitoring,TPM,TPM Monitor 5,Awbare,REL-AWBA-030,Awbare FDP 30,9.268469,42.732911,"9.268469, 42.732911",45,Yes
SUB-00368,2025-05-17,May 2025,Activity 1 Relief,Food,Beneficiary Contact Monitoring,TPM,TPM Monitor 6,Awbare,REL-AWBA-030,Awbare FDP 30,9.268469,42.732911,"9.268469, 42.732911",14,Yes
SUB-00369,2025-05-26,May 2025,Activity 1 Relief,Food,Beneficiary Contact Monitoring,TPM,TPM Monitor 4,Awbare,REL-AWBA-030,Awbare FDP 30,9.268469,42.732911,"9.268469, 42.732911",38,Yes
SUB-00370,2025-05-05,May 2025,Activity 1 Relief,Food,Beneficiary Contact Monitoring,TPM,TPM Monitor 6,Awbare,REL-AWBA-030,Awbare FDP 30,9.268469,42.732911,"9.268469, 42.732911",47,Yes
SUB-00371,2025-05-07,May 2025,Activity 1 Relief,Food,Food Basket Monitoring,TPM,TPM Monitor 8,Awbare,REL-AWBA-030,Awbare FDP 30,9.268469,42.732911,"9.268469, 42.732911",52,Yes
SUB-00372,2025-05-14,May 2025,Activity 1 Relief,Food,Food Basket Monitoring,TPM,TPM Monitor 7,Awbare,REL-AWBA-030,Awbare FDP 30,9.268469,42.732911,"9.268469, 42.732911",15,Yes
SUB-00373,2025-05-09,May 2025,Activity 1 Relief,Food,Food Basket Monitoring,TPM,TPM Monitor 1,Awbare,REL-AWBA-030,Awbare FDP 30,9.268469,42.732911,"9.268469, 42.732911",10,Yes
SUB-00374,2025-05-14,May 2025,Activity 1 Relief,Food,Food Basket Monitoring,TPM,TPM Monitor 8,Awbare,REL-AWBA-030,Awbare FDP 30,9.268469,42.732911,"9.268469, 42.732911",15,Yes
SUB-00375,2025-05-22,May 2025,Activity 1 Relief,Food,Warehouse Monitoring,TPM,TPM Monitor 3,Awbare,REL-AWBA-030,Awbare FDP 30,9.268469,42.732911,"9.268469, 42.732911",32,Yes
SUB-00376,2025-05-26,May 2025,Activity 1 Relief,Food,Distribution Observation,TPM,TPM Monitor 7,Awbare,REL-AWBA-030,Awbare FDP 30,9.268469,42.732911,"9.268469, 42.732911",45,Yes
SUB-00377,2025-05-09,May 2025,Activity 1 Relief,Food,Partner Performance Monitoring,TPM,TPM Monitor 7,Awbare,REL-AWBA-030,Awbare FDP 30,9.268469,42.732911,"9.268469, 42.732911",49,Yes
SUB-00378,2025-05-20,May 2025,Activity 1 Relief,Food,Beneficiary Contact Monitoring,TPM,TPM Monitor 7,Awbare,REL-AWBA-031,Awbare FDP 31,9.304422,42.786273,"9.304422, 42.786273",25,Yes
SUB-00379,2025-05-06,May 2025,Activity 1 Relief,Food,Beneficiary Contact Monitoring,TPM,TPM Monitor 6,Awbare,REL-AWBA-031,Awbare FDP 31,9.304422,42.786273,"9.304422, 42.786273",21,Yes
SUB-00380,2025-05-19,May 2025,Activity 1 Relief,Food,Beneficiary Contact Monitoring,TPM,TPM Monitor 8,Awbare,REL-AWBA-031,Awbare FDP 31,9.304422,42.786273,"9.304422, 42.786273",23,Yes
SUB-00381,2025-05-16,May 2025,Activity 1 Relief,Food,Beneficiary Contact Monitoring,TPM,TPM Monitor 2,Awbare,REL-AWBA-031,Awbare FDP 31,9.304422,42.786273,"9.304422, 42.786273",51,Yes
SUB-00382,2025-05-25,May 2025,Activity 1 Relief,Food,Food Basket Monitoring,TPM,TPM Monitor 6,Awbare,REL-AWBA-031,Awbare FDP 31,9.304422,42.786273,"9.304422, 42.786273",11,Yes
SUB-00383,2025-05-17,May 2025,Activity 1 Relief,Food,Food Basket Monitoring,TPM,TPM Monitor 5,Awbare,REL-AWBA-031,Awbare FDP 31,9.304422,42.786273,"9.304422, 42.786273",20,Yes
SUB-00384,2025-05-08,May 2025,Activity 1 Relief,Food,Food Basket Monitoring,TPM,TPM Monitor 8,Awbare,REL-AWBA-031,Awbare FDP 31,9.304422,42.786273,"9.304422, 42.786273",13,Yes
SUB-00385,2025-05-26,May 2025,Activity 1 Relief,Food,Food Basket Monitoring,TPM,TPM Monitor 4,Awbare,REL-AWBA-031,Awbare FDP 31,9.304422,42.786273,"9.304422, 42.786273",49,Yes
SUB-00386,2025-05-25,May 2025,Activity 1 Relief,Food,Food Basket Monitoring,TPM,TPM Monitor 1,Awbare,REL-AWBA-031,Awbare FDP 31,9.304422,42.786273,"9.304422, 42.786273",11,Yes
SUB-00387,2025-05-12,May 2025,Activity 1 Relief,Food,Warehouse Monitoring,TPM,TPM Monitor 3,Awbare,REL-AWBA-031,Awbare FDP 31,9.304422,42.786273,"9.304422, 42.786273",58,Yes
SUB-00388,2025-05-07,May 2025,Activity 1 Relief,Food,Distribution Observation,TPM,TPM Monitor 4,Awbare,REL-AWBA-031,Awbare FDP 31,9.304422,42.786273,"9.304422, 42.786273",45,Yes
SUB-00389,2025-05-12,May 2025,Activity 1 Relief,Food,Partner Performance Monitoring,TPM,TPM Monitor 6,Awbare,REL-AWBA-031,Awbare FDP 31,9.304422,42.786273,"9.304422, 42.786273",57,Yes
SUB-00390,2025-05-24,May 2025,Activity 1 Relief,Food,Beneficiary Contact Monitoring,TPM,TPM Monitor 1,Awbare,REL-AWBA-032,Awbare FDP 32,9.379025,42.788571,"9.379025, 42.788571",25,Yes
SUB-00391,2025-05-09,May 2025,Activity 1 Relief,Food,Beneficiary Contact Monitoring,TPM,TPM Monitor 3,Awbare,REL-AWBA-032,Awbare FDP 32,9.379025,42.788571,"9.379025, 42.788571",42,Yes
SUB-00392,2025-05-13,May 2025,Activity 1 Relief,Food,Beneficiary Contact Monitoring,TPM,TPM Monitor 3,Awbare,REL-AWBA-032,Awbare FDP 32,9.379025,42.788571,"9.379025, 42.788571",15,Yes
SUB-00393,2025-05-26,May 2025,Activity 1 Relief,Food,Beneficiary Contact Monitoring,TPM,TPM Monitor 1,Awbare,REL-AWBA-032,Awbare FDP 32,9.379025,42.788571,"9.379025, 42.788571",16,Yes
SUB-00394,2025-05-12,May 2025,Activity 1 Relief,Food,Food Basket Monitoring,TPM,TPM Monitor 6,Awbare,REL-AWBA-032,Awbare FDP 32,9.379025,42.788571,"9.379025, 42.788571",9,Yes
SUB-00395,2025-05-10,May 2025,Activity 1 Relief,Food,Food Basket Monitoring,TPM,TPM Monitor 5,Awbare,REL-AWBA-032,Awbare FDP 32,9.379025,42.788571,"9.379025, 42.788571",11,Yes
SUB-00396,2025-05-09,May 2025,Activity 1 Relief,Food,Food Basket Monitoring,TPM,TPM Monitor 7,Awbare,REL-AWBA-032,Awbare FDP 32,9.379025,42.788571,"9.379025, 42.788571",41,Yes
SUB-00397,2025-05-08,May 2025,Activity 1 Relief,Food,Food Basket Monitoring,TPM,TPM Monitor 2,Awbare,REL-AWBA-032,Awbare FDP 32,9.379025,42.788571,"9.379025, 42.788571",38,Yes
SUB-00398,2025-05-16,May 2025,Activity 1 Relief,Food,Warehouse Monitoring,TPM,TPM Monitor 2,Awbare,REL-AWBA-032,Awbare FDP 32,9.379025,42.788571,"9.379025, 42.788571",36,Yes
SUB-00399,2025-05-24,May 2025,Activity 1 Relief,Food,Distribution Observation,TPM,TPM Monitor 1,Awbare,REL-AWBA-032,Awbare FDP 32,9.379025,42.788571,"9.379025, 42.788571",54,Yes
SUB-00400,2025-05-26,May 2025,Activity 1 Relief,Food,Partner Performance Monitoring,TPM,TPM Monitor 5,Awbare,REL-AWBA-032,Awbare FDP 32,9.379025,42.788571,"9.379025, 42.788571",37,Yes
SUB-00401,2025-05-05,May 2025,Activity 1 Relief,Food,Beneficiary Contact Monitoring,TPM,TPM Monitor 1,Awbare,REL-AWBA-033,Awbare FDP 33,9.421579,42.725286,"9.421579, 42.725286",38,Yes
SUB-00402,2025-05-17,May 2025,Activity 1 Relief,Food,Beneficiary Contact Monitoring,TPM,TPM Monitor 7,Awbare,REL-AWBA-033,Awbare FDP 33,9.421579,42.725286,"9.421579, 42.725286",51,Yes
SUB-00403,2025-05-08,May 2025,Activity 1 Relief,Food,Beneficiary Contact Monitoring,TPM,TPM Monitor 8,Awbare,REL-AWBA-033,Awbare FDP 33,9.421579,42.725286,"9.421579, 42.725286",53,Yes
SUB-00404,2025-05-19,May 2025,Activity 1 Relief,Food,Beneficiary Contact Monitoring,TPM,TPM Monitor 2,Awbare,REL-AWBA-033,Awbare FDP 33,9.421579,42.725286,"9.421579, 42.725286",65,Yes
SUB-00405,2025-05-07,May 2025,Activity 1 Relief,Food,Beneficiary Contact Monitoring,TPM,TPM Monitor 6,Awbare,REL-AWBA-033,Awbare FDP 33,9.421579,42.725286,"9.421579, 42.725286",46,Yes
SUB-00406,2025-05-09,May 2025,Activity 1 Relief,Food,Beneficiary Contact Monitoring,TPM,TPM Monitor 2,Awbare,REL-AWBA-033,Awbare FDP 33,9.421579,42.725286,"9.421579, 42.725286",16,Yes
SUB-00407,2025-05-25,May 2025,Activity 1 Relief,Food,Food Basket Monitoring,TPM,TPM Monitor 6,Awbare,REL-AWBA-033,Awbare FDP 33,9.421579,42.725286,"9.421579, 42.725286",32,Yes
SUB-00408,2025-05-24,May 2025,Activity 1 Relief,Food,Food Basket Monitoring,TPM,TPM Monitor 5,Awbare,REL-AWBA-033,Awbare FDP 33,9.421579,42.725286,"9.421579, 42.725286",37,Yes
SUB-00409,2025-05-21,May 2025,Activity 1 Relief,Food,Food Basket Monitoring,TPM,TPM Monitor 7,Awbare,REL-AWBA-033,Awbare FDP 33,9.421579,42.725286,"9.421579, 42.725286",14,Yes
SUB-00410,2025-05-27,May 2025,Activity 1 Relief,Food,Food Basket Monitoring,TPM,TPM Monitor 2,Awbare,REL-AWBA-033,Awbare FDP 33,9.421579,42.725286,"9.421579, 42.725286",62,Yes
SUB-00411,2025-05-22,May 2025,Activity 1 Relief,Food,Warehouse Monitoring,TPM,TPM Monitor 4,Awbare,REL-AWBA-033,Awbare FDP 33,9.421579,42.725286,"9.421579, 42.725286",35,Yes
SUB-00412,2025-05-12,May 2025,Activity 1 Relief,Food,Distribution Observation,TPM,TPM Monitor 7,Awbare,REL-AWBA-033,Awbare FDP 33,9.421579,42.725286,"9.421579, 42.725286",29,Yes
SUB-00413,2025-05-17,May 2025,Activity 1 Relief,Food,Partner Performance Monitoring,TPM,TPM Monitor 7,Awbare,REL-AWBA-033,Awbare FDP 33,9.421579,42.725286,"9.421579, 42.725286",54,Yes
SUB-00414,2025-05-18,May 2025,Activity 1 Relief,Food,Beneficiary Contact Monitoring,TPM,TPM Monitor 6,Awbare,REL-AWBA-034,Awbare FDP 34,9.465207,42.799769,"9.465207, 42.799769",50,Yes
SUB-00415,2025-05-13,May 2025,Activity 1 Relief,Food,Beneficiary Contact Monitoring,TPM,TPM Monitor 6,Awbare,REL-AWBA-034,Awbare FDP 34,9.465207,42.799769,"9.465207, 42.799769",17,Yes
SUB-00416,2025-05-26,May 2025,Activity 1 Relief,Food,Beneficiary Contact Monitoring,TPM,TPM Monitor 8,Awbare,REL-AWBA-034,Awbare FDP 34,9.465207,42.799769,"9.465207, 42.799769",12,Yes
SUB-00417,2025-05-07,May 2025,Activity 1 Relief,Food,Beneficiary Contact Monitoring,TPM,TPM Monitor 2,Awbare,REL-AWBA-034,Awbare FDP 34,9.465207,42.799769,"9.465207, 42.799769",13,Yes
SUB-00418,2025-05-28,May 2025,Activity 1 Relief,Food,Food Basket Monitoring,TPM,TPM Monitor 6,Awbare,REL-AWBA-034,Awbare FDP 34,9.465207,42.799769,"9.465207, 42.799769",59,Yes
SUB-00419,2025-05-09,May 2025,Activity 1 Relief,Food,Food Basket Monitoring,TPM,TPM Monitor 1,Awbare,REL-AWBA-034,Awbare FDP 34,9.465207,42.799769,"9.465207, 42.799769",45,Yes
SUB-00420,2025-05-22,May 2025,Activity 1 Relief,Food,Food Basket Monitoring,TPM,TPM Monitor 6,Awbare,REL-AWBA-034,Awbare FDP 34,9.465207,42.799769,"9.465207, 42.799769",50,Yes
SUB-00421,2025-05-08,May 2025,Activity 1 Relief,Food,Food Basket Monitoring,TPM,TPM Monitor 7,Awbare,REL-AWBA-034,Awbare FDP 34,9.465207,42.799769,"9.465207, 42.799769",30,Yes
SUB-00422,2025-05-26,May 2025,Activity 1 Relief,Food,Food Basket Monitoring,TPM,TPM Monitor 7,Awbare,REL-AWBA-034,Awbare FDP 34,9.465207,42.799769,"9.465207, 42.799769",63,Yes
SUB-00423,2025-05-06,May 2025,Activity 1 Relief,Food,Warehouse Monitoring,TPM,TPM Monitor 5,Awbare,REL-AWBA-034,Awbare FDP 34,9.465207,42.799769,"9.465207, 42.799769",46,Yes
SUB-00424,2025-05-08,May 2025,Activity 1 Relief,Food,Distribution Observation,TPM,TPM Monitor 4,Awbare,REL-AWBA-034,Awbare FDP 34,9.465207,42.799769,"9.465207, 42.799769",17,Yes
SUB-00425,2025-05-12,May 2025,Activity 1 Relief,Food,Partner Performance Monitoring,TPM,TPM Monitor 2,Awbare,REL-AWBA-034,Awbare FDP 34,9.465207,42.799769,"9.465207, 42.799769",30,Yes
SUB-00426,2025-05-16,May 2025,Activity 1 Relief,Food,Beneficiary Contact Monitoring,WFP,WFP Monitor 2,Awbare,REL-AWBA-035,Awbare FDP 35,9.388005,42.698285,"9.388005, 42.698285",56,Yes
SUB-00427,2025-05-13,May 2025,Activity 1 Relief,Food,Beneficiary Contact Monitoring,WFP,WFP Monitor 4,Awbare,REL-AWBA-035,Awbare FDP 35,9.388005,42.698285,"9.388005, 42.698285",59,Yes
SUB-00428,2025-05-18,May 2025,Activity 1 Relief,Food,Beneficiary Contact Monitoring,WFP,WFP Monitor 1,Awbare,REL-AWBA-035,Awbare FDP 35,9.388005,42.698285,"9.388005, 42.698285",46,Yes
SUB-00429,2025-05-26,May 2025,Activity 1 Relief,Food,Beneficiary Contact Monitoring,WFP,WFP Monitor 5,Awbare,REL-AWBA-035,Awbare FDP 35,9.388005,42.698285,"9.388005, 42.698285",9,Yes
SUB-00430,2025-05-10,May 2025,Activity 1 Relief,Food,Beneficiary Contact Monitoring,WFP,WFP Monitor 5,Awbare,REL-AWBA-035,Awbare FDP 35,9.388005,42.698285,"9.388005, 42.698285",52,Yes
SUB-00431,2025-05-14,May 2025,Activity 1 Relief,Food,Beneficiary Contact Monitoring,WFP,WFP Monitor 6,Awbare,REL-AWBA-035,Awbare FDP 35,9.388005,42.698285,"9.388005, 42.698285",30,Yes
SUB-00432,2025-05-09,May 2025,Activity 1 Relief,Food,Food Basket Monitoring,WFP,WFP Monitor 7,Awbare,REL-AWBA-035,Awbare FDP 35,9.388005,42.698285,"9.388005, 42.698285",12,Yes
SUB-00433,2025-05-09,May 2025,Activity 1 Relief,Food,Food Basket Monitoring,WFP,WFP Monitor 1,Awbare,REL-AWBA-035,Awbare FDP 35,9.388005,42.698285,"9.388005, 42.698285",13,Yes
SUB-00434,2025-05-28,May 2025,Activity 1 Relief,Food,Food Basket Monitoring,WFP,WFP Monitor 4,Awbare,REL-AWBA-035,Awbare FDP 35,9.388005,42.698285,"9.388005, 42.698285",32,Yes
SUB-00435,2025-05-15,May 2025,Activity 1 Relief,Food,Warehouse Monitoring,WFP,WFP Monitor 3,Awbare,REL-AWBA-035,Awbare FDP 35,9.388005,42.698285,"9.388005, 42.698285",31,Yes
SUB-00436,2025-05-15,May 2025,Activity 1 Relief,Food,Distribution Observation,WFP,WFP Monitor 2,Awbare,REL-AWBA-035,Awbare FDP 35,9.388005,42.698285,"9.388005, 42.698285",64,Yes
SUB-00437,2025-05-24,May 2025,Activity 1 Relief,Food,Beneficiary Contact Monitoring,TPM,TPM Monitor 1,Awbare,REL-AWBA-036,Awbare FDP 36,9.355433,42.767442,"9.355433, 42.767442",51,Yes
SUB-00438,2025-05-07,May 2025,Activity 1 Relief,Food,Beneficiary Contact Monitoring,TPM,TPM Monitor 5,Awbare,REL-AWBA-036,Awbare FDP 36,9.355433,42.767442,"9.355433, 42.767442",36,Yes
SUB-00439,2025-05-26,May 2025,Activity 1 Relief,Food,Beneficiary Contact Monitoring,TPM,TPM Monitor 7,Awbare,REL-AWBA-036,Awbare FDP 36,9.355433,42.767442,"9.355433, 42.767442",39,Yes
SUB-00440,2025-05-24,May 2025,Activity 1 Relief,Food,Beneficiary Contact Monitoring,TPM,TPM Monitor 8,Awbare,REL-AWBA-036,Awbare FDP 36,9.355433,42.767442,"9.355433, 42.767442",34,Yes
SUB-00441,2025-05-21,May 2025,Activity 1 Relief,Food,Food Basket Monitoring,TPM,TPM Monitor 2,Awbare,REL-AWBA-036,Awbare FDP 36,9.355433,42.767442,"9.355433, 42.767442",30,Yes
SUB-00442,2025-05-18,May 2025,Activity 1 Relief,Food,Food Basket Monitoring,TPM,TPM Monitor 2,Awbare,REL-AWBA-036,Awbare FDP 36,9.355433,42.767442,"9.355433, 42.767442",26,Yes
SUB-00443,2025-05-26,May 2025,Activity 1 Relief,Food,Food Basket Monitoring,TPM,TPM Monitor 8,Awbare,REL-AWBA-036,Awbare FDP 36,9.355433,42.767442,"9.355433, 42.767442",41,Yes
SUB-00444,2025-05-26,May 2025,Activity 1 Relief,Food,Food Basket Monitoring,TPM,TPM Monitor 5,Awbare,REL-AWBA-036,Awbare FDP 36,9.355433,42.767442,"9.355433, 42.767442",10,Yes
SUB-00445,2025-05-24,May 2025,Activity 1 Relief,Food,Warehouse Monitoring,TPM,TPM Monitor 1,Awbare,REL-AWBA-036,Awbare FDP 36,9.355433,42.767442,"9.355433, 42.767442",8,Yes
SUB-00446,2025-05-11,May 2025,Activity 1 Relief,Food,Distribution Observation,TPM,TPM Monitor 3,Awbare,REL-AWBA-036,Awbare FDP 36,9.355433,42.767442,"9.355433, 42.767442",56,Yes
SUB-00447,2025-05-15,May 2025,Activity 1 Relief,Food,Partner Performance Monitoring,TPM,TPM Monitor 2,Awbare,REL-AWBA-036,Awbare FDP 36,9.355433,42.767442,"9.355433, 42.767442",8,Yes
SUB-00448,2025-05-18,May 2025,Activity 1 Relief,Food,Beneficiary Contact Monitoring,TPM,TPM Monitor 3,Awbare,REL-AWBA-037,Awbare FDP 37,9.302987,42.751777,"9.302987, 42.751777",16,Yes
SUB-00449,2025-05-17,May 2025,Activity 1 Relief,Food,Beneficiary Contact Monitoring,TPM,TPM Monitor 4,Awbare,REL-AWBA-037,Awbare FDP 37,9.302987,42.751777,"9.302987, 42.751777",40,Yes
SUB-00450,2025-05-22,May 2025,Activity 1 Relief,Food,Beneficiary Contact Monitoring,TPM,TPM Monitor 6,Awbare,REL-AWBA-037,Awbare FDP 37,9.302987,42.751777,"9.302987, 42.751777",12,Yes
SUB-00451,2025-05-17,May 2025,Activity 1 Relief,Food,Beneficiary Contact Monitoring,TPM,TPM Monitor 1,Awbare,REL-AWBA-037,Awbare FDP 37,9.302987,42.751777,"9.302987, 42.751777",35,Yes
SUB-00452,2025-05-05,May 2025,Activity 1 Relief,Food,Beneficiary Contact Monitoring,TPM,TPM Monitor 8,Awbare,REL-AWBA-037,Awbare FDP 37,9.302987,42.751777,"9.302987, 42.751777",12,Yes
SUB-00453,2025-05-23,May 2025,Activity 1 Relief,Food,Food Basket Monitoring,TPM,TPM Monitor 7,Awbare,REL-AWBA-037,Awbare FDP 37,9.302987,42.751777,"9.302987, 42.751777",44,Yes
SUB-00454,2025-05-17,May 2025,Activity 1 Relief,Food,Food Basket Monitoring,TPM,TPM Monitor 7,Awbare,REL-AWBA-037,Awbare FDP 37,9.302987,42.751777,"9.302987, 42.751777",26,Yes
SUB-00455,2025-05-08,May 2025,Activity 1 Relief,Food,Food Basket Monitoring,TPM,TPM Monitor 7,Awbare,REL-AWBA-037,Awbare FDP 37,9.302987,42.751777,"9.302987, 42.751777",9,Yes
SUB-00456,2025-05-15,May 2025,Activity 1 Relief,Food,Food Basket Monitoring,TPM,TPM Monitor 3,Awbare,REL-AWBA-037,Awbare FDP 37,9.302987,42.751777,"9.302987, 42.751777",59,Yes
SUB-00457,2025-05-24,May 2025,Activity 1 Relief,Food,Food Basket Monitoring,TPM,TPM Monitor 8,Awbare,REL-AWBA-037,Awbare FDP 37,9.302987,42.751777,"9.302987, 42.751777",61,Yes
SUB-00458,2025-05-27,May 2025,Activity 1 Relief,Food,Food Basket Monitoring,TPM,TPM Monitor 6,Awbare,REL-AWBA-037,Awbare FDP 37,9.302987,42.751777,"9.302987, 42.751777",13,Yes
SUB-00459,2025-05-08,May 2025,Activity 1 Relief,Food,Warehouse Monitoring,TPM,TPM Monitor 4,Awbare,REL-AWBA-037,Awbare FDP 37,9.302987,42.751777,"9.302987, 42.751777",35,Yes
SUB-00460,2025-05-21,May 2025,Activity 1 Relief,Food,Distribution Observation,TPM,TPM Monitor 2,Awbare,REL-AWBA-037,Awbare FDP 37,9.302987,42.751777,"9.302987, 42.751777",33,Yes
SUB-00461,2025-05-28,May 2025,Activity 1 Relief,Food,Partner Performance Monitoring,TPM,TPM Monitor 6,Awbare,REL-AWBA-037,Awbare FDP 37,9.302987,42.751777,"9.302987, 42.751777",22,Yes
SUB-00462,2025-05-10,May 2025,Activity 1 Relief,Food,Beneficiary Contact Monitoring,TPM,TPM Monitor 2,Awbare,REL-AWBA-038,Awbare FDP 38,9.297078,42.753465,"9.297078, 42.753465",40,Yes
SUB-00463,2025-05-25,May 2025,Activity 1 Relief,Food,Beneficiary Contact Monitoring,TPM,TPM Monitor 2,Awbare,REL-AWBA-038,Awbare FDP 38,9.297078,42.753465,"9.297078, 42.753465",41,Yes
SUB-00464,2025-05-21,May 2025,Activity 1 Relief,Food,Beneficiary Contact Monitoring,TPM,TPM Monitor 4,Awbare,REL-AWBA-038,Awbare FDP 38,9.297078,42.753465,"9.297078, 42.753465",65,Yes
SUB-00465,2025-05-16,May 2025,Activity 1 Relief,Food,Beneficiary Contact Monitoring,TPM,TPM Monitor 6,Awbare,REL-AWBA-038,Awbare FDP 38,9.297078,42.753465,"9.297078, 42.753465",54,Yes
SUB-00466,2025-05-25,May 2025,Activity 1 Relief,Food,Beneficiary Contact Monitoring,TPM,TPM Monitor 3,Awbare,REL-AWBA-038,Awbare FDP 38,9.297078,42.753465,"9.297078, 42.753465",23,Yes
SUB-00467,2025-05-13,May 2025,Activity 1 Relief,Food,Food Basket Monitoring,TPM,TPM Monitor 4,Awbare,REL-AWBA-038,Awbare FDP 38,9.297078,42.753465,"9.297078, 42.753465",19,Yes
SUB-00468,2025-05-24,May 2025,Activity 1 Relief,Food,Food Basket Monitoring,TPM,TPM Monitor 3,Awbare,REL-AWBA-038,Awbare FDP 38,9.297078,42.753465,"9.297078, 42.753465",56,Yes
SUB-00469,2025-05-25,May 2025,Activity 1 Relief,Food,Food Basket Monitoring,TPM,TPM Monitor 2,Awbare,REL-AWBA-038,Awbare FDP 38,9.297078,42.753465,"9.297078, 42.753465",19,Yes
SUB-00470,2025-05-25,May 2025,Activity 1 Relief,Food,Food Basket Monitoring,TPM,TPM Monitor 8,Awbare,REL-AWBA-038,Awbare FDP 38,9.297078,42.753465,"9.297078, 42.753465",37,Yes
SUB-00471,2025-05-23,May 2025,Activity 1 Relief,Food,Warehouse Monitoring,TPM,TPM Monitor 8,Awbare,REL-AWBA-038,Awbare FDP 38,9.297078,42.753465,"9.297078, 42.753465",51,Yes
SUB-00472,2025-05-23,May 2025,Activity 1 Relief,Food,Distribution Observation,TPM,TPM Monitor 6,Awbare,REL-AWBA-038,Awbare FDP 38,9.297078,42.753465,"9.297078, 42.753465",63,Yes
SUB-00473,2025-05-15,May 2025,Activity 1 Relief,Food,Partner Performance Monitoring,TPM,TPM Monitor 3,Awbare,REL-AWBA-038,Awbare FDP 38,9.297078,42.753465,"9.297078, 42.753465",36,Yes
SUB-00474,2025-05-19,May 2025,Activity 1 Relief,Food,Beneficiary Contact Monitoring,TPM,TPM Monitor 5,Awbare,REL-AWBA-039,Awbare FDP 39,9.336829,42.805286,"9.336829, 42.805286",58,Yes
SUB-00475,2025-05-13,May 2025,Activity 1 Relief,Food,Beneficiary Contact Monitoring,TPM,TPM Monitor 1,Awbare,REL-AWBA-039,Awbare FDP 39,9.336829,42.805286,"9.336829, 42.805286",30,Yes
SUB-00476,2025-05-21,May 2025,Activity 1 Relief,Food,Beneficiary Contact Monitoring,TPM,TPM Monitor 2,Awbare,REL-AWBA-039,Awbare FDP 39,9.336829,42.805286,"9.336829, 42.805286",27,Yes
SUB-00477,2025-05-19,May 2025,Activity 1 Relief,Food,Beneficiary Contact Monitoring,TPM,TPM Monitor 8,Awbare,REL-AWBA-039,Awbare FDP 39,9.336829,42.805286,"9.336829, 42.805286",10,Yes
SUB-00478,2025-05-14,May 2025,Activity 1 Relief,Food,Food Basket Monitoring,TPM,TPM Monitor 2,Awbare,REL-AWBA-039,Awbare FDP 39,9.336829,42.805286,"9.336829, 42.805286",49,Yes
SUB-00479,2025-05-07,May 2025,Activity 1 Relief,Food,Food Basket Monitoring,TPM,TPM Monitor 7,Awbare,REL-AWBA-039,Awbare FDP 39,9.336829,42.805286,"9.336829, 42.805286",37,Yes
SUB-00480,2025-05-23,May 2025,Activity 1 Relief,Food,Food Basket Monitoring,TPM,TPM Monitor 1,Awbare,REL-AWBA-039,Awbare FDP 39,9.336829,42.805286,"9.336829, 42.805286",36,Yes
SUB-00481,2025-05-23,May 2025,Activity 1 Relief,Food,Food Basket Monitoring,TPM,TPM Monitor 4,Awbare,REL-AWBA-039,Awbare FDP 39,9.336829,42.805286,"9.336829, 42.805286",28,Yes
SUB-00482,2025-05-21,May 2025,Activity 1 Relief,Food,Warehouse Monitoring,TPM,TPM Monitor 3,Awbare,REL-AWBA-039,Awbare FDP 39,9.336829,42.805286,"9.336829, 42.805286",11,Yes
SUB-00483,2025-05-15,May 2025,Activity 1 Relief,Food,Distribution Observation,TPM,TPM Monitor 2,Awbare,REL-AWBA-039,Awbare FDP 39,9.336829,42.805286,"9.336829, 42.805286",40,Yes
SUB-00484,2025-05-06,May 2025,Activity 1 Relief,Food,Partner Performance Monitoring,TPM,TPM Monitor 4,Awbare,REL-AWBA-039,Awbare FDP 39,9.336829,42.805286,"9.336829, 42.805286",53,Yes
SUB-00485,2025-05-19,May 2025,Activity 1 Relief,Food,Beneficiary Contact Monitoring,WFP,WFP Monitor 3,Awbare,REL-AWBA-040,Awbare FDP 40,9.385554,42.806807,"9.385554, 42.806807",31,Yes
SUB-00486,2025-05-16,May 2025,Activity 1 Relief,Food,Beneficiary Contact Monitoring,WFP,WFP Monitor 5,Awbare,REL-AWBA-040,Awbare FDP 40,9.385554,42.806807,"9.385554, 42.806807",32,Yes
SUB-00487,2025-05-18,May 2025,Activity 1 Relief,Food,Beneficiary Contact Monitoring,WFP,WFP Monitor 6,Awbare,REL-AWBA-040,Awbare FDP 40,9.385554,42.806807,"9.385554, 42.806807",51,Yes
SUB-00488,2025-05-24,May 2025,Activity 1 Relief,Food,Beneficiary Contact Monitoring,WFP,WFP Monitor 1,Awbare,REL-AWBA-040,Awbare FDP 40,9.385554,42.806807,"9.385554, 42.806807",58,Yes
SUB-00489,2025-05-25,May 2025,Activity 1 Relief,Food,Beneficiary Contact Monitoring,WFP,WFP Monitor 6,Awbare,REL-AWBA-040,Awbare FDP 40,9.385554,42.806807,"9.385554, 42.806807",12,Yes
SUB-00490,2025-05-22,May 2025,Activity 1 Relief,Food,Food Basket Monitoring,WFP,WFP Monitor 7,Awbare,REL-AWBA-040,Awbare FDP 40,9.385554,42.806807,"9.385554, 42.806807",26,Yes
SUB-00491,2025-05-13,May 2025,Activity 1 Relief,Food,Food Basket Monitoring,WFP,WFP Monitor 3,Awbare,REL-AWBA-040,Awbare FDP 40,9.385554,42.806807,"9.385554, 42.806807",29,Yes
SUB-00492,2025-05-07,May 2025,Activity 1 Relief,Food,Food Basket Monitoring,WFP,WFP Monitor 3,Awbare,REL-AWBA-040,Awbare FDP 40,9.385554,42.806807,"9.385554, 42.806807",30,Yes
SUB-00493,2025-05-14,May 2025,Activity 1 Relief,Food,Food Basket Monitoring,WFP,WFP Monitor 7,Awbare,REL-AWBA-040,Awbare FDP 40,9.385554,42.806807,"9.385554, 42.806807",16,Yes
SUB-00494,2025-05-07,May 2025,Activity 1 Relief,Food,Warehouse Monitoring,WFP,WFP Monitor 5,Awbare,REL-AWBA-040,Awbare FDP 40,9.385554,42.806807,"9.385554, 42.806807",43,Yes
SUB-00495,2025-05-15,May 2025,Activity 1 Relief,Food,Distribution Observation,WFP,WFP Monitor 3,Awbare,REL-AWBA-040,Awbare FDP 40,9.385554,42.806807,"9.385554, 42.806807",50,Yes
SUB-00496,2025-05-28,May 2025,Activity 1 Relief,Food,Partner Performance Monitoring,WFP,WFP Monitor 2,Awbare,REL-AWBA-040,Awbare FDP 40,9.385554,42.806807,"9.385554, 42.806807",49,Yes
SUB-00497,2025-05-21,May 2025,Activity 1 Relief,Food,Beneficiary Contact Monitoring,TPM,TPM Monitor 6,Awbare,REL-AWBA-041,Awbare FDP 41,9.352101,42.834422,"9.352101, 42.834422",9,Yes
SUB-00498,2025-05-16,May 2025,Activity 1 Relief,Food,Beneficiary Contact Monitoring,TPM,TPM Monitor 5,Awbare,REL-AWBA-041,Awbare FDP 41,9.352101,42.834422,"9.352101, 42.834422",19,Yes
SUB-00499,2025-05-11,May 2025,Activity 1 Relief,Food,Beneficiary Contact Monitoring,TPM,TPM Monitor 6,Awbare,REL-AWBA-041,Awbare FDP 41,9.352101,42.834422,"9.352101, 42.834422",57,Yes
SUB-00500,2025-05-20,May 2025,Activity 1 Relief,Food,Beneficiary Contact Monitoring,TPM,TPM Monitor 4,Awbare,REL-AWBA-041,Awbare FDP 41,9.352101,42.834422,"9.352101, 42.834422",22,Yes
SUB-00501,2025-05-09,May 2025,Activity 1 Relief,Food,Beneficiary Contact Monitoring,TPM,TPM Monitor 3,Awbare,REL-AWBA-041,Awbare FDP 41,9.352101,42.834422,"9.352101, 42.834422",12,Yes
SUB-00502,2025-05-14,May 2025,Activity 1 Relief,Food,Beneficiary Contact Monitoring,TPM,TPM Monitor 2,Awbare,REL-AWBA-041,Awbare FDP 41,9.352101,42.834422,"9.352101, 42.834422",40,Yes
SUB-00503,2025-05-28,May 2025,Activity 1 Relief,Food,Food Basket Monitoring,TPM,TPM Monitor 1,Awbare,REL-AWBA-041,Awbare FDP 41,9.352101,42.834422,"9.352101, 42.834422",50,Yes
SUB-00504,2025-05-15,May 2025,Activity 1 Relief,Food,Food Basket Monitoring,TPM,TPM Monitor 3,Awbare,REL-AWBA-041,Awbare FDP 41,9.352101,42.834422,"9.352101, 42.834422",46,Yes
SUB-00505,2025-05-17,May 2025,Activity 1 Relief,Food,Food Basket Monitoring,TPM,TPM Monitor 3,Awbare,REL-AWBA-041,Awbare FDP 41,9.352101,42.834422,"9.352101, 42.834422",18,Yes
SUB-00506,2025-05-10,May 2025,Activity 1 Relief,Food,Food Basket Monitoring,TPM,TPM Monitor 3,Awbare,REL-AWBA-041,Awbare FDP 41,9.352101,42.834422,"9.352101, 42.834422",54,Yes
SUB-00507,2025-05-19,May 2025,Activity 1 Relief,Food,Food Basket Monitoring,TPM,TPM Monitor 1,Awbare,REL-AWBA-041,Awbare FDP 41,9.352101,42.834422,"9.352101, 42.834422",34,Yes
SUB-00508,2025-05-16,May 2025,Activity 1 Relief,Food,Food Basket Monitoring,TPM,TPM Monitor 4,Awbare,REL-AWBA-041,Awbare FDP 41,9.352101,42.834422,"9.352101, 42.834422",36,Yes
SUB-00509,2025-05-28,May 2025,Activity 1 Relief,Food,Warehouse Monitoring,TPM,TPM Monitor 8,Awbare,REL-AWBA-041,Awbare FDP 41,9.352101,42.834422,"9.352101, 42.834422",22,Yes
SUB-00510,2025-05-14,May 2025,Activity 1 Relief,Food,Distribution Observation,TPM,TPM Monitor 8,Awbare,REL-AWBA-041,Awbare FDP 41,9.352101,42.834422,"9.352101, 42.834422",65,Yes
SUB-00511,2025-05-16,May 2025,Activity 1 Relief,Food,Partner Performance Monitoring,TPM,TPM Monitor 8,Awbare,REL-AWBA-041,Awbare FDP 41,9.352101,42.834422,"9.352101, 42.834422",37,Yes
SUB-00512,2025-05-17,May 2025,Activity 1 Relief,Food,Beneficiary Contact Monitoring,TPM,TPM Monitor 7,Awbare,REL-AWBA-042,Awbare FDP 42,9.357899,42.821266,"9.357899, 42.821266",18,Yes
SUB-00513,2025-05-11,May 2025,Activity 1 Relief,Food,Beneficiary Contact Monitoring,TPM,TPM Monitor 3,Awbare,REL-AWBA-042,Awbare FDP 42,9.357899,42.821266,"9.357899, 42.821266",63,Yes
SUB-00514,2025-05-13,May 2025,Activity 1 Relief,Food,Beneficiary Contact Monitoring,TPM,TPM Monitor 1,Awbare,REL-AWBA-042,Awbare FDP 42,9.357899,42.821266,"9.357899, 42.821266",49,Yes
SUB-00515,2025-05-20,May 2025,Activity 1 Relief,Food,Beneficiary Contact Monitoring,TPM,TPM Monitor 6,Awbare,REL-AWBA-042,Awbare FDP 42,9.357899,42.821266,"9.357899, 42.821266",43,Yes
SUB-00516,2025-05-08,May 2025,Activity 1 Relief,Food,Beneficiary Contact Monitoring,TPM,TPM Monitor 2,Awbare,REL-AWBA-042,Awbare FDP 42,9.357899,42.821266,"9.357899, 42.821266",26,Yes
SUB-00517,2025-05-07,May 2025,Activity 1 Relief,Food,Beneficiary Contact Monitoring,TPM,TPM Monitor 3,Awbare,REL-AWBA-042,Awbare FDP 42,9.357899,42.821266,"9.357899, 42.821266",25,Yes
SUB-00518,2025-05-21,May 2025,Activity 1 Relief,Food,Food Basket Monitoring,TPM,TPM Monitor 3,Awbare,REL-AWBA-042,Awbare FDP 42,9.357899,42.821266,"9.357899, 42.821266",61,Yes
SUB-00519,2025-05-18,May 2025,Activity 1 Relief,Food,Food Basket Monitoring,TPM,TPM Monitor 2,Awbare,REL-AWBA-042,Awbare FDP 42,9.357899,42.821266,"9.357899, 42.821266",22,Yes
SUB-00520,2025-05-19,May 2025,Activity 1 Relief,Food,Food Basket Monitoring,TPM,TPM Monitor 6,Awbare,REL-AWBA-042,Awbare FDP 42,9.357899,42.821266,"9.357899, 42.821266",9,Yes
SUB-00521,2025-05-18,May 2025,Activity 1 Relief,Food,Food Basket Monitoring,TPM,TPM Monitor 1,Awbare,REL-AWBA-042,Awbare FDP 42,9.357899,42.821266,"9.357899, 42.821266",33,Yes
SUB-00522,2025-05-21,May 2025,Activity 1 Relief,Food,Food Basket Monitoring,TPM,TPM Monitor 6,Awbare,REL-AWBA-042,Awbare FDP 42,9.357899,42.821266,"9.357899, 42.821266",23,Yes
SUB-00523,2025-05-07,May 2025,Activity 1 Relief,Food,Warehouse Monitoring,TPM,TPM Monitor 6,Awbare,REL-AWBA-042,Awbare FDP 42,9.357899,42.821266,"9.357899, 42.821266",22,Yes
SUB-00524,2025-05-08,May 2025,Activity 1 Relief,Food,Distribution Observation,TPM,TPM Monitor 6,Awbare,REL-AWBA-042,Awbare FDP 42,9.357899,42.821266,"9.357899, 42.821266",58,Yes
SUB-00525,2025-05-20,May 2025,Activity 1 Relief,Cash,Beneficiary Contact Monitoring,WFP,WFP Monitor 3,Babile,REL-BABI-001,Babile FDP 01,9.197474,42.399607,"9.197474, 42.399607",56,Yes
SUB-00526,2025-05-27,May 2025,Activity 1 Relief,Cash,Beneficiary Contact Monitoring,WFP,WFP Monitor 8,Babile,REL-BABI-001,Babile FDP 01,9.197474,42.399607,"9.197474, 42.399607",36,Yes
SUB-00527,2025-05-24,May 2025,Activity 1 Relief,Cash,Beneficiary Contact Monitoring,WFP,WFP Monitor 1,Babile,REL-BABI-001,Babile FDP 01,9.197474,42.399607,"9.197474, 42.399607",65,Yes
SUB-00528,2025-05-13,May 2025,Activity 1 Relief,Cash,Food Basket Monitoring,WFP,WFP Monitor 4,Babile,REL-BABI-001,Babile FDP 01,9.197474,42.399607,"9.197474, 42.399607",61,Yes
SUB-00529,2025-05-09,May 2025,Activity 1 Relief,Cash,Food Basket Monitoring,WFP,WFP Monitor 7,Babile,REL-BABI-001,Babile FDP 01,9.197474,42.399607,"9.197474, 42.399607",15,Yes
SUB-00530,2025-05-14,May 2025,Activity 1 Relief,Cash,Food Basket Monitoring,WFP,WFP Monitor 4,Babile,REL-BABI-001,Babile FDP 01,9.197474,42.399607,"9.197474, 42.399607",27,Yes
SUB-00531,2025-05-08,May 2025,Activity 1 Relief,Cash,Food Basket Monitoring,WFP,WFP Monitor 1,Babile,REL-BABI-001,Babile FDP 01,9.197474,42.399607,"9.197474, 42.399607",23,Yes
SUB-00532,2025-05-24,May 2025,Activity 1 Relief,Cash,Warehouse Monitoring,WFP,WFP Monitor 8,Babile,REL-BABI-001,Babile FDP 01,9.197474,42.399607,"9.197474, 42.399607",12,Yes
SUB-00533,2025-05-20,May 2025,Activity 1 Relief,Cash,Distribution Observation,WFP,WFP Monitor 1,Babile,REL-BABI-001,Babile FDP 01,9.197474,42.399607,"9.197474, 42.399607",48,Yes
SUB-00534,2025-05-12,May 2025,Activity 1 Relief,Cash,Partner Performance Monitoring,WFP,WFP Monitor 3,Babile,REL-BABI-001,Babile FDP 01,9.197474,42.399607,"9.197474, 42.399607",26,Yes
SUB-00535,2025-05-24,May 2025,Activity 1 Relief,Cash,Beneficiary Contact Monitoring,TPM,TPM Monitor 6,Babile,REL-BABI-002,Babile FDP 02,9.197751,42.383191,"9.197751, 42.383191",23,Yes
SUB-00536,2025-05-23,May 2025,Activity 1 Relief,Cash,Beneficiary Contact Monitoring,TPM,TPM Monitor 7,Babile,REL-BABI-002,Babile FDP 02,9.197751,42.383191,"9.197751, 42.383191",19,Yes
SUB-00537,2025-05-26,May 2025,Activity 1 Relief,Cash,Beneficiary Contact Monitoring,TPM,TPM Monitor 2,Babile,REL-BABI-002,Babile FDP 02,9.197751,42.383191,"9.197751, 42.383191",41,Yes
SUB-00538,2025-05-16,May 2025,Activity 1 Relief,Cash,Beneficiary Contact Monitoring,TPM,TPM Monitor 2,Babile,REL-BABI-002,Babile FDP 02,9.197751,42.383191,"9.197751, 42.383191",41,Yes
SUB-00539,2025-05-22,May 2025,Activity 1 Relief,Cash,Beneficiary Contact Monitoring,TPM,TPM Monitor 1,Babile,REL-BABI-002,Babile FDP 02,9.197751,42.383191,"9.197751, 42.383191",32,Yes
SUB-00540,2025-05-06,May 2025,Activity 1 Relief,Cash,Food Basket Monitoring,TPM,TPM Monitor 7,Babile,REL-BABI-002,Babile FDP 02,9.197751,42.383191,"9.197751, 42.383191",31,Yes
SUB-00541,2025-05-13,May 2025,Activity 1 Relief,Cash,Food Basket Monitoring,TPM,TPM Monitor 1,Babile,REL-BABI-002,Babile FDP 02,9.197751,42.383191,"9.197751, 42.383191",30,Yes
SUB-00542,2025-05-07,May 2025,Activity 1 Relief,Cash,Food Basket Monitoring,TPM,TPM Monitor 6,Babile,REL-BABI-002,Babile FDP 02,9.197751,42.383191,"9.197751, 42.383191",23,Yes
SUB-00543,2025-05-28,May 2025,Activity 1 Relief,Cash,Food Basket Monitoring,TPM,TPM Monitor 2,Babile,REL-BABI-002,Babile FDP 02,9.197751,42.383191,"9.197751, 42.383191",57,Yes
SUB-00544,2025-05-23,May 2025,Activity 1 Relief,Cash,Food Basket Monitoring,TPM,TPM Monitor 6,Babile,REL-BABI-002,Babile FDP 02,9.197751,42.383191,"9.197751, 42.383191",16,Yes
SUB-00545,2025-05-06,May 2025,Activity 1 Relief,Cash,Food Basket Monitoring,TPM,TPM Monitor 6,Babile,REL-BABI-002,Babile FDP 02,9.197751,42.383191,"9.197751, 42.383191",42,Yes
SUB-00546,2025-05-25,May 2025,Activity 1 Relief,Cash,Warehouse Monitoring,TPM,TPM Monitor 3,Babile,REL-BABI-002,Babile FDP 02,9.197751,42.383191,"9.197751, 42.383191",61,Yes
SUB-00547,2025-05-19,May 2025,Activity 1 Relief,Cash,Distribution Observation,TPM,TPM Monitor 8,Babile,REL-BABI-002,Babile FDP 02,9.197751,42.383191,"9.197751, 42.383191",48,Yes
SUB-00548,2025-05-27,May 2025,Activity 1 Relief,Cash,Beneficiary Contact Monitoring,TPM,TPM Monitor 8,Babile,REL-BABI-003,Babile FDP 03,9.16836,42.215419,"9.16836, 42.215419",10,Yes
SUB-00549,2025-05-14,May 2025,Activity 1 Relief,Cash,Beneficiary Contact Monitoring,TPM,TPM Monitor 4,Babile,REL-BABI-003,Babile FDP 03,9.16836,42.215419,"9.16836, 42.215419",10,Yes
SUB-00550,2025-05-11,May 2025,Activity 1 Relief,Cash,Beneficiary Contact Monitoring,TPM,TPM Monitor 1,Babile,REL-BABI-003,Babile FDP 03,9.16836,42.215419,"9.16836, 42.215419",28,Yes
SUB-00551,2025-05-14,May 2025,Activity 1 Relief,Cash,Beneficiary Contact Monitoring,TPM,TPM Monitor 7,Babile,REL-BABI-003,Babile FDP 03,9.16836,42.215419,"9.16836, 42.215419",60,Yes
SUB-00552,2025-05-13,May 2025,Activity 1 Relief,Cash,Food Basket Monitoring,TPM,TPM Monitor 1,Babile,REL-BABI-003,Babile FDP 03,9.16836,42.215419,"9.16836, 42.215419",56,Yes
SUB-00553,2025-05-25,May 2025,Activity 1 Relief,Cash,Food Basket Monitoring,TPM,TPM Monitor 4,Babile,REL-BABI-003,Babile FDP 03,9.16836,42.215419,"9.16836, 42.215419",26,Yes
SUB-00554,2025-05-16,May 2025,Activity 1 Relief,Cash,Food Basket Monitoring,TPM,TPM Monitor 1,Babile,REL-BABI-003,Babile FDP 03,9.16836,42.215419,"9.16836, 42.215419",63,Yes
SUB-00555,2025-05-25,May 2025,Activity 1 Relief,Cash,Food Basket Monitoring,TPM,TPM Monitor 6,Babile,REL-BABI-003,Babile FDP 03,9.16836,42.215419,"9.16836, 42.215419",25,Yes
SUB-00556,2025-05-08,May 2025,Activity 1 Relief,Cash,Food Basket Monitoring,TPM,TPM Monitor 6,Babile,REL-BABI-003,Babile FDP 03,9.16836,42.215419,"9.16836, 42.215419",35,Yes
SUB-00557,2025-05-28,May 2025,Activity 1 Relief,Cash,Warehouse Monitoring,TPM,TPM Monitor 8,Babile,REL-BABI-003,Babile FDP 03,9.16836,42.215419,"9.16836, 42.215419",65,Yes
SUB-00558,2025-05-15,May 2025,Activity 1 Relief,Cash,Distribution Observation,TPM,TPM Monitor 3,Babile,REL-BABI-003,Babile FDP 03,9.16836,42.215419,"9.16836, 42.215419",39,Yes
SUB-00559,2025-05-16,May 2025,Activity 1 Relief,Cash,Partner Performance Monitoring,TPM,TPM Monitor 5,Babile,REL-BABI-003,Babile FDP 03,9.16836,42.215419,"9.16836, 42.215419",59,Yes
SUB-00560,2025-05-18,May 2025,Activity 1 Relief,Cash,Beneficiary Contact Monitoring,TPM,TPM Monitor 2,Babile,REL-BABI-004,Babile FDP 04,9.280249,42.301655,"9.280249, 42.301655",35,Yes
SUB-00561,2025-05-24,May 2025,Activity 1 Relief,Cash,Beneficiary Contact Monitoring,TPM,TPM Monitor 3,Babile,REL-BABI-004,Babile FDP 04,9.280249,42.301655,"9.280249, 42.301655",42,Yes
SUB-00562,2025-05-14,May 2025,Activity 1 Relief,Cash,Beneficiary Contact Monitoring,TPM,TPM Monitor 6,Babile,REL-BABI-004,Babile FDP 04,9.280249,42.301655,"9.280249, 42.301655",14,Yes
SUB-00563,2025-05-07,May 2025,Activity 1 Relief,Cash,Beneficiary Contact Monitoring,TPM,TPM Monitor 6,Babile,REL-BABI-004,Babile FDP 04,9.280249,42.301655,"9.280249, 42.301655",50,Yes
SUB-00564,2025-05-19,May 2025,Activity 1 Relief,Cash,Food Basket Monitoring,TPM,TPM Monitor 7,Babile,REL-BABI-004,Babile FDP 04,9.280249,42.301655,"9.280249, 42.301655",18,Yes
SUB-00565,2025-05-27,May 2025,Activity 1 Relief,Cash,Food Basket Monitoring,TPM,TPM Monitor 8,Babile,REL-BABI-004,Babile FDP 04,9.280249,42.301655,"9.280249, 42.301655",30,Yes
SUB-00566,2025-05-19,May 2025,Activity 1 Relief,Cash,Food Basket Monitoring,TPM,TPM Monitor 1,Babile,REL-BABI-004,Babile FDP 04,9.280249,42.301655,"9.280249, 42.301655",54,Yes
SUB-00567,2025-05-16,May 2025,Activity 1 Relief,Cash,Food Basket Monitoring,TPM,TPM Monitor 7,Babile,REL-BABI-004,Babile FDP 04,9.280249,42.301655,"9.280249, 42.301655",25,Yes
SUB-00568,2025-05-06,May 2025,Activity 1 Relief,Cash,Warehouse Monitoring,TPM,TPM Monitor 2,Babile,REL-BABI-004,Babile FDP 04,9.280249,42.301655,"9.280249, 42.301655",50,Yes
SUB-00569,2025-05-16,May 2025,Activity 1 Relief,Cash,Distribution Observation,TPM,TPM Monitor 3,Babile,REL-BABI-004,Babile FDP 04,9.280249,42.301655,"9.280249, 42.301655",9,Yes
SUB-00570,2025-05-19,May 2025,Activity 1 Relief,Cash,Beneficiary Contact Monitoring,TPM,TPM Monitor 1,Babile,REL-BABI-005,Babile FDP 05,9.140698,42.242083,"9.140698, 42.242083",16,Yes
SUB-00571,2025-05-07,May 2025,Activity 1 Relief,Cash,Beneficiary Contact Monitoring,TPM,TPM Monitor 4,Babile,REL-BABI-005,Babile FDP 05,9.140698,42.242083,"9.140698, 42.242083",57,Yes
SUB-00572,2025-05-25,May 2025,Activity 1 Relief,Cash,Beneficiary Contact Monitoring,TPM,TPM Monitor 6,Babile,REL-BABI-005,Babile FDP 05,9.140698,42.242083,"9.140698, 42.242083",31,Yes
SUB-00573,2025-05-17,May 2025,Activity 1 Relief,Cash,Beneficiary Contact Monitoring,TPM,TPM Monitor 1,Babile,REL-BABI-005,Babile FDP 05,9.140698,42.242083,"9.140698, 42.242083",46,Yes
SUB-00574,2025-05-09,May 2025,Activity 1 Relief,Cash,Beneficiary Contact Monitoring,TPM,TPM Monitor 8,Babile,REL-BABI-005,Babile FDP 05,9.140698,42.242083,"9.140698, 42.242083",31,Yes
SUB-00575,2025-05-07,May 2025,Activity 1 Relief,Cash,Food Basket Monitoring,TPM,TPM Monitor 3,Babile,REL-BABI-005,Babile FDP 05,9.140698,42.242083,"9.140698, 42.242083",41,Yes
SUB-00576,2025-05-16,May 2025,Activity 1 Relief,Cash,Food Basket Monitoring,TPM,TPM Monitor 7,Babile,REL-BABI-005,Babile FDP 05,9.140698,42.242083,"9.140698, 42.242083",28,Yes
SUB-00577,2025-05-25,May 2025,Activity 1 Relief,Cash,Food Basket Monitoring,TPM,TPM Monitor 5,Babile,REL-BABI-005,Babile FDP 05,9.140698,42.242083,"9.140698, 42.242083",23,Yes
SUB-00578,2025-05-08,May 2025,Activity 1 Relief,Cash,Food Basket Monitoring,TPM,TPM Monitor 1,Babile,REL-BABI-005,Babile FDP 05,9.140698,42.242083,"9.140698, 42.242083",55,Yes
SUB-00579,2025-05-10,May 2025,Activity 1 Relief,Cash,Food Basket Monitoring,TPM,TPM Monitor 8,Babile,REL-BABI-005,Babile FDP 05,9.140698,42.242083,"9.140698, 42.242083",41,Yes
SUB-00580,2025-05-22,May 2025,Activity 1 Relief,Cash,Warehouse Monitoring,TPM,TPM Monitor 2,Babile,REL-BABI-005,Babile FDP 05,9.140698,42.242083,"9.140698, 42.242083",24,Yes
SUB-00581,2025-05-27,May 2025,Activity 1 Relief,Cash,Distribution Observation,TPM,TPM Monitor 8,Babile,REL-BABI-005,Babile FDP 05,9.140698,42.242083,"9.140698, 42.242083",21,Yes
SUB-00582,2025-05-14,May 2025,Activity 1 Relief,Cash,Partner Performance Monitoring,TPM,TPM Monitor 8,Babile,REL-BABI-005,Babile FDP 05,9.140698,42.242083,"9.140698, 42.242083",20,Yes
SUB-00583,2025-05-07,May 2025,Activity 1 Relief,Cash,Beneficiary Contact Monitoring,TPM,TPM Monitor 8,Babile,REL-BABI-006,Babile FDP 06,9.130377,42.220161,"9.130377, 42.220161",19,Yes
SUB-00584,2025-05-27,May 2025,Activity 1 Relief,Cash,Beneficiary Contact Monitoring,TPM,TPM Monitor 8,Babile,REL-BABI-006,Babile FDP 06,9.130377,42.220161,"9.130377, 42.220161",13,Yes
SUB-00585,2025-05-26,May 2025,Activity 1 Relief,Cash,Beneficiary Contact Monitoring,TPM,TPM Monitor 6,Babile,REL-BABI-006,Babile FDP 06,9.130377,42.220161,"9.130377, 42.220161",50,Yes
SUB-00586,2025-05-16,May 2025,Activity 1 Relief,Cash,Beneficiary Contact Monitoring,TPM,TPM Monitor 2,Babile,REL-BABI-006,Babile FDP 06,9.130377,42.220161,"9.130377, 42.220161",43,Yes
SUB-00587,2025-05-14,May 2025,Activity 1 Relief,Cash,Food Basket Monitoring,TPM,TPM Monitor 3,Babile,REL-BABI-006,Babile FDP 06,9.130377,42.220161,"9.130377, 42.220161",53,Yes
SUB-00588,2025-05-27,May 2025,Activity 1 Relief,Cash,Food Basket Monitoring,TPM,TPM Monitor 3,Babile,REL-BABI-006,Babile FDP 06,9.130377,42.220161,"9.130377, 42.220161",58,Yes
SUB-00589,2025-05-16,May 2025,Activity 1 Relief,Cash,Food Basket Monitoring,TPM,TPM Monitor 4,Babile,REL-BABI-006,Babile FDP 06,9.130377,42.220161,"9.130377, 42.220161",15,Yes
SUB-00590,2025-05-11,May 2025,Activity 1 Relief,Cash,Food Basket Monitoring,TPM,TPM Monitor 3,Babile,REL-BABI-006,Babile FDP 06,9.130377,42.220161,"9.130377, 42.220161",23,Yes
SUB-00591,2025-05-20,May 2025,Activity 1 Relief,Cash,Food Basket Monitoring,TPM,TPM Monitor 1,Babile,REL-BABI-006,Babile FDP 06,9.130377,42.220161,"9.130377, 42.220161",31,Yes
SUB-00592,2025-05-16,May 2025,Activity 1 Relief,Cash,Warehouse Monitoring,TPM,TPM Monitor 8,Babile,REL-BABI-006,Babile FDP 06,9.130377,42.220161,"9.130377, 42.220161",59,Yes
SUB-00593,2025-05-09,May 2025,Activity 1 Relief,Cash,Distribution Observation,TPM,TPM Monitor 2,Babile,REL-BABI-006,Babile FDP 06,9.130377,42.220161,"9.130377, 42.220161",12,Yes
SUB-00594,2025-05-27,May 2025,Activity 1 Relief,Cash,Partner Performance Monitoring,TPM,TPM Monitor 8,Babile,REL-BABI-006,Babile FDP 06,9.130377,42.220161,"9.130377, 42.220161",41,Yes
SUB-00595,2025-05-18,May 2025,Activity 1 Relief,Cash,Beneficiary Contact Monitoring,TPM,TPM Monitor 2,Babile,REL-BABI-007,Babile FDP 07,9.161911,42.350485,"9.161911, 42.350485",16,Yes
SUB-00596,2025-05-15,May 2025,Activity 1 Relief,Cash,Beneficiary Contact Monitoring,TPM,TPM Monitor 2,Babile,REL-BABI-007,Babile FDP 07,9.161911,42.350485,"9.161911, 42.350485",36,Yes
SUB-00597,2025-05-19,May 2025,Activity 1 Relief,Cash,Beneficiary Contact Monitoring,TPM,TPM Monitor 6,Babile,REL-BABI-007,Babile FDP 07,9.161911,42.350485,"9.161911, 42.350485",16,Yes
SUB-00598,2025-05-22,May 2025,Activity 1 Relief,Cash,Beneficiary Contact Monitoring,TPM,TPM Monitor 3,Babile,REL-BABI-007,Babile FDP 07,9.161911,42.350485,"9.161911, 42.350485",57,Yes
SUB-00599,2025-05-09,May 2025,Activity 1 Relief,Cash,Beneficiary Contact Monitoring,TPM,TPM Monitor 7,Babile,REL-BABI-007,Babile FDP 07,9.161911,42.350485,"9.161911, 42.350485",40,Yes
SUB-00600,2025-05-06,May 2025,Activity 1 Relief,Cash,Food Basket Monitoring,TPM,TPM Monitor 2,Babile,REL-BABI-007,Babile FDP 07,9.161911,42.350485,"9.161911, 42.350485",41,Yes
SUB-00601,2025-05-09,May 2025,Activity 1 Relief,Cash,Food Basket Monitoring,TPM,TPM Monitor 5,Babile,REL-BABI-007,Babile FDP 07,9.161911,42.350485,"9.161911, 42.350485",18,Yes
SUB-00602,2025-05-10,May 2025,Activity 1 Relief,Cash,Food Basket Monitoring,TPM,TPM Monitor 6,Babile,REL-BABI-007,Babile FDP 07,9.161911,42.350485,"9.161911, 42.350485",53,Yes
SUB-00603,2025-05-12,May 2025,Activity 1 Relief,Cash,Food Basket Monitoring,TPM,TPM Monitor 6,Babile,REL-BABI-007,Babile FDP 07,9.161911,42.350485,"9.161911, 42.350485",41,Yes
SUB-00604,2025-05-14,May 2025,Activity 1 Relief,Cash,Food Basket Monitoring,TPM,TPM Monitor 2,Babile,REL-BABI-007,Babile FDP 07,9.161911,42.350485,"9.161911, 42.350485",24,Yes
SUB-00605,2025-05-11,May 2025,Activity 1 Relief,Cash,Food Basket Monitoring,TPM,TPM Monitor 5,Babile,REL-BABI-007,Babile FDP 07,9.161911,42.350485,"9.161911, 42.350485",16,Yes
SUB-00606,2025-05-24,May 2025,Activity 1 Relief,Cash,Warehouse Monitoring,TPM,TPM Monitor 2,Babile,REL-BABI-007,Babile FDP 07,9.161911,42.350485,"9.161911, 42.350485",40,Yes
SUB-00607,2025-05-23,May 2025,Activity 1 Relief,Cash,Distribution Observation,TPM,TPM Monitor 3,Babile,REL-BABI-007,Babile FDP 07,9.161911,42.350485,"9.161911, 42.350485",18,Yes
SUB-00608,2025-05-28,May 2025,Activity 1 Relief,Cash,Partner Performance Monitoring,TPM,TPM Monitor 6,Babile,REL-BABI-007,Babile FDP 07,9.161911,42.350485,"9.161911, 42.350485",61,Yes
SUB-00609,2025-05-06,May 2025,Activity 1 Relief,Cash,Beneficiary Contact Monitoring,TPM,TPM Monitor 1,Babile,REL-BABI-008,Babile FDP 08,9.167749,42.36719,"9.167749, 42.36719",13,Yes
SUB-00610,2025-05-06,May 2025,Activity 1 Relief,Cash,Beneficiary Contact Monitoring,TPM,TPM Monitor 5,Babile,REL-BABI-008,Babile FDP 08,9.167749,42.36719,"9.167749, 42.36719",49,Yes
SUB-00611,2025-05-11,May 2025,Activity 1 Relief,Cash,Beneficiary Contact Monitoring,TPM,TPM Monitor 7,Babile,REL-BABI-008,Babile FDP 08,9.167749,42.36719,"9.167749, 42.36719",47,Yes
SUB-00612,2025-05-25,May 2025,Activity 1 Relief,Cash,Beneficiary Contact Monitoring,TPM,TPM Monitor 1,Babile,REL-BABI-008,Babile FDP 08,9.167749,42.36719,"9.167749, 42.36719",39,Yes
SUB-00613,2025-05-25,May 2025,Activity 1 Relief,Cash,Beneficiary Contact Monitoring,TPM,TPM Monitor 5,Babile,REL-BABI-008,Babile FDP 08,9.167749,42.36719,"9.167749, 42.36719",49,Yes
SUB-00614,2025-05-14,May 2025,Activity 1 Relief,Cash,Beneficiary Contact Monitoring,TPM,TPM Monitor 8,Babile,REL-BABI-008,Babile FDP 08,9.167749,42.36719,"9.167749, 42.36719",23,Yes
SUB-00615,2025-05-26,May 2025,Activity 1 Relief,Cash,Food Basket Monitoring,TPM,TPM Monitor 7,Babile,REL-BABI-008,Babile FDP 08,9.167749,42.36719,"9.167749, 42.36719",27,Yes
SUB-00616,2025-05-19,May 2025,Activity 1 Relief,Cash,Food Basket Monitoring,TPM,TPM Monitor 2,Babile,REL-BABI-008,Babile FDP 08,9.167749,42.36719,"9.167749, 42.36719",52,Yes
SUB-00617,2025-05-06,May 2025,Activity 1 Relief,Cash,Food Basket Monitoring,TPM,TPM Monitor 3,Babile,REL-BABI-008,Babile FDP 08,9.167749,42.36719,"9.167749, 42.36719",36,Yes
SUB-00618,2025-05-18,May 2025,Activity 1 Relief,Cash,Food Basket Monitoring,TPM,TPM Monitor 8,Babile,REL-BABI-008,Babile FDP 08,9.167749,42.36719,"9.167749, 42.36719",37,Yes
SUB-00619,2025-05-11,May 2025,Activity 1 Relief,Cash,Food Basket Monitoring,TPM,TPM Monitor 6,Babile,REL-BABI-008,Babile FDP 08,9.167749,42.36719,"9.167749, 42.36719",46,Yes
SUB-00620,2025-05-09,May 2025,Activity 1 Relief,Cash,Food Basket Monitoring,TPM,TPM Monitor 6,Babile,REL-BABI-008,Babile FDP 08,9.167749,42.36719,"9.167749, 42.36719",63,Yes
SUB-00621,2025-05-28,May 2025,Activity 1 Relief,Cash,Warehouse Monitoring,TPM,TPM Monitor 6,Babile,REL-BABI-008,Babile FDP 08,9.167749,42.36719,"9.167749, 42.36719",33,Yes
SUB-00622,2025-05-16,May 2025,Activity 1 Relief,Cash,Distribution Observation,TPM,TPM Monitor 2,Babile,REL-BABI-008,Babile FDP 08,9.167749,42.36719,"9.167749, 42.36719",28,Yes
SUB-00623,2025-05-08,May 2025,Activity 1 Relief,Cash,Partner Performance Monitoring,TPM,TPM Monitor 5,Babile,REL-BABI-008,Babile FDP 08,9.167749,42.36719,"9.167749, 42.36719",36,Yes
SUB-00624,2025-05-08,May 2025,Activity 1 Relief,Cash,Beneficiary Contact Monitoring,TPM,TPM Monitor 1,Babile,REL-BABI-009,Babile FDP 09,9.190736,42.381917,"9.190736, 42.381917",26,Yes
SUB-00625,2025-05-17,May 2025,Activity 1 Relief,Cash,Beneficiary Contact Monitoring,TPM,TPM Monitor 7,Babile,REL-BABI-009,Babile FDP 09,9.190736,42.381917,"9.190736, 42.381917",23,Yes
SUB-00626,2025-05-10,May 2025,Activity 1 Relief,Cash,Beneficiary Contact Monitoring,TPM,TPM Monitor 6,Babile,REL-BABI-009,Babile FDP 09,9.190736,42.381917,"9.190736, 42.381917",44,Yes
SUB-00627,2025-05-28,May 2025,Activity 1 Relief,Cash,Beneficiary Contact Monitoring,TPM,TPM Monitor 6,Babile,REL-BABI-009,Babile FDP 09,9.190736,42.381917,"9.190736, 42.381917",20,Yes
SUB-00628,2025-05-20,May 2025,Activity 1 Relief,Cash,Food Basket Monitoring,TPM,TPM Monitor 8,Babile,REL-BABI-009,Babile FDP 09,9.190736,42.381917,"9.190736, 42.381917",39,Yes
SUB-00629,2025-05-14,May 2025,Activity 1 Relief,Cash,Food Basket Monitoring,TPM,TPM Monitor 8,Babile,REL-BABI-009,Babile FDP 09,9.190736,42.381917,"9.190736, 42.381917",9,Yes
SUB-00630,2025-05-07,May 2025,Activity 1 Relief,Cash,Food Basket Monitoring,TPM,TPM Monitor 7,Babile,REL-BABI-009,Babile FDP 09,9.190736,42.381917,"9.190736, 42.381917",40,Yes
SUB-00631,2025-05-19,May 2025,Activity 1 Relief,Cash,Food Basket Monitoring,TPM,TPM Monitor 4,Babile,REL-BABI-009,Babile FDP 09,9.190736,42.381917,"9.190736, 42.381917",21,Yes
SUB-00632,2025-05-23,May 2025,Activity 1 Relief,Cash,Food Basket Monitoring,TPM,TPM Monitor 6,Babile,REL-BABI-009,Babile FDP 09,9.190736,42.381917,"9.190736, 42.381917",11,Yes
SUB-00633,2025-05-06,May 2025,Activity 1 Relief,Cash,Food Basket Monitoring,TPM,TPM Monitor 5,Babile,REL-BABI-009,Babile FDP 09,9.190736,42.381917,"9.190736, 42.381917",39,Yes
SUB-00634,2025-05-25,May 2025,Activity 1 Relief,Cash,Warehouse Monitoring,TPM,TPM Monitor 8,Babile,REL-BABI-009,Babile FDP 09,9.190736,42.381917,"9.190736, 42.381917",26,Yes
SUB-00635,2025-05-08,May 2025,Activity 1 Relief,Cash,Distribution Observation,TPM,TPM Monitor 7,Babile,REL-BABI-009,Babile FDP 09,9.190736,42.381917,"9.190736, 42.381917",16,Yes
SUB-00636,2025-05-28,May 2025,Activity 1 Relief,Cash,Partner Performance Monitoring,TPM,TPM Monitor 6,Babile,REL-BABI-009,Babile FDP 09,9.190736,42.381917,"9.190736, 42.381917",56,Yes
SUB-00637,2025-05-06,May 2025,Activity 1 Relief,Cash,Beneficiary Contact Monitoring,TPM,TPM Monitor 7,Babile,REL-BABI-010,Babile FDP 10,9.232026,42.298391,"9.232026, 42.298391",11,Yes
SUB-00638,2025-05-23,May 2025,Activity 1 Relief,Cash,Beneficiary Contact Monitoring,TPM,TPM Monitor 4,Babile,REL-BABI-010,Babile FDP 10,9.232026,42.298391,"9.232026, 42.298391",31,Yes
SUB-00639,2025-05-22,May 2025,Activity 1 Relief,Cash,Beneficiary Contact Monitoring,TPM,TPM Monitor 5,Babile,REL-BABI-010,Babile FDP 10,9.232026,42.298391,"9.232026, 42.298391",12,Yes
SUB-00640,2025-05-17,May 2025,Activity 1 Relief,Cash,Beneficiary Contact Monitoring,TPM,TPM Monitor 8,Babile,REL-BABI-010,Babile FDP 10,9.232026,42.298391,"9.232026, 42.298391",56,Yes
SUB-00641,2025-05-22,May 2025,Activity 1 Relief,Cash,Beneficiary Contact Monitoring,TPM,TPM Monitor 5,Babile,REL-BABI-010,Babile FDP 10,9.232026,42.298391,"9.232026, 42.298391",60,Yes
SUB-00642,2025-05-26,May 2025,Activity 1 Relief,Cash,Food Basket Monitoring,TPM,TPM Monitor 2,Babile,REL-BABI-010,Babile FDP 10,9.232026,42.298391,"9.232026, 42.298391",16,Yes
SUB-00643,2025-05-08,May 2025,Activity 1 Relief,Cash,Food Basket Monitoring,TPM,TPM Monitor 7,Babile,REL-BABI-010,Babile FDP 10,9.232026,42.298391,"9.232026, 42.298391",31,Yes
SUB-00644,2025-05-15,May 2025,Activity 1 Relief,Cash,Food Basket Monitoring,TPM,TPM Monitor 6,Babile,REL-BABI-010,Babile FDP 10,9.232026,42.298391,"9.232026, 42.298391",56,Yes
SUB-00645,2025-05-09,May 2025,Activity 1 Relief,Cash,Food Basket Monitoring,TPM,TPM Monitor 4,Babile,REL-BABI-010,Babile FDP 10,9.232026,42.298391,"9.232026, 42.298391",46,Yes
SUB-00646,2025-05-21,May 2025,Activity 1 Relief,Cash,Food Basket Monitoring,TPM,TPM Monitor 7,Babile,REL-BABI-010,Babile FDP 10,9.232026,42.298391,"9.232026, 42.298391",40,Yes
SUB-00647,2025-05-06,May 2025,Activity 1 Relief,Cash,Food Basket Monitoring,TPM,TPM Monitor 1,Babile,REL-BABI-010,Babile FDP 10,9.232026,42.298391,"9.232026, 42.298391",10,Yes
SUB-00648,2025-05-15,May 2025,Activity 1 Relief,Cash,Warehouse Monitoring,TPM,TPM Monitor 8,Babile,REL-BABI-010,Babile FDP 10,9.232026,42.298391,"9.232026, 42.298391",41,Yes
SUB-00649,2025-05-24,May 2025,Activity 1 Relief,Cash,Distribution Observation,TPM,TPM Monitor 3,Babile,REL-BABI-010,Babile FDP 10,9.232026,42.298391,"9.232026, 42.298391",28,Yes
SUB-00650,2025-05-15,May 2025,Activity 1 Relief,Cash,Partner Performance Monitoring,TPM,TPM Monitor 3,Babile,REL-BABI-010,Babile FDP 10,9.232026,42.298391,"9.232026, 42.298391",33,Yes
SUB-00651,2025-05-28,May 2025,Activity 1 Relief,Cash,Beneficiary Contact Monitoring,TPM,TPM Monitor 5,Babile,REL-BABI-011,Babile FDP 11,9.207422,42.233306,"9.207422, 42.233306",45,Yes
SUB-00652,2025-05-15,May 2025,Activity 1 Relief,Cash,Beneficiary Contact Monitoring,TPM,TPM Monitor 8,Babile,REL-BABI-011,Babile FDP 11,9.207422,42.233306,"9.207422, 42.233306",53,Yes
SUB-00653,2025-05-23,May 2025,Activity 1 Relief,Cash,Beneficiary Contact Monitoring,TPM,TPM Monitor 5,Babile,REL-BABI-011,Babile FDP 11,9.207422,42.233306,"9.207422, 42.233306",38,Yes
SUB-00654,2025-05-05,May 2025,Activity 1 Relief,Cash,Beneficiary Contact Monitoring,TPM,TPM Monitor 6,Babile,REL-BABI-011,Babile FDP 11,9.207422,42.233306,"9.207422, 42.233306",29,Yes
SUB-00655,2025-05-26,May 2025,Activity 1 Relief,Cash,Beneficiary Contact Monitoring,TPM,TPM Monitor 2,Babile,REL-BABI-011,Babile FDP 11,9.207422,42.233306,"9.207422, 42.233306",34,Yes
SUB-00656,2025-05-23,May 2025,Activity 1 Relief,Cash,Beneficiary Contact Monitoring,TPM,TPM Monitor 5,Babile,REL-BABI-011,Babile FDP 11,9.207422,42.233306,"9.207422, 42.233306",58,Yes
SUB-00657,2025-05-27,May 2025,Activity 1 Relief,Cash,Food Basket Monitoring,TPM,TPM Monitor 1,Babile,REL-BABI-011,Babile FDP 11,9.207422,42.233306,"9.207422, 42.233306",46,Yes
SUB-00658,2025-05-20,May 2025,Activity 1 Relief,Cash,Food Basket Monitoring,TPM,TPM Monitor 5,Babile,REL-BABI-011,Babile FDP 11,9.207422,42.233306,"9.207422, 42.233306",49,Yes
SUB-00659,2025-05-23,May 2025,Activity 1 Relief,Cash,Food Basket Monitoring,TPM,TPM Monitor 4,Babile,REL-BABI-011,Babile FDP 11,9.207422,42.233306,"9.207422, 42.233306",54,Yes
SUB-00660,2025-05-06,May 2025,Activity 1 Relief,Cash,Food Basket Monitoring,TPM,TPM Monitor 8,Babile,REL-BABI-011,Babile FDP 11,9.207422,42.233306,"9.207422, 42.233306",18,Yes
SUB-00661,2025-05-21,May 2025,Activity 1 Relief,Cash,Food Basket Monitoring,TPM,TPM Monitor 7,Babile,REL-BABI-011,Babile FDP 11,9.207422,42.233306,"9.207422, 42.233306",17,Yes
SUB-00662,2025-05-26,May 2025,Activity 1 Relief,Cash,Food Basket Monitoring,TPM,TPM Monitor 4,Babile,REL-BABI-011,Babile FDP 11,9.207422,42.233306,"9.207422, 42.233306",10,Yes
SUB-00663,2025-05-27,May 2025,Activity 1 Relief,Cash,Warehouse Monitoring,TPM,TPM Monitor 2,Babile,REL-BABI-011,Babile FDP 11,9.207422,42.233306,"9.207422, 42.233306",20,Yes
SUB-00664,2025-05-15,May 2025,Activity 1 Relief,Cash,Distribution Observation,TPM,TPM Monitor 7,Babile,REL-BABI-011,Babile FDP 11,9.207422,42.233306,"9.207422, 42.233306",17,Yes
SUB-00665,2025-05-11,May 2025,Activity 1 Relief,Cash,Partner Performance Monitoring,TPM,TPM Monitor 7,Babile,REL-BABI-011,Babile FDP 11,9.207422,42.233306,"9.207422, 42.233306",40,Yes
SUB-00666,2025-05-20,May 2025,Activity 1 Relief,Cash,Beneficiary Contact Monitoring,TPM,TPM Monitor 1,Babile,REL-BABI-012,Babile FDP 12,9.229121,42.363384,"9.229121, 42.363384",53,Yes
SUB-00667,2025-05-09,May 2025,Activity 1 Relief,Cash,Beneficiary Contact Monitoring,TPM,TPM Monitor 4,Babile,REL-BABI-012,Babile FDP 12,9.229121,42.363384,"9.229121, 42.363384",43,Yes
SUB-00668,2025-05-15,May 2025,Activity 1 Relief,Cash,Beneficiary Contact Monitoring,TPM,TPM Monitor 8,Babile,REL-BABI-012,Babile FDP 12,9.229121,42.363384,"9.229121, 42.363384",41,Yes
SUB-00669,2025-05-17,May 2025,Activity 1 Relief,Cash,Beneficiary Contact Monitoring,TPM,TPM Monitor 6,Babile,REL-BABI-012,Babile FDP 12,9.229121,42.363384,"9.229121, 42.363384",19,Yes
SUB-00670,2025-05-19,May 2025,Activity 1 Relief,Cash,Beneficiary Contact Monitoring,TPM,TPM Monitor 6,Babile,REL-BABI-012,Babile FDP 12,9.229121,42.363384,"9.229121, 42.363384",42,Yes
SUB-00671,2025-05-16,May 2025,Activity 1 Relief,Cash,Beneficiary Contact Monitoring,TPM,TPM Monitor 5,Babile,REL-BABI-012,Babile FDP 12,9.229121,42.363384,"9.229121, 42.363384",47,Yes
SUB-00672,2025-05-12,May 2025,Activity 1 Relief,Cash,Food Basket Monitoring,TPM,TPM Monitor 5,Babile,REL-BABI-012,Babile FDP 12,9.229121,42.363384,"9.229121, 42.363384",43,Yes
SUB-00673,2025-05-14,May 2025,Activity 1 Relief,Cash,Food Basket Monitoring,TPM,TPM Monitor 4,Babile,REL-BABI-012,Babile FDP 12,9.229121,42.363384,"9.229121, 42.363384",27,Yes
SUB-00674,2025-05-14,May 2025,Activity 1 Relief,Cash,Food Basket Monitoring,TPM,TPM Monitor 4,Babile,REL-BABI-012,Babile FDP 12,9.229121,42.363384,"9.229121, 42.363384",52,Yes
SUB-00675,2025-05-27,May 2025,Activity 1 Relief,Cash,Food Basket Monitoring,TPM,TPM Monitor 8,Babile,REL-BABI-012,Babile FDP 12,9.229121,42.363384,"9.229121, 42.363384",28,Yes
SUB-00676,2025-05-20,May 2025,Activity 1 Relief,Cash,Food Basket Monitoring,TPM,TPM Monitor 6,Babile,REL-BABI-012,Babile FDP 12,9.229121,42.363384,"9.229121, 42.363384",43,Yes
SUB-00677,2025-05-28,May 2025,Activity 1 Relief,Cash,Warehouse Monitoring,TPM,TPM Monitor 5,Babile,REL-BABI-012,Babile FDP 12,9.229121,42.363384,"9.229121, 42.363384",26,Yes
SUB-00678,2025-05-26,May 2025,Activity 1 Relief,Cash,Distribution Observation,TPM,TPM Monitor 7,Babile,REL-BABI-012,Babile FDP 12,9.229121,42.363384,"9.229121, 42.363384",65,Yes
SUB-00679,2025-05-16,May 2025,Activity 1 Relief,Cash,Partner Performance Monitoring,TPM,TPM Monitor 3,Babile,REL-BABI-012,Babile FDP 12,9.229121,42.363384,"9.229121, 42.363384",26,Yes
SUB-00680,2025-05-27,May 2025,Activity 1 Relief,Cash,Beneficiary Contact Monitoring,TPM,TPM Monitor 2,Babile,REL-BABI-013,Babile FDP 13,9.112096,42.218138,"9.112096, 42.218138",30,Yes
SUB-00681,2025-05-19,May 2025,Activity 1 Relief,Cash,Beneficiary Contact Monitoring,TPM,TPM Monitor 5,Babile,REL-BABI-013,Babile FDP 13,9.112096,42.218138,"9.112096, 42.218138",55,Yes
SUB-00682,2025-05-20,May 2025,Activity 1 Relief,Cash,Beneficiary Contact Monitoring,TPM,TPM Monitor 4,Babile,REL-BABI-013,Babile FDP 13,9.112096,42.218138,"9.112096, 42.218138",20,Yes
SUB-00683,2025-05-22,May 2025,Activity 1 Relief,Cash,Beneficiary Contact Monitoring,TPM,TPM Monitor 5,Babile,REL-BABI-013,Babile FDP 13,9.112096,42.218138,"9.112096, 42.218138",43,Yes
SUB-00684,2025-05-09,May 2025,Activity 1 Relief,Cash,Food Basket Monitoring,TPM,TPM Monitor 2,Babile,REL-BABI-013,Babile FDP 13,9.112096,42.218138,"9.112096, 42.218138",47,Yes
SUB-00685,2025-05-28,May 2025,Activity 1 Relief,Cash,Food Basket Monitoring,TPM,TPM Monitor 4,Babile,REL-BABI-013,Babile FDP 13,9.112096,42.218138,"9.112096, 42.218138",23,Yes
SUB-00686,2025-05-06,May 2025,Activity 1 Relief,Cash,Food Basket Monitoring,TPM,TPM Monitor 4,Babile,REL-BABI-013,Babile FDP 13,9.112096,42.218138,"9.112096, 42.218138",48,Yes
SUB-00687,2025-05-12,May 2025,Activity 1 Relief,Cash,Food Basket Monitoring,TPM,TPM Monitor 1,Babile,REL-BABI-013,Babile FDP 13,9.112096,42.218138,"9.112096, 42.218138",14,Yes
SUB-00688,2025-05-18,May 2025,Activity 1 Relief,Cash,Food Basket Monitoring,TPM,TPM Monitor 6,Babile,REL-BABI-013,Babile FDP 13,9.112096,42.218138,"9.112096, 42.218138",53,Yes
SUB-00689,2025-05-20,May 2025,Activity 1 Relief,Cash,Food Basket Monitoring,TPM,TPM Monitor 2,Babile,REL-BABI-013,Babile FDP 13,9.112096,42.218138,"9.112096, 42.218138",51,Yes
SUB-00690,2025-05-05,May 2025,Activity 1 Relief,Cash,Warehouse Monitoring,TPM,TPM Monitor 3,Babile,REL-BABI-013,Babile FDP 13,9.112096,42.218138,"9.112096, 42.218138",34,Yes
SUB-00691,2025-05-20,May 2025,Activity 1 Relief,Cash,Distribution Observation,TPM,TPM Monitor 8,Babile,REL-BABI-013,Babile FDP 13,9.112096,42.218138,"9.112096, 42.218138",49,Yes
SUB-00692,2025-05-15,May 2025,Activity 1 Relief,Cash,Beneficiary Contact Monitoring,TPM,TPM Monitor 5,Babile,REL-BABI-014,Babile FDP 14,9.280054,42.371402,"9.280054, 42.371402",49,Yes
SUB-00693,2025-05-06,May 2025,Activity 1 Relief,Cash,Beneficiary Contact Monitoring,TPM,TPM Monitor 2,Babile,REL-BABI-014,Babile FDP 14,9.280054,42.371402,"9.280054, 42.371402",49,Yes
SUB-00694,2025-05-23,May 2025,Activity 1 Relief,Cash,Beneficiary Contact Monitoring,TPM,TPM Monitor 4,Babile,REL-BABI-014,Babile FDP 14,9.280054,42.371402,"9.280054, 42.371402",42,Yes
SUB-00695,2025-05-28,May 2025,Activity 1 Relief,Cash,Beneficiary Contact Monitoring,TPM,TPM Monitor 1,Babile,REL-BABI-014,Babile FDP 14,9.280054,42.371402,"9.280054, 42.371402",19,Yes
SUB-00696,2025-05-18,May 2025,Activity 1 Relief,Cash,Beneficiary Contact Monitoring,TPM,TPM Monitor 3,Babile,REL-BABI-014,Babile FDP 14,9.280054,42.371402,"9.280054, 42.371402",10,Yes
SUB-00697,2025-05-17,May 2025,Activity 1 Relief,Cash,Beneficiary Contact Monitoring,TPM,TPM Monitor 8,Babile,REL-BABI-014,Babile FDP 14,9.280054,42.371402,"9.280054, 42.371402",19,Yes
SUB-00698,2025-05-14,May 2025,Activity 1 Relief,Cash,Food Basket Monitoring,TPM,TPM Monitor 1,Babile,REL-BABI-014,Babile FDP 14,9.280054,42.371402,"9.280054, 42.371402",8,Yes
SUB-00699,2025-05-14,May 2025,Activity 1 Relief,Cash,Food Basket Monitoring,TPM,TPM Monitor 2,Babile,REL-BABI-014,Babile FDP 14,9.280054,42.371402,"9.280054, 42.371402",29,Yes
SUB-00700,2025-05-14,May 2025,Activity 1 Relief,Cash,Food Basket Monitoring,TPM,TPM Monitor 8,Babile,REL-BABI-014,Babile FDP 14,9.280054,42.371402,"9.280054, 42.371402",49,Yes
SUB-00701,2025-05-22,May 2025,Activity 1 Relief,Cash,Food Basket Monitoring,TPM,TPM Monitor 8,Babile,REL-BABI-014,Babile FDP 14,9.280054,42.371402,"9.280054, 42.371402",64,Yes
SUB-00702,2025-05-09,May 2025,Activity 1 Relief,Cash,Food Basket Monitoring,TPM,TPM Monitor 8,Babile,REL-BABI-014,Babile FDP 14,9.280054,42.371402,"9.280054, 42.371402",25,Yes
SUB-00703,2025-05-11,May 2025,Activity 1 Relief,Cash,Food Basket Monitoring,TPM,TPM Monitor 2,Babile,REL-BABI-014,Babile FDP 14,9.280054,42.371402,"9.280054, 42.371402",29,Yes
SUB-00704,2025-05-19,May 2025,Activity 1 Relief,Cash,Warehouse Monitoring,TPM,TPM Monitor 5,Babile,REL-BABI-014,Babile FDP 14,9.280054,42.371402,"9.280054, 42.371402",53,Yes
SUB-00705,2025-05-28,May 2025,Activity 1 Relief,Cash,Distribution Observation,TPM,TPM Monitor 6,Babile,REL-BABI-014,Babile FDP 14,9.280054,42.371402,"9.280054, 42.371402",58,Yes
SUB-00706,2025-05-26,May 2025,Activity 1 Relief,Cash,Partner Performance Monitoring,TPM,TPM Monitor 4,Babile,REL-BABI-014,Babile FDP 14,9.280054,42.371402,"9.280054, 42.371402",19,Yes
SUB-00707,2025-05-25,May 2025,Activity 1 Relief,Food,Beneficiary Contact Monitoring,WFP,WFP Monitor 7,Dollo Ado,REL-DOLL-001,Dollo Ado FDP 01,4.227909,42.064859,"4.227909, 42.064859",60,Yes
SUB-00708,2025-05-18,May 2025,Activity 1 Relief,Food,Beneficiary Contact Monitoring,WFP,WFP Monitor 6,Dollo Ado,REL-DOLL-001,Dollo Ado FDP 01,4.227909,42.064859,"4.227909, 42.064859",13,Yes
SUB-00709,2025-05-17,May 2025,Activity 1 Relief,Food,Beneficiary Contact Monitoring,WFP,WFP Monitor 2,Dollo Ado,REL-DOLL-001,Dollo Ado FDP 01,4.227909,42.064859,"4.227909, 42.064859",19,Yes
SUB-00710,2025-05-09,May 2025,Activity 1 Relief,Food,Beneficiary Contact Monitoring,WFP,WFP Monitor 8,Dollo Ado,REL-DOLL-001,Dollo Ado FDP 01,4.227909,42.064859,"4.227909, 42.064859",28,Yes
SUB-00711,2025-05-12,May 2025,Activity 1 Relief,Food,Beneficiary Contact Monitoring,WFP,WFP Monitor 1,Dollo Ado,REL-DOLL-001,Dollo Ado FDP 01,4.227909,42.064859,"4.227909, 42.064859",24,Yes
SUB-00712,2025-05-19,May 2025,Activity 1 Relief,Food,Food Basket Monitoring,WFP,WFP Monitor 5,Dollo Ado,REL-DOLL-001,Dollo Ado FDP 01,4.227909,42.064859,"4.227909, 42.064859",29,Yes
SUB-00713,2025-05-14,May 2025,Activity 1 Relief,Food,Food Basket Monitoring,WFP,WFP Monitor 1,Dollo Ado,REL-DOLL-001,Dollo Ado FDP 01,4.227909,42.064859,"4.227909, 42.064859",24,Yes
SUB-00714,2025-05-25,May 2025,Activity 1 Relief,Food,Food Basket Monitoring,WFP,WFP Monitor 6,Dollo Ado,REL-DOLL-001,Dollo Ado FDP 01,4.227909,42.064859,"4.227909, 42.064859",52,Yes
SUB-00715,2025-05-12,May 2025,Activity 1 Relief,Food,Food Basket Monitoring,WFP,WFP Monitor 1,Dollo Ado,REL-DOLL-001,Dollo Ado FDP 01,4.227909,42.064859,"4.227909, 42.064859",50,Yes
SUB-00716,2025-05-14,May 2025,Activity 1 Relief,Food,Warehouse Monitoring,WFP,WFP Monitor 3,Dollo Ado,REL-DOLL-001,Dollo Ado FDP 01,4.227909,42.064859,"4.227909, 42.064859",33,Yes
SUB-00717,2025-05-27,May 2025,Activity 1 Relief,Food,Distribution Observation,WFP,WFP Monitor 5,Dollo Ado,REL-DOLL-001,Dollo Ado FDP 01,4.227909,42.064859,"4.227909, 42.064859",52,Yes
SUB-00718,2025-05-14,May 2025,Activity 1 Relief,Food,Beneficiary Contact Monitoring,WFP,WFP Monitor 6,Dollo Ado,REL-DOLL-002,Dollo Ado FDP 02,4.090858,42.05288,"4.090858, 42.05288",47,Yes
SUB-00719,2025-05-12,May 2025,Activity 1 Relief,Food,Beneficiary Contact Monitoring,WFP,WFP Monitor 4,Dollo Ado,REL-DOLL-002,Dollo Ado FDP 02,4.090858,42.05288,"4.090858, 42.05288",16,Yes
SUB-00720,2025-05-20,May 2025,Activity 1 Relief,Food,Beneficiary Contact Monitoring,WFP,WFP Monitor 3,Dollo Ado,REL-DOLL-002,Dollo Ado FDP 02,4.090858,42.05288,"4.090858, 42.05288",37,Yes
SUB-00721,2025-05-28,May 2025,Activity 1 Relief,Food,Beneficiary Contact Monitoring,WFP,WFP Monitor 6,Dollo Ado,REL-DOLL-002,Dollo Ado FDP 02,4.090858,42.05288,"4.090858, 42.05288",34,Yes
SUB-00722,2025-05-27,May 2025,Activity 1 Relief,Food,Beneficiary Contact Monitoring,WFP,WFP Monitor 8,Dollo Ado,REL-DOLL-002,Dollo Ado FDP 02,4.090858,42.05288,"4.090858, 42.05288",56,Yes
SUB-00723,2025-05-22,May 2025,Activity 1 Relief,Food,Beneficiary Contact Monitoring,WFP,WFP Monitor 4,Dollo Ado,REL-DOLL-002,Dollo Ado FDP 02,4.090858,42.05288,"4.090858, 42.05288",56,Yes
SUB-00724,2025-05-24,May 2025,Activity 1 Relief,Food,Food Basket Monitoring,WFP,WFP Monitor 2,Dollo Ado,REL-DOLL-002,Dollo Ado FDP 02,4.090858,42.05288,"4.090858, 42.05288",41,Yes
SUB-00725,2025-05-19,May 2025,Activity 1 Relief,Food,Food Basket Monitoring,WFP,WFP Monitor 6,Dollo Ado,REL-DOLL-002,Dollo Ado FDP 02,4.090858,42.05288,"4.090858, 42.05288",12,Yes
SUB-00726,2025-05-23,May 2025,Activity 1 Relief,Food,Food Basket Monitoring,WFP,WFP Monitor 2,Dollo Ado,REL-DOLL-002,Dollo Ado FDP 02,4.090858,42.05288,"4.090858, 42.05288",11,Yes
SUB-00727,2025-05-22,May 2025,Activity 1 Relief,Food,Food Basket Monitoring,WFP,WFP Monitor 4,Dollo Ado,REL-DOLL-002,Dollo Ado FDP 02,4.090858,42.05288,"4.090858, 42.05288",44,Yes
SUB-00728,2025-05-10,May 2025,Activity 1 Relief,Food,Warehouse Monitoring,WFP,WFP Monitor 6,Dollo Ado,REL-DOLL-002,Dollo Ado FDP 02,4.090858,42.05288,"4.090858, 42.05288",62,Yes
SUB-00729,2025-05-08,May 2025,Activity 1 Relief,Food,Distribution Observation,WFP,WFP Monitor 4,Dollo Ado,REL-DOLL-002,Dollo Ado FDP 02,4.090858,42.05288,"4.090858, 42.05288",53,Yes
SUB-00730,2025-05-07,May 2025,Activity 1 Relief,Food,Partner Performance Monitoring,WFP,WFP Monitor 8,Dollo Ado,REL-DOLL-002,Dollo Ado FDP 02,4.090858,42.05288,"4.090858, 42.05288",59,Yes
SUB-00731,2025-05-09,May 2025,Activity 1 Relief,Food,Beneficiary Contact Monitoring,WFP,WFP Monitor 7,Dollo Ado,REL-DOLL-003,Dollo Ado FDP 03,4.214312,42.06931,"4.214312, 42.06931",37,Yes
SUB-00732,2025-05-23,May 2025,Activity 1 Relief,Food,Beneficiary Contact Monitoring,WFP,WFP Monitor 1,Dollo Ado,REL-DOLL-003,Dollo Ado FDP 03,4.214312,42.06931,"4.214312, 42.06931",43,Yes
SUB-00733,2025-05-19,May 2025,Activity 1 Relief,Food,Beneficiary Contact Monitoring,WFP,WFP Monitor 5,Dollo Ado,REL-DOLL-003,Dollo Ado FDP 03,4.214312,42.06931,"4.214312, 42.06931",54,Yes
SUB-00734,2025-05-13,May 2025,Activity 1 Relief,Food,Food Basket Monitoring,WFP,WFP Monitor 1,Dollo Ado,REL-DOLL-003,Dollo Ado FDP 03,4.214312,42.06931,"4.214312, 42.06931",55,Yes
SUB-00735,2025-05-11,May 2025,Activity 1 Relief,Food,Food Basket Monitoring,WFP,WFP Monitor 2,Dollo Ado,REL-DOLL-003,Dollo Ado FDP 03,4.214312,42.06931,"4.214312, 42.06931",10,Yes
SUB-00736,2025-05-18,May 2025,Activity 1 Relief,Food,Food Basket Monitoring,WFP,WFP Monitor 6,Dollo Ado,REL-DOLL-003,Dollo Ado FDP 03,4.214312,42.06931,"4.214312, 42.06931",52,Yes
SUB-00737,2025-05-07,May 2025,Activity 1 Relief,Food,Distribution Observation,WFP,WFP Monitor 8,Dollo Ado,REL-DOLL-003,Dollo Ado FDP 03,4.214312,42.06931,"4.214312, 42.06931",10,Yes
SUB-00738,2025-05-09,May 2025,Activity 1 Relief,Food,Beneficiary Contact Monitoring,WFP,WFP Monitor 7,Dollo Ado,REL-DOLL-005,Dollo Ado FDP 05,4.081126,42.023142,"4.081126, 42.023142",31,Yes
SUB-00739,2025-05-17,May 2025,Activity 1 Relief,Food,Beneficiary Contact Monitoring,WFP,WFP Monitor 8,Dollo Ado,REL-DOLL-005,Dollo Ado FDP 05,4.081126,42.023142,"4.081126, 42.023142",63,Yes
SUB-00740,2025-05-17,May 2025,Activity 1 Relief,Food,Beneficiary Contact Monitoring,WFP,WFP Monitor 7,Dollo Ado,REL-DOLL-005,Dollo Ado FDP 05,4.081126,42.023142,"4.081126, 42.023142",13,Yes
SUB-00741,2025-05-26,May 2025,Activity 1 Relief,Food,Beneficiary Contact Monitoring,WFP,WFP Monitor 3,Dollo Ado,REL-DOLL-005,Dollo Ado FDP 05,4.081126,42.023142,"4.081126, 42.023142",49,Yes
SUB-00742,2025-05-08,May 2025,Activity 1 Relief,Food,Food Basket Monitoring,WFP,WFP Monitor 3,Dollo Ado,REL-DOLL-005,Dollo Ado FDP 05,4.081126,42.023142,"4.081126, 42.023142",42,Yes
SUB-00743,2025-05-17,May 2025,Activity 1 Relief,Food,Food Basket Monitoring,WFP,WFP Monitor 3,Dollo Ado,REL-DOLL-005,Dollo Ado FDP 05,4.081126,42.023142,"4.081126, 42.023142",54,Yes
SUB-00744,2025-05-12,May 2025,Activity 1 Relief,Food,Food Basket Monitoring,WFP,WFP Monitor 1,Dollo Ado,REL-DOLL-005,Dollo Ado FDP 05,4.081126,42.023142,"4.081126, 42.023142",56,Yes
SUB-00745,2025-05-05,May 2025,Activity 1 Relief,Food,Food Basket Monitoring,WFP,WFP Monitor 5,Dollo Ado,REL-DOLL-005,Dollo Ado FDP 05,4.081126,42.023142,"4.081126, 42.023142",37,Yes
SUB-00746,2025-05-26,May 2025,Activity 1 Relief,Food,Food Basket Monitoring,WFP,WFP Monitor 7,Dollo Ado,REL-DOLL-005,Dollo Ado FDP 05,4.081126,42.023142,"4.081126, 42.023142",42,Yes
SUB-00747,2025-05-17,May 2025,Activity 1 Relief,Food,Food Basket Monitoring,WFP,WFP Monitor 4,Dollo Ado,REL-DOLL-005,Dollo Ado FDP 05,4.081126,42.023142,"4.081126, 42.023142",23,Yes
SUB-00748,2025-05-09,May 2025,Activity 1 Relief,Food,Warehouse Monitoring,WFP,WFP Monitor 5,Dollo Ado,REL-DOLL-005,Dollo Ado FDP 05,4.081126,42.023142,"4.081126, 42.023142",20,Yes
SUB-00749,2025-05-28,May 2025,Activity 1 Relief,Food,Distribution Observation,WFP,WFP Monitor 2,Dollo Ado,REL-DOLL-005,Dollo Ado FDP 05,4.081126,42.023142,"4.081126, 42.023142",10,Yes
SUB-00750,2025-05-18,May 2025,Activity 1 Relief,Food,Partner Performance Monitoring,WFP,WFP Monitor 1,Dollo Ado,REL-DOLL-005,Dollo Ado FDP 05,4.081126,42.023142,"4.081126, 42.023142",23,Yes
SUB-00751,2025-05-08,May 2025,Activity 1 Relief,Food,Beneficiary Contact Monitoring,WFP,WFP Monitor 1,Dollo Ado,REL-DOLL-006,Dollo Ado FDP 06,4.167735,42.055132,"4.167735, 42.055132",36,Yes
SUB-00752,2025-05-24,May 2025,Activity 1 Relief,Food,Beneficiary Contact Monitoring,WFP,WFP Monitor 1,Dollo Ado,REL-DOLL-006,Dollo Ado FDP 06,4.167735,42.055132,"4.167735, 42.055132",23,Yes
SUB-00753,2025-05-28,May 2025,Activity 1 Relief,Food,Beneficiary Contact Monitoring,WFP,WFP Monitor 1,Dollo Ado,REL-DOLL-006,Dollo Ado FDP 06,4.167735,42.055132,"4.167735, 42.055132",33,Yes
SUB-00754,2025-05-19,May 2025,Activity 1 Relief,Food,Beneficiary Contact Monitoring,WFP,WFP Monitor 4,Dollo Ado,REL-DOLL-006,Dollo Ado FDP 06,4.167735,42.055132,"4.167735, 42.055132",42,Yes
SUB-00755,2025-05-06,May 2025,Activity 1 Relief,Food,Food Basket Monitoring,WFP,WFP Monitor 3,Dollo Ado,REL-DOLL-006,Dollo Ado FDP 06,4.167735,42.055132,"4.167735, 42.055132",40,Yes
SUB-00756,2025-05-14,May 2025,Activity 1 Relief,Food,Food Basket Monitoring,WFP,WFP Monitor 4,Dollo Ado,REL-DOLL-006,Dollo Ado FDP 06,4.167735,42.055132,"4.167735, 42.055132",60,Yes
SUB-00757,2025-05-28,May 2025,Activity 1 Relief,Food,Food Basket Monitoring,WFP,WFP Monitor 6,Dollo Ado,REL-DOLL-006,Dollo Ado FDP 06,4.167735,42.055132,"4.167735, 42.055132",44,Yes
SUB-00758,2025-05-24,May 2025,Activity 1 Relief,Food,Food Basket Monitoring,WFP,WFP Monitor 6,Dollo Ado,REL-DOLL-006,Dollo Ado FDP 06,4.167735,42.055132,"4.167735, 42.055132",23,Yes
SUB-00759,2025-05-09,May 2025,Activity 1 Relief,Food,Warehouse Monitoring,WFP,WFP Monitor 4,Dollo Ado,REL-DOLL-006,Dollo Ado FDP 06,4.167735,42.055132,"4.167735, 42.055132",34,Yes
SUB-00760,2025-05-06,May 2025,Activity 1 Relief,Food,Distribution Observation,WFP,WFP Monitor 3,Dollo Ado,REL-DOLL-006,Dollo Ado FDP 06,4.167735,42.055132,"4.167735, 42.055132",48,Yes
SUB-00761,2025-05-22,May 2025,Activity 1 Relief,Food,Partner Performance Monitoring,WFP,WFP Monitor 8,Dollo Ado,REL-DOLL-006,Dollo Ado FDP 06,4.167735,42.055132,"4.167735, 42.055132",11,Yes
SUB-00762,2025-05-25,May 2025,Activity 1 Relief,Food,Beneficiary Contact Monitoring,WFP,WFP Monitor 7,Dollo Ado,REL-DOLL-007,Dollo Ado FDP 07,4.087281,42.142268,"4.087281, 42.142268",58,Yes
SUB-00763,2025-05-21,May 2025,Activity 1 Relief,Food,Beneficiary Contact Monitoring,WFP,WFP Monitor 6,Dollo Ado,REL-DOLL-007,Dollo Ado FDP 07,4.087281,42.142268,"4.087281, 42.142268",52,Yes
SUB-00764,2025-05-18,May 2025,Activity 1 Relief,Food,Beneficiary Contact Monitoring,WFP,WFP Monitor 7,Dollo Ado,REL-DOLL-007,Dollo Ado FDP 07,4.087281,42.142268,"4.087281, 42.142268",17,Yes
SUB-00765,2025-05-14,May 2025,Activity 1 Relief,Food,Beneficiary Contact Monitoring,WFP,WFP Monitor 7,Dollo Ado,REL-DOLL-007,Dollo Ado FDP 07,4.087281,42.142268,"4.087281, 42.142268",19,Yes
SUB-00766,2025-05-22,May 2025,Activity 1 Relief,Food,Beneficiary Contact Monitoring,WFP,WFP Monitor 8,Dollo Ado,REL-DOLL-007,Dollo Ado FDP 07,4.087281,42.142268,"4.087281, 42.142268",23,Yes
SUB-00767,2025-05-12,May 2025,Activity 1 Relief,Food,Beneficiary Contact Monitoring,WFP,WFP Monitor 5,Dollo Ado,REL-DOLL-007,Dollo Ado FDP 07,4.087281,42.142268,"4.087281, 42.142268",62,Yes
SUB-00768,2025-05-19,May 2025,Activity 1 Relief,Food,Food Basket Monitoring,WFP,WFP Monitor 1,Dollo Ado,REL-DOLL-007,Dollo Ado FDP 07,4.087281,42.142268,"4.087281, 42.142268",43,Yes
SUB-00769,2025-05-18,May 2025,Activity 1 Relief,Food,Food Basket Monitoring,WFP,WFP Monitor 7,Dollo Ado,REL-DOLL-007,Dollo Ado FDP 07,4.087281,42.142268,"4.087281, 42.142268",43,Yes
SUB-00770,2025-05-21,May 2025,Activity 1 Relief,Food,Food Basket Monitoring,WFP,WFP Monitor 3,Dollo Ado,REL-DOLL-007,Dollo Ado FDP 07,4.087281,42.142268,"4.087281, 42.142268",32,Yes
SUB-00771,2025-05-12,May 2025,Activity 1 Relief,Food,Food Basket Monitoring,WFP,WFP Monitor 5,Dollo Ado,REL-DOLL-007,Dollo Ado FDP 07,4.087281,42.142268,"4.087281, 42.142268",21,Yes
SUB-00772,2025-05-15,May 2025,Activity 1 Relief,Food,Food Basket Monitoring,WFP,WFP Monitor 2,Dollo Ado,REL-DOLL-007,Dollo Ado FDP 07,4.087281,42.142268,"4.087281, 42.142268",36,Yes
SUB-00773,2025-05-07,May 2025,Activity 1 Relief,Food,Warehouse Monitoring,WFP,WFP Monitor 4,Dollo Ado,REL-DOLL-007,Dollo Ado FDP 07,4.087281,42.142268,"4.087281, 42.142268",11,Yes
SUB-00774,2025-05-26,May 2025,Activity 1 Relief,Food,Distribution Observation,WFP,WFP Monitor 1,Dollo Ado,REL-DOLL-007,Dollo Ado FDP 07,4.087281,42.142268,"4.087281, 42.142268",63,Yes
SUB-00775,2025-05-23,May 2025,Activity 1 Relief,Food,Beneficiary Contact Monitoring,WFP,WFP Monitor 4,Dollo Ado,REL-DOLL-008,Dollo Ado FDP 08,4.168343,42.104926,"4.168343, 42.104926",38,Yes
SUB-00776,2025-05-11,May 2025,Activity 1 Relief,Food,Beneficiary Contact Monitoring,WFP,WFP Monitor 6,Dollo Ado,REL-DOLL-008,Dollo Ado FDP 08,4.168343,42.104926,"4.168343, 42.104926",27,Yes
SUB-00777,2025-05-05,May 2025,Activity 1 Relief,Food,Beneficiary Contact Monitoring,WFP,WFP Monitor 4,Dollo Ado,REL-DOLL-008,Dollo Ado FDP 08,4.168343,42.104926,"4.168343, 42.104926",20,Yes
SUB-00778,2025-05-28,May 2025,Activity 1 Relief,Food,Beneficiary Contact Monitoring,WFP,WFP Monitor 2,Dollo Ado,REL-DOLL-008,Dollo Ado FDP 08,4.168343,42.104926,"4.168343, 42.104926",55,Yes
SUB-00779,2025-05-20,May 2025,Activity 1 Relief,Food,Beneficiary Contact Monitoring,WFP,WFP Monitor 4,Dollo Ado,REL-DOLL-008,Dollo Ado FDP 08,4.168343,42.104926,"4.168343, 42.104926",52,Yes
SUB-00780,2025-05-24,May 2025,Activity 1 Relief,Food,Beneficiary Contact Monitoring,WFP,WFP Monitor 4,Dollo Ado,REL-DOLL-008,Dollo Ado FDP 08,4.168343,42.104926,"4.168343, 42.104926",33,Yes
SUB-00781,2025-05-22,May 2025,Activity 1 Relief,Food,Food Basket Monitoring,WFP,WFP Monitor 6,Dollo Ado,REL-DOLL-008,Dollo Ado FDP 08,4.168343,42.104926,"4.168343, 42.104926",57,Yes
SUB-00782,2025-05-14,May 2025,Activity 1 Relief,Food,Food Basket Monitoring,WFP,WFP Monitor 7,Dollo Ado,REL-DOLL-008,Dollo Ado FDP 08,4.168343,42.104926,"4.168343, 42.104926",37,Yes
SUB-00783,2025-05-22,May 2025,Activity 1 Relief,Food,Food Basket Monitoring,WFP,WFP Monitor 6,Dollo Ado,REL-DOLL-008,Dollo Ado FDP 08,4.168343,42.104926,"4.168343, 42.104926",27,Yes
SUB-00784,2025-05-13,May 2025,Activity 1 Relief,Food,Food Basket Monitoring,WFP,WFP Monitor 6,Dollo Ado,REL-DOLL-008,Dollo Ado FDP 08,4.168343,42.104926,"4.168343, 42.104926",40,Yes
SUB-00785,2025-05-20,May 2025,Activity 1 Relief,Food,Food Basket Monitoring,WFP,WFP Monitor 8,Dollo Ado,REL-DOLL-008,Dollo Ado FDP 08,4.168343,42.104926,"4.168343, 42.104926",14,Yes
SUB-00786,2025-05-28,May 2025,Activity 1 Relief,Food,Food Basket Monitoring,WFP,WFP Monitor 8,Dollo Ado,REL-DOLL-008,Dollo Ado FDP 08,4.168343,42.104926,"4.168343, 42.104926",56,Yes
SUB-00787,2025-05-11,May 2025,Activity 1 Relief,Food,Warehouse Monitoring,WFP,WFP Monitor 6,Dollo Ado,REL-DOLL-008,Dollo Ado FDP 08,4.168343,42.104926,"4.168343, 42.104926",28,Yes
SUB-00788,2025-05-23,May 2025,Activity 1 Relief,Food,Distribution Observation,WFP,WFP Monitor 4,Dollo Ado,REL-DOLL-008,Dollo Ado FDP 08,4.168343,42.104926,"4.168343, 42.104926",55,Yes
SUB-00789,2025-05-23,May 2025,Activity 1 Relief,Food,Beneficiary Contact Monitoring,WFP,WFP Monitor 7,Dollo Ado,REL-DOLL-010,Dollo Ado FDP 10,4.153184,42.164176,"4.153184, 42.164176",26,Yes
SUB-00790,2025-05-09,May 2025,Activity 1 Relief,Food,Beneficiary Contact Monitoring,WFP,WFP Monitor 4,Dollo Ado,REL-DOLL-010,Dollo Ado FDP 10,4.153184,42.164176,"4.153184, 42.164176",29,Yes
SUB-00791,2025-05-12,May 2025,Activity 1 Relief,Food,Beneficiary Contact Monitoring,WFP,WFP Monitor 7,Dollo Ado,REL-DOLL-010,Dollo Ado FDP 10,4.153184,42.164176,"4.153184, 42.164176",44,Yes
SUB-00792,2025-05-12,May 2025,Activity 1 Relief,Food,Beneficiary Contact Monitoring,WFP,WFP Monitor 8,Dollo Ado,REL-DOLL-010,Dollo Ado FDP 10,4.153184,42.164176,"4.153184, 42.164176",43,Yes
SUB-00793,2025-05-26,May 2025,Activity 1 Relief,Food,Food Basket Monitoring,WFP,WFP Monitor 6,Dollo Ado,REL-DOLL-010,Dollo Ado FDP 10,4.153184,42.164176,"4.153184, 42.164176",24,Yes
SUB-00794,2025-05-20,May 2025,Activity 1 Relief,Food,Food Basket Monitoring,WFP,WFP Monitor 8,Dollo Ado,REL-DOLL-010,Dollo Ado FDP 10,4.153184,42.164176,"4.153184, 42.164176",37,Yes
SUB-00795,2025-05-10,May 2025,Activity 1 Relief,Food,Food Basket Monitoring,WFP,WFP Monitor 6,Dollo Ado,REL-DOLL-010,Dollo Ado FDP 10,4.153184,42.164176,"4.153184, 42.164176",18,Yes
SUB-00796,2025-05-09,May 2025,Activity 1 Relief,Food,Food Basket Monitoring,WFP,WFP Monitor 8,Dollo Ado,REL-DOLL-010,Dollo Ado FDP 10,4.153184,42.164176,"4.153184, 42.164176",19,Yes
SUB-00797,2025-05-22,May 2025,Activity 1 Relief,Food,Food Basket Monitoring,WFP,WFP Monitor 1,Dollo Ado,REL-DOLL-010,Dollo Ado FDP 10,4.153184,42.164176,"4.153184, 42.164176",41,Yes
SUB-00798,2025-05-26,May 2025,Activity 1 Relief,Food,Distribution Observation,WFP,WFP Monitor 1,Dollo Ado,REL-DOLL-010,Dollo Ado FDP 10,4.153184,42.164176,"4.153184, 42.164176",56,Yes
SUB-00799,2025-05-25,May 2025,Activity 1 Relief,Food,Beneficiary Contact Monitoring,WFP,WFP Monitor 4,Dollo Ado,REL-DOLL-012,Dollo Ado FDP 12,4.031852,42.04705,"4.031852, 42.04705",12,Yes
SUB-00800,2025-05-27,May 2025,Activity 1 Relief,Food,Beneficiary Contact Monitoring,WFP,WFP Monitor 3,Dollo Ado,REL-DOLL-012,Dollo Ado FDP 12,4.031852,42.04705,"4.031852, 42.04705",8,Yes
SUB-00801,2025-05-11,May 2025,Activity 1 Relief,Food,Beneficiary Contact Monitoring,WFP,WFP Monitor 8,Dollo Ado,REL-DOLL-012,Dollo Ado FDP 12,4.031852,42.04705,"4.031852, 42.04705",31,Yes
SUB-00802,2025-05-06,May 2025,Activity 1 Relief,Food,Beneficiary Contact Monitoring,WFP,WFP Monitor 8,Dollo Ado,REL-DOLL-012,Dollo Ado FDP 12,4.031852,42.04705,"4.031852, 42.04705",50,Yes
SUB-00803,2025-05-05,May 2025,Activity 1 Relief,Food,Food Basket Monitoring,WFP,WFP Monitor 7,Dollo Ado,REL-DOLL-012,Dollo Ado FDP 12,4.031852,42.04705,"4.031852, 42.04705",8,Yes
SUB-00804,2025-05-05,May 2025,Activity 1 Relief,Food,Food Basket Monitoring,WFP,WFP Monitor 5,Dollo Ado,REL-DOLL-012,Dollo Ado FDP 12,4.031852,42.04705,"4.031852, 42.04705",42,Yes
SUB-00805,2025-05-14,May 2025,Activity 1 Relief,Food,Food Basket Monitoring,WFP,WFP Monitor 1,Dollo Ado,REL-DOLL-012,Dollo Ado FDP 12,4.031852,42.04705,"4.031852, 42.04705",40,Yes
SUB-00806,2025-05-27,May 2025,Activity 1 Relief,Food,Food Basket Monitoring,WFP,WFP Monitor 7,Dollo Ado,REL-DOLL-012,Dollo Ado FDP 12,4.031852,42.04705,"4.031852, 42.04705",59,Yes
SUB-00807,2025-05-10,May 2025,Activity 1 Relief,Food,Food Basket Monitoring,WFP,WFP Monitor 2,Dollo Ado,REL-DOLL-012,Dollo Ado FDP 12,4.031852,42.04705,"4.031852, 42.04705",14,Yes
SUB-00808,2025-05-12,May 2025,Activity 1 Relief,Food,Warehouse Monitoring,WFP,WFP Monitor 4,Dollo Ado,REL-DOLL-012,Dollo Ado FDP 12,4.031852,42.04705,"4.031852, 42.04705",47,Yes
SUB-00809,2025-05-16,May 2025,Activity 1 Relief,Food,Distribution Observation,WFP,WFP Monitor 5,Dollo Ado,REL-DOLL-012,Dollo Ado FDP 12,4.031852,42.04705,"4.031852, 42.04705",58,Yes
SUB-00810,2025-05-16,May 2025,Activity 1 Relief,Food,Partner Performance Monitoring,WFP,WFP Monitor 7,Dollo Ado,REL-DOLL-012,Dollo Ado FDP 12,4.031852,42.04705,"4.031852, 42.04705",37,Yes
SUB-00811,2025-05-27,May 2025,Activity 1 Relief,Food,Beneficiary Contact Monitoring,WFP,WFP Monitor 4,Dollo Ado,REL-DOLL-013,Dollo Ado FDP 13,4.199786,42.062019,"4.199786, 42.062019",27,Yes
SUB-00812,2025-05-26,May 2025,Activity 1 Relief,Food,Beneficiary Contact Monitoring,WFP,WFP Monitor 2,Dollo Ado,REL-DOLL-013,Dollo Ado FDP 13,4.199786,42.062019,"4.199786, 42.062019",49,Yes
SUB-00813,2025-05-25,May 2025,Activity 1 Relief,Food,Beneficiary Contact Monitoring,WFP,WFP Monitor 1,Dollo Ado,REL-DOLL-013,Dollo Ado FDP 13,4.199786,42.062019,"4.199786, 42.062019",13,Yes
SUB-00814,2025-05-17,May 2025,Activity 1 Relief,Food,Beneficiary Contact Monitoring,WFP,WFP Monitor 7,Dollo Ado,REL-DOLL-013,Dollo Ado FDP 13,4.199786,42.062019,"4.199786, 42.062019",32,Yes
SUB-00815,2025-05-22,May 2025,Activity 1 Relief,Food,Beneficiary Contact Monitoring,WFP,WFP Monitor 8,Dollo Ado,REL-DOLL-013,Dollo Ado FDP 13,4.199786,42.062019,"4.199786, 42.062019",11,Yes
SUB-00816,2025-05-27,May 2025,Activity 1 Relief,Food,Food Basket Monitoring,WFP,WFP Monitor 3,Dollo Ado,REL-DOLL-013,Dollo Ado FDP 13,4.199786,42.062019,"4.199786, 42.062019",13,Yes
SUB-00817,2025-05-20,May 2025,Activity 1 Relief,Food,Food Basket Monitoring,WFP,WFP Monitor 7,Dollo Ado,REL-DOLL-013,Dollo Ado FDP 13,4.199786,42.062019,"4.199786, 42.062019",49,Yes
SUB-00818,2025-05-15,May 2025,Activity 1 Relief,Food,Food Basket Monitoring,WFP,WFP Monitor 2,Dollo Ado,REL-DOLL-013,Dollo Ado FDP 13,4.199786,42.062019,"4.199786, 42.062019",65,Yes
SUB-00819,2025-05-21,May 2025,Activity 1 Relief,Food,Food Basket Monitoring,WFP,WFP Monitor 1,Dollo Ado,REL-DOLL-013,Dollo Ado FDP 13,4.199786,42.062019,"4.199786, 42.062019",22,Yes
SUB-00820,2025-05-11,May 2025,Activity 1 Relief,Food,Food Basket Monitoring,WFP,WFP Monitor 8,Dollo Ado,REL-DOLL-013,Dollo Ado FDP 13,4.199786,42.062019,"4.199786, 42.062019",25,Yes
SUB-00821,2025-05-13,May 2025,Activity 1 Relief,Food,Distribution Observation,WFP,WFP Monitor 1,Dollo Ado,REL-DOLL-013,Dollo Ado FDP 13,4.199786,42.062019,"4.199786, 42.062019",19,Yes
SUB-00822,2025-05-15,May 2025,Activity 1 Relief,Food,Partner Performance Monitoring,WFP,WFP Monitor 1,Dollo Ado,REL-DOLL-013,Dollo Ado FDP 13,4.199786,42.062019,"4.199786, 42.062019",21,Yes
SUB-00823,2025-05-27,May 2025,Activity 1 Relief,Food,Beneficiary Contact Monitoring,WFP,WFP Monitor 7,Dollo Ado,REL-DOLL-014,Dollo Ado FDP 14,4.113813,42.095975,"4.113813, 42.095975",12,Yes
SUB-00824,2025-05-14,May 2025,Activity 1 Relief,Food,Beneficiary Contact Monitoring,WFP,WFP Monitor 3,Dollo Ado,REL-DOLL-014,Dollo Ado FDP 14,4.113813,42.095975,"4.113813, 42.095975",44,Yes
SUB-00825,2025-05-12,May 2025,Activity 1 Relief,Food,Beneficiary Contact Monitoring,WFP,WFP Monitor 7,Dollo Ado,REL-DOLL-014,Dollo Ado FDP 14,4.113813,42.095975,"4.113813, 42.095975",51,Yes
SUB-00826,2025-05-22,May 2025,Activity 1 Relief,Food,Beneficiary Contact Monitoring,WFP,WFP Monitor 6,Dollo Ado,REL-DOLL-014,Dollo Ado FDP 14,4.113813,42.095975,"4.113813, 42.095975",32,Yes
SUB-00827,2025-05-28,May 2025,Activity 1 Relief,Food,Beneficiary Contact Monitoring,WFP,WFP Monitor 3,Dollo Ado,REL-DOLL-014,Dollo Ado FDP 14,4.113813,42.095975,"4.113813, 42.095975",58,Yes
SUB-00828,2025-05-28,May 2025,Activity 1 Relief,Food,Food Basket Monitoring,WFP,WFP Monitor 2,Dollo Ado,REL-DOLL-014,Dollo Ado FDP 14,4.113813,42.095975,"4.113813, 42.095975",40,Yes
SUB-00829,2025-05-28,May 2025,Activity 1 Relief,Food,Food Basket Monitoring,WFP,WFP Monitor 6,Dollo Ado,REL-DOLL-014,Dollo Ado FDP 14,4.113813,42.095975,"4.113813, 42.095975",11,Yes
SUB-00830,2025-05-08,May 2025,Activity 1 Relief,Food,Food Basket Monitoring,WFP,WFP Monitor 7,Dollo Ado,REL-DOLL-014,Dollo Ado FDP 14,4.113813,42.095975,"4.113813, 42.095975",22,Yes
SUB-00831,2025-05-07,May 2025,Activity 1 Relief,Food,Food Basket Monitoring,WFP,WFP Monitor 6,Dollo Ado,REL-DOLL-014,Dollo Ado FDP 14,4.113813,42.095975,"4.113813, 42.095975",46,Yes
SUB-00832,2025-05-24,May 2025,Activity 1 Relief,Food,Food Basket Monitoring,WFP,WFP Monitor 7,Dollo Ado,REL-DOLL-014,Dollo Ado FDP 14,4.113813,42.095975,"4.113813, 42.095975",57,Yes
SUB-00833,2025-05-15,May 2025,Activity 1 Relief,Food,Food Basket Monitoring,WFP,WFP Monitor 1,Dollo Ado,REL-DOLL-014,Dollo Ado FDP 14,4.113813,42.095975,"4.113813, 42.095975",48,Yes
SUB-00834,2025-05-19,May 2025,Activity 1 Relief,Food,Warehouse Monitoring,WFP,WFP Monitor 8,Dollo Ado,REL-DOLL-014,Dollo Ado FDP 14,4.113813,42.095975,"4.113813, 42.095975",22,Yes
SUB-00835,2025-05-17,May 2025,Activity 1 Relief,Food,Distribution Observation,WFP,WFP Monitor 7,Dollo Ado,REL-DOLL-014,Dollo Ado FDP 14,4.113813,42.095975,"4.113813, 42.095975",19,Yes
SUB-00836,2025-05-26,May 2025,Activity 1 Relief,Food,Partner Performance Monitoring,WFP,WFP Monitor 7,Dollo Ado,REL-DOLL-014,Dollo Ado FDP 14,4.113813,42.095975,"4.113813, 42.095975",13,Yes
SUB-00837,2025-05-14,May 2025,Activity 1 Relief,Food,Beneficiary Contact Monitoring,WFP,WFP Monitor 4,Dollo Ado,REL-DOLL-016,Dollo Ado FDP 16,4.143021,42.134964,"4.143021, 42.134964",53,Yes
SUB-00838,2025-05-07,May 2025,Activity 1 Relief,Food,Beneficiary Contact Monitoring,WFP,WFP Monitor 2,Dollo Ado,REL-DOLL-016,Dollo Ado FDP 16,4.143021,42.134964,"4.143021, 42.134964",25,Yes
SUB-00839,2025-05-09,May 2025,Activity 1 Relief,Food,Beneficiary Contact Monitoring,WFP,WFP Monitor 7,Dollo Ado,REL-DOLL-016,Dollo Ado FDP 16,4.143021,42.134964,"4.143021, 42.134964",53,Yes
SUB-00840,2025-05-25,May 2025,Activity 1 Relief,Food,Beneficiary Contact Monitoring,WFP,WFP Monitor 3,Dollo Ado,REL-DOLL-016,Dollo Ado FDP 16,4.143021,42.134964,"4.143021, 42.134964",55,Yes
SUB-00841,2025-05-17,May 2025,Activity 1 Relief,Food,Beneficiary Contact Monitoring,WFP,WFP Monitor 6,Dollo Ado,REL-DOLL-016,Dollo Ado FDP 16,4.143021,42.134964,"4.143021, 42.134964",31,Yes
SUB-00842,2025-05-08,May 2025,Activity 1 Relief,Food,Beneficiary Contact Monitoring,WFP,WFP Monitor 2,Dollo Ado,REL-DOLL-016,Dollo Ado FDP 16,4.143021,42.134964,"4.143021, 42.134964",8,Yes
SUB-00843,2025-05-19,May 2025,Activity 1 Relief,Food,Food Basket Monitoring,WFP,WFP Monitor 6,Dollo Ado,REL-DOLL-016,Dollo Ado FDP 16,4.143021,42.134964,"4.143021, 42.134964",56,Yes
SUB-00844,2025-05-13,May 2025,Activity 1 Relief,Food,Food Basket Monitoring,WFP,WFP Monitor 2,Dollo Ado,REL-DOLL-016,Dollo Ado FDP 16,4.143021,42.134964,"4.143021, 42.134964",16,Yes
SUB-00845,2025-05-07,May 2025,Activity 1 Relief,Food,Food Basket Monitoring,WFP,WFP Monitor 3,Dollo Ado,REL-DOLL-016,Dollo Ado FDP 16,4.143021,42.134964,"4.143021, 42.134964",35,Yes
SUB-00846,2025-05-19,May 2025,Activity 1 Relief,Food,Food Basket Monitoring,WFP,WFP Monitor 7,Dollo Ado,REL-DOLL-016,Dollo Ado FDP 16,4.143021,42.134964,"4.143021, 42.134964",14,Yes
SUB-00847,2025-05-05,May 2025,Activity 1 Relief,Food,Food Basket Monitoring,WFP,WFP Monitor 2,Dollo Ado,REL-DOLL-016,Dollo Ado FDP 16,4.143021,42.134964,"4.143021, 42.134964",30,Yes
SUB-00848,2025-05-22,May 2025,Activity 1 Relief,Food,Food Basket Monitoring,WFP,WFP Monitor 2,Dollo Ado,REL-DOLL-016,Dollo Ado FDP 16,4.143021,42.134964,"4.143021, 42.134964",46,Yes
SUB-00849,2025-05-15,May 2025,Activity 1 Relief,Food,Warehouse Monitoring,WFP,WFP Monitor 7,Dollo Ado,REL-DOLL-016,Dollo Ado FDP 16,4.143021,42.134964,"4.143021, 42.134964",8,Yes
SUB-00850,2025-05-17,May 2025,Activity 1 Relief,Food,Distribution Observation,WFP,WFP Monitor 2,Dollo Ado,REL-DOLL-016,Dollo Ado FDP 16,4.143021,42.134964,"4.143021, 42.134964",54,Yes
SUB-00851,2025-05-12,May 2025,Activity 1 Relief,Food,Partner Performance Monitoring,WFP,WFP Monitor 3,Dollo Ado,REL-DOLL-016,Dollo Ado FDP 16,4.143021,42.134964,"4.143021, 42.134964",51,Yes
SUB-00852,2025-05-09,May 2025,Activity 1 Relief,Food,Beneficiary Contact Monitoring,WFP,WFP Monitor 5,Kelafo,REL-KELA-001,Kelafo FDP 01,5.678214,44.191094,"5.678214, 44.191094",27,Yes
SUB-00853,2025-05-13,May 2025,Activity 1 Relief,Food,Beneficiary Contact Monitoring,WFP,WFP Monitor 8,Kelafo,REL-KELA-001,Kelafo FDP 01,5.678214,44.191094,"5.678214, 44.191094",17,Yes
SUB-00854,2025-05-07,May 2025,Activity 1 Relief,Food,Beneficiary Contact Monitoring,WFP,WFP Monitor 3,Kelafo,REL-KELA-001,Kelafo FDP 01,5.678214,44.191094,"5.678214, 44.191094",35,Yes
SUB-00855,2025-05-13,May 2025,Activity 1 Relief,Food,Beneficiary Contact Monitoring,WFP,WFP Monitor 7,Kelafo,REL-KELA-001,Kelafo FDP 01,5.678214,44.191094,"5.678214, 44.191094",27,Yes
SUB-00856,2025-05-07,May 2025,Activity 1 Relief,Food,Food Basket Monitoring,WFP,WFP Monitor 6,Kelafo,REL-KELA-001,Kelafo FDP 01,5.678214,44.191094,"5.678214, 44.191094",24,Yes
SUB-00857,2025-05-12,May 2025,Activity 1 Relief,Food,Food Basket Monitoring,WFP,WFP Monitor 8,Kelafo,REL-KELA-001,Kelafo FDP 01,5.678214,44.191094,"5.678214, 44.191094",46,Yes
SUB-00858,2025-05-24,May 2025,Activity 1 Relief,Food,Food Basket Monitoring,WFP,WFP Monitor 4,Kelafo,REL-KELA-001,Kelafo FDP 01,5.678214,44.191094,"5.678214, 44.191094",37,Yes
SUB-00859,2025-05-08,May 2025,Activity 1 Relief,Food,Food Basket Monitoring,WFP,WFP Monitor 3,Kelafo,REL-KELA-001,Kelafo FDP 01,5.678214,44.191094,"5.678214, 44.191094",27,Yes
SUB-00860,2025-05-05,May 2025,Activity 1 Relief,Food,Food Basket Monitoring,WFP,WFP Monitor 7,Kelafo,REL-KELA-001,Kelafo FDP 01,5.678214,44.191094,"5.678214, 44.191094",29,Yes
SUB-00861,2025-05-17,May 2025,Activity 1 Relief,Food,Warehouse Monitoring,WFP,WFP Monitor 6,Kelafo,REL-KELA-001,Kelafo FDP 01,5.678214,44.191094,"5.678214, 44.191094",36,Yes
SUB-00862,2025-05-25,May 2025,Activity 1 Relief,Food,Distribution Observation,WFP,WFP Monitor 3,Kelafo,REL-KELA-001,Kelafo FDP 01,5.678214,44.191094,"5.678214, 44.191094",27,Yes
SUB-00863,2025-05-27,May 2025,Activity 1 Relief,Food,Partner Performance Monitoring,WFP,WFP Monitor 4,Kelafo,REL-KELA-001,Kelafo FDP 01,5.678214,44.191094,"5.678214, 44.191094",38,Yes
SUB-00864,2025-05-17,May 2025,Activity 1 Relief,Food,Beneficiary Contact Monitoring,TPM,TPM Monitor 6,Kelafo,REL-KELA-002,Kelafo FDP 02,5.653545,44.145752,"5.653545, 44.145752",26,Yes
SUB-00865,2025-05-28,May 2025,Activity 1 Relief,Food,Beneficiary Contact Monitoring,TPM,TPM Monitor 8,Kelafo,REL-KELA-002,Kelafo FDP 02,5.653545,44.145752,"5.653545, 44.145752",44,Yes
SUB-00866,2025-05-12,May 2025,Activity 1 Relief,Food,Beneficiary Contact Monitoring,TPM,TPM Monitor 6,Kelafo,REL-KELA-002,Kelafo FDP 02,5.653545,44.145752,"5.653545, 44.145752",32,Yes
SUB-00867,2025-05-13,May 2025,Activity 1 Relief,Food,Beneficiary Contact Monitoring,TPM,TPM Monitor 7,Kelafo,REL-KELA-002,Kelafo FDP 02,5.653545,44.145752,"5.653545, 44.145752",31,Yes
SUB-00868,2025-05-08,May 2025,Activity 1 Relief,Food,Beneficiary Contact Monitoring,TPM,TPM Monitor 4,Kelafo,REL-KELA-002,Kelafo FDP 02,5.653545,44.145752,"5.653545, 44.145752",45,Yes
SUB-00869,2025-05-10,May 2025,Activity 1 Relief,Food,Food Basket Monitoring,TPM,TPM Monitor 1,Kelafo,REL-KELA-002,Kelafo FDP 02,5.653545,44.145752,"5.653545, 44.145752",54,Yes
SUB-00870,2025-05-19,May 2025,Activity 1 Relief,Food,Food Basket Monitoring,TPM,TPM Monitor 4,Kelafo,REL-KELA-002,Kelafo FDP 02,5.653545,44.145752,"5.653545, 44.145752",36,Yes
SUB-00871,2025-05-14,May 2025,Activity 1 Relief,Food,Food Basket Monitoring,TPM,TPM Monitor 2,Kelafo,REL-KELA-002,Kelafo FDP 02,5.653545,44.145752,"5.653545, 44.145752",60,Yes
SUB-00872,2025-05-18,May 2025,Activity 1 Relief,Food,Food Basket Monitoring,TPM,TPM Monitor 8,Kelafo,REL-KELA-002,Kelafo FDP 02,5.653545,44.145752,"5.653545, 44.145752",16,Yes
SUB-00873,2025-05-25,May 2025,Activity 1 Relief,Food,Food Basket Monitoring,TPM,TPM Monitor 5,Kelafo,REL-KELA-002,Kelafo FDP 02,5.653545,44.145752,"5.653545, 44.145752",23,Yes
SUB-00874,2025-05-13,May 2025,Activity 1 Relief,Food,Food Basket Monitoring,TPM,TPM Monitor 3,Kelafo,REL-KELA-002,Kelafo FDP 02,5.653545,44.145752,"5.653545, 44.145752",53,Yes
SUB-00875,2025-05-17,May 2025,Activity 1 Relief,Food,Warehouse Monitoring,TPM,TPM Monitor 2,Kelafo,REL-KELA-002,Kelafo FDP 02,5.653545,44.145752,"5.653545, 44.145752",36,Yes
SUB-00876,2025-05-20,May 2025,Activity 1 Relief,Food,Distribution Observation,TPM,TPM Monitor 7,Kelafo,REL-KELA-002,Kelafo FDP 02,5.653545,44.145752,"5.653545, 44.145752",42,Yes
SUB-00877,2025-05-27,May 2025,Activity 1 Relief,Food,Partner Performance Monitoring,TPM,TPM Monitor 7,Kelafo,REL-KELA-002,Kelafo FDP 02,5.653545,44.145752,"5.653545, 44.145752",42,Yes
SUB-00878,2025-05-16,May 2025,Activity 1 Relief,Food,Beneficiary Contact Monitoring,TPM,TPM Monitor 2,Kelafo,REL-KELA-003,Kelafo FDP 03,5.51323,44.168779,"5.51323, 44.168779",14,Yes
SUB-00879,2025-05-12,May 2025,Activity 1 Relief,Food,Beneficiary Contact Monitoring,TPM,TPM Monitor 6,Kelafo,REL-KELA-003,Kelafo FDP 03,5.51323,44.168779,"5.51323, 44.168779",18,Yes
SUB-00880,2025-05-25,May 2025,Activity 1 Relief,Food,Beneficiary Contact Monitoring,TPM,TPM Monitor 1,Kelafo,REL-KELA-003,Kelafo FDP 03,5.51323,44.168779,"5.51323, 44.168779",44,Yes
SUB-00881,2025-05-25,May 2025,Activity 1 Relief,Food,Beneficiary Contact Monitoring,TPM,TPM Monitor 7,Kelafo,REL-KELA-003,Kelafo FDP 03,5.51323,44.168779,"5.51323, 44.168779",56,Yes
SUB-00882,2025-05-18,May 2025,Activity 1 Relief,Food,Food Basket Monitoring,TPM,TPM Monitor 2,Kelafo,REL-KELA-003,Kelafo FDP 03,5.51323,44.168779,"5.51323, 44.168779",8,Yes
SUB-00883,2025-05-08,May 2025,Activity 1 Relief,Food,Food Basket Monitoring,TPM,TPM Monitor 5,Kelafo,REL-KELA-003,Kelafo FDP 03,5.51323,44.168779,"5.51323, 44.168779",22,Yes
SUB-00884,2025-05-21,May 2025,Activity 1 Relief,Food,Food Basket Monitoring,TPM,TPM Monitor 4,Kelafo,REL-KELA-003,Kelafo FDP 03,5.51323,44.168779,"5.51323, 44.168779",36,Yes
SUB-00885,2025-05-16,May 2025,Activity 1 Relief,Food,Food Basket Monitoring,TPM,TPM Monitor 7,Kelafo,REL-KELA-003,Kelafo FDP 03,5.51323,44.168779,"5.51323, 44.168779",37,Yes
SUB-00886,2025-05-26,May 2025,Activity 1 Relief,Food,Food Basket Monitoring,TPM,TPM Monitor 3,Kelafo,REL-KELA-003,Kelafo FDP 03,5.51323,44.168779,"5.51323, 44.168779",30,Yes
SUB-00887,2025-05-20,May 2025,Activity 1 Relief,Food,Warehouse Monitoring,TPM,TPM Monitor 2,Kelafo,REL-KELA-003,Kelafo FDP 03,5.51323,44.168779,"5.51323, 44.168779",26,Yes
SUB-00888,2025-05-07,May 2025,Activity 1 Relief,Food,Distribution Observation,TPM,TPM Monitor 2,Kelafo,REL-KELA-003,Kelafo FDP 03,5.51323,44.168779,"5.51323, 44.168779",61,Yes
SUB-00889,2025-05-09,May 2025,Activity 1 Relief,Food,Partner Performance Monitoring,TPM,TPM Monitor 6,Kelafo,REL-KELA-003,Kelafo FDP 03,5.51323,44.168779,"5.51323, 44.168779",27,Yes
SUB-00890,2025-05-11,May 2025,Activity 1 Relief,Food,Beneficiary Contact Monitoring,WFP,WFP Monitor 8,Kelafo,REL-KELA-004,Kelafo FDP 04,5.722457,44.133762,"5.722457, 44.133762",30,Yes
SUB-00891,2025-05-20,May 2025,Activity 1 Relief,Food,Beneficiary Contact Monitoring,WFP,WFP Monitor 2,Kelafo,REL-KELA-004,Kelafo FDP 04,5.722457,44.133762,"5.722457, 44.133762",36,Yes
SUB-00892,2025-05-28,May 2025,Activity 1 Relief,Food,Beneficiary Contact Monitoring,WFP,WFP Monitor 8,Kelafo,REL-KELA-004,Kelafo FDP 04,5.722457,44.133762,"5.722457, 44.133762",28,Yes
SUB-00893,2025-05-07,May 2025,Activity 1 Relief,Food,Beneficiary Contact Monitoring,WFP,WFP Monitor 5,Kelafo,REL-KELA-004,Kelafo FDP 04,5.722457,44.133762,"5.722457, 44.133762",10,Yes
SUB-00894,2025-05-08,May 2025,Activity 1 Relief,Food,Food Basket Monitoring,WFP,WFP Monitor 1,Kelafo,REL-KELA-004,Kelafo FDP 04,5.722457,44.133762,"5.722457, 44.133762",62,Yes
SUB-00895,2025-05-15,May 2025,Activity 1 Relief,Food,Food Basket Monitoring,WFP,WFP Monitor 2,Kelafo,REL-KELA-004,Kelafo FDP 04,5.722457,44.133762,"5.722457, 44.133762",51,Yes
SUB-00896,2025-05-10,May 2025,Activity 1 Relief,Food,Food Basket Monitoring,WFP,WFP Monitor 4,Kelafo,REL-KELA-004,Kelafo FDP 04,5.722457,44.133762,"5.722457, 44.133762",41,Yes
SUB-00897,2025-05-10,May 2025,Activity 1 Relief,Food,Food Basket Monitoring,WFP,WFP Monitor 3,Kelafo,REL-KELA-004,Kelafo FDP 04,5.722457,44.133762,"5.722457, 44.133762",29,Yes
SUB-00898,2025-05-22,May 2025,Activity 1 Relief,Food,Food Basket Monitoring,WFP,WFP Monitor 7,Kelafo,REL-KELA-004,Kelafo FDP 04,5.722457,44.133762,"5.722457, 44.133762",37,Yes
SUB-00899,2025-05-12,May 2025,Activity 1 Relief,Food,Food Basket Monitoring,WFP,WFP Monitor 7,Kelafo,REL-KELA-004,Kelafo FDP 04,5.722457,44.133762,"5.722457, 44.133762",48,Yes
SUB-00900,2025-05-25,May 2025,Activity 1 Relief,Food,Warehouse Monitoring,WFP,WFP Monitor 7,Kelafo,REL-KELA-004,Kelafo FDP 04,5.722457,44.133762,"5.722457, 44.133762",33,Yes
SUB-00901,2025-05-24,May 2025,Activity 1 Relief,Food,Distribution Observation,WFP,WFP Monitor 4,Kelafo,REL-KELA-004,Kelafo FDP 04,5.722457,44.133762,"5.722457, 44.133762",36,Yes
SUB-00902,2025-05-17,May 2025,Activity 1 Relief,Food,Partner Performance Monitoring,WFP,WFP Monitor 1,Kelafo,REL-KELA-004,Kelafo FDP 04,5.722457,44.133762,"5.722457, 44.133762",53,Yes
SUB-00903,2025-05-13,May 2025,Activity 1 Relief,Food,Beneficiary Contact Monitoring,TPM,TPM Monitor 2,Kelafo,REL-KELA-005,Kelafo FDP 05,5.646307,44.110665,"5.646307, 44.110665",44,Yes
SUB-00904,2025-05-08,May 2025,Activity 1 Relief,Food,Beneficiary Contact Monitoring,TPM,TPM Monitor 3,Kelafo,REL-KELA-005,Kelafo FDP 05,5.646307,44.110665,"5.646307, 44.110665",31,Yes
SUB-00905,2025-05-15,May 2025,Activity 1 Relief,Food,Beneficiary Contact Monitoring,TPM,TPM Monitor 4,Kelafo,REL-KELA-005,Kelafo FDP 05,5.646307,44.110665,"5.646307, 44.110665",37,Yes
SUB-00906,2025-05-08,May 2025,Activity 1 Relief,Food,Beneficiary Contact Monitoring,TPM,TPM Monitor 5,Kelafo,REL-KELA-005,Kelafo FDP 05,5.646307,44.110665,"5.646307, 44.110665",50,Yes
SUB-00907,2025-05-21,May 2025,Activity 1 Relief,Food,Food Basket Monitoring,TPM,TPM Monitor 6,Kelafo,REL-KELA-005,Kelafo FDP 05,5.646307,44.110665,"5.646307, 44.110665",46,Yes
SUB-00908,2025-05-17,May 2025,Activity 1 Relief,Food,Food Basket Monitoring,TPM,TPM Monitor 7,Kelafo,REL-KELA-005,Kelafo FDP 05,5.646307,44.110665,"5.646307, 44.110665",45,Yes
SUB-00909,2025-05-08,May 2025,Activity 1 Relief,Food,Food Basket Monitoring,TPM,TPM Monitor 6,Kelafo,REL-KELA-005,Kelafo FDP 05,5.646307,44.110665,"5.646307, 44.110665",30,Yes
SUB-00910,2025-05-19,May 2025,Activity 1 Relief,Food,Food Basket Monitoring,TPM,TPM Monitor 3,Kelafo,REL-KELA-005,Kelafo FDP 05,5.646307,44.110665,"5.646307, 44.110665",60,Yes
SUB-00911,2025-05-26,May 2025,Activity 1 Relief,Food,Food Basket Monitoring,TPM,TPM Monitor 5,Kelafo,REL-KELA-005,Kelafo FDP 05,5.646307,44.110665,"5.646307, 44.110665",47,Yes
SUB-00912,2025-05-23,May 2025,Activity 1 Relief,Food,Food Basket Monitoring,TPM,TPM Monitor 2,Kelafo,REL-KELA-005,Kelafo FDP 05,5.646307,44.110665,"5.646307, 44.110665",51,Yes
SUB-00913,2025-05-08,May 2025,Activity 1 Relief,Food,Warehouse Monitoring,TPM,TPM Monitor 4,Kelafo,REL-KELA-005,Kelafo FDP 05,5.646307,44.110665,"5.646307, 44.110665",27,Yes
SUB-00914,2025-05-16,May 2025,Activity 1 Relief,Food,Distribution Observation,TPM,TPM Monitor 3,Kelafo,REL-KELA-005,Kelafo FDP 05,5.646307,44.110665,"5.646307, 44.110665",40,Yes
SUB-00915,2025-05-24,May 2025,Activity 1 Relief,Food,Partner Performance Monitoring,TPM,TPM Monitor 3,Kelafo,REL-KELA-005,Kelafo FDP 05,5.646307,44.110665,"5.646307, 44.110665",44,Yes
SUB-00916,2025-05-10,May 2025,Activity 1 Relief,Food,Beneficiary Contact Monitoring,WFP,WFP Monitor 8,Kelafo,REL-KELA-006,Kelafo FDP 06,5.688051,44.196221,"5.688051, 44.196221",48,Yes
SUB-00917,2025-05-22,May 2025,Activity 1 Relief,Food,Beneficiary Contact Monitoring,WFP,WFP Monitor 3,Kelafo,REL-KELA-006,Kelafo FDP 06,5.688051,44.196221,"5.688051, 44.196221",43,Yes
SUB-00918,2025-05-10,May 2025,Activity 1 Relief,Food,Beneficiary Contact Monitoring,WFP,WFP Monitor 8,Kelafo,REL-KELA-006,Kelafo FDP 06,5.688051,44.196221,"5.688051, 44.196221",26,Yes
SUB-00919,2025-05-09,May 2025,Activity 1 Relief,Food,Beneficiary Contact Monitoring,WFP,WFP Monitor 3,Kelafo,REL-KELA-006,Kelafo FDP 06,5.688051,44.196221,"5.688051, 44.196221",28,Yes
SUB-00920,2025-05-24,May 2025,Activity 1 Relief,Food,Food Basket Monitoring,WFP,WFP Monitor 1,Kelafo,REL-KELA-006,Kelafo FDP 06,5.688051,44.196221,"5.688051, 44.196221",63,Yes
SUB-00921,2025-05-16,May 2025,Activity 1 Relief,Food,Food Basket Monitoring,WFP,WFP Monitor 1,Kelafo,REL-KELA-006,Kelafo FDP 06,5.688051,44.196221,"5.688051, 44.196221",39,Yes
SUB-00922,2025-05-09,May 2025,Activity 1 Relief,Food,Food Basket Monitoring,WFP,WFP Monitor 4,Kelafo,REL-KELA-006,Kelafo FDP 06,5.688051,44.196221,"5.688051, 44.196221",60,Yes
SUB-00923,2025-05-17,May 2025,Activity 1 Relief,Food,Food Basket Monitoring,WFP,WFP Monitor 8,Kelafo,REL-KELA-006,Kelafo FDP 06,5.688051,44.196221,"5.688051, 44.196221",34,Yes
SUB-00924,2025-05-26,May 2025,Activity 1 Relief,Food,Food Basket Monitoring,WFP,WFP Monitor 8,Kelafo,REL-KELA-006,Kelafo FDP 06,5.688051,44.196221,"5.688051, 44.196221",34,Yes
SUB-00925,2025-05-27,May 2025,Activity 1 Relief,Food,Food Basket Monitoring,WFP,WFP Monitor 8,Kelafo,REL-KELA-006,Kelafo FDP 06,5.688051,44.196221,"5.688051, 44.196221",39,Yes
SUB-00926,2025-05-23,May 2025,Activity 1 Relief,Food,Warehouse Monitoring,WFP,WFP Monitor 1,Kelafo,REL-KELA-006,Kelafo FDP 06,5.688051,44.196221,"5.688051, 44.196221",58,Yes
SUB-00927,2025-05-14,May 2025,Activity 1 Relief,Food,Distribution Observation,WFP,WFP Monitor 1,Kelafo,REL-KELA-006,Kelafo FDP 06,5.688051,44.196221,"5.688051, 44.196221",25,Yes
SUB-00928,2025-05-19,May 2025,Activity 1 Relief,Food,Beneficiary Contact Monitoring,TPM,TPM Monitor 8,Kelafo,REL-KELA-007,Kelafo FDP 07,5.659827,44.140091,"5.659827, 44.140091",43,Yes
SUB-00929,2025-05-21,May 2025,Activity 1 Relief,Food,Beneficiary Contact Monitoring,TPM,TPM Monitor 2,Kelafo,REL-KELA-007,Kelafo FDP 07,5.659827,44.140091,"5.659827, 44.140091",44,Yes
SUB-00930,2025-05-08,May 2025,Activity 1 Relief,Food,Beneficiary Contact Monitoring,TPM,TPM Monitor 5,Kelafo,REL-KELA-007,Kelafo FDP 07,5.659827,44.140091,"5.659827, 44.140091",57,Yes
SUB-00931,2025-05-22,May 2025,Activity 1 Relief,Food,Beneficiary Contact Monitoring,TPM,TPM Monitor 6,Kelafo,REL-KELA-007,Kelafo FDP 07,5.659827,44.140091,"5.659827, 44.140091",42,Yes
SUB-00932,2025-05-06,May 2025,Activity 1 Relief,Food,Food Basket Monitoring,TPM,TPM Monitor 8,Kelafo,REL-KELA-007,Kelafo FDP 07,5.659827,44.140091,"5.659827, 44.140091",42,Yes
SUB-00933,2025-05-11,May 2025,Activity 1 Relief,Food,Food Basket Monitoring,TPM,TPM Monitor 7,Kelafo,REL-KELA-007,Kelafo FDP 07,5.659827,44.140091,"5.659827, 44.140091",14,Yes
SUB-00934,2025-05-28,May 2025,Activity 1 Relief,Food,Food Basket Monitoring,TPM,TPM Monitor 4,Kelafo,REL-KELA-007,Kelafo FDP 07,5.659827,44.140091,"5.659827, 44.140091",27,Yes
SUB-00935,2025-05-06,May 2025,Activity 1 Relief,Food,Food Basket Monitoring,TPM,TPM Monitor 8,Kelafo,REL-KELA-007,Kelafo FDP 07,5.659827,44.140091,"5.659827, 44.140091",24,Yes
SUB-00936,2025-05-16,May 2025,Activity 1 Relief,Food,Food Basket Monitoring,TPM,TPM Monitor 2,Kelafo,REL-KELA-007,Kelafo FDP 07,5.659827,44.140091,"5.659827, 44.140091",36,Yes
SUB-00937,2025-05-08,May 2025,Activity 1 Relief,Food,Food Basket Monitoring,TPM,TPM Monitor 4,Kelafo,REL-KELA-007,Kelafo FDP 07,5.659827,44.140091,"5.659827, 44.140091",21,Yes
SUB-00938,2025-05-23,May 2025,Activity 1 Relief,Food,Warehouse Monitoring,TPM,TPM Monitor 6,Kelafo,REL-KELA-007,Kelafo FDP 07,5.659827,44.140091,"5.659827, 44.140091",63,Yes
SUB-00939,2025-05-25,May 2025,Activity 1 Relief,Food,Distribution Observation,TPM,TPM Monitor 7,Kelafo,REL-KELA-007,Kelafo FDP 07,5.659827,44.140091,"5.659827, 44.140091",18,Yes
SUB-00940,2025-05-11,May 2025,Activity 1 Relief,Food,Partner Performance Monitoring,TPM,TPM Monitor 4,Kelafo,REL-KELA-007,Kelafo FDP 07,5.659827,44.140091,"5.659827, 44.140091",59,Yes
SUB-00941,2025-05-16,May 2025,Activity 1 Relief,Food,Beneficiary Contact Monitoring,WFP,WFP Monitor 5,Kelafo,REL-KELA-008,Kelafo FDP 08,5.628392,44.217647,"5.628392, 44.217647",46,Yes
SUB-00942,2025-05-22,May 2025,Activity 1 Relief,Food,Beneficiary Contact Monitoring,WFP,WFP Monitor 3,Kelafo,REL-KELA-008,Kelafo FDP 08,5.628392,44.217647,"5.628392, 44.217647",28,Yes
SUB-00943,2025-05-27,May 2025,Activity 1 Relief,Food,Beneficiary Contact Monitoring,WFP,WFP Monitor 5,Kelafo,REL-KELA-008,Kelafo FDP 08,5.628392,44.217647,"5.628392, 44.217647",26,Yes
SUB-00944,2025-05-21,May 2025,Activity 1 Relief,Food,Food Basket Monitoring,WFP,WFP Monitor 2,Kelafo,REL-KELA-008,Kelafo FDP 08,5.628392,44.217647,"5.628392, 44.217647",16,Yes
SUB-00945,2025-05-18,May 2025,Activity 1 Relief,Food,Food Basket Monitoring,WFP,WFP Monitor 1,Kelafo,REL-KELA-008,Kelafo FDP 08,5.628392,44.217647,"5.628392, 44.217647",25,Yes
SUB-00946,2025-05-25,May 2025,Activity 1 Relief,Food,Food Basket Monitoring,WFP,WFP Monitor 3,Kelafo,REL-KELA-008,Kelafo FDP 08,5.628392,44.217647,"5.628392, 44.217647",52,Yes
SUB-00947,2025-05-09,May 2025,Activity 1 Relief,Food,Food Basket Monitoring,WFP,WFP Monitor 4,Kelafo,REL-KELA-008,Kelafo FDP 08,5.628392,44.217647,"5.628392, 44.217647",17,Yes
SUB-00948,2025-05-27,May 2025,Activity 1 Relief,Food,Food Basket Monitoring,WFP,WFP Monitor 6,Kelafo,REL-KELA-008,Kelafo FDP 08,5.628392,44.217647,"5.628392, 44.217647",61,Yes
SUB-00949,2025-05-26,May 2025,Activity 1 Relief,Food,Warehouse Monitoring,WFP,WFP Monitor 7,Kelafo,REL-KELA-008,Kelafo FDP 08,5.628392,44.217647,"5.628392, 44.217647",39,Yes
SUB-00950,2025-05-25,May 2025,Activity 1 Relief,Food,Distribution Observation,WFP,WFP Monitor 5,Kelafo,REL-KELA-008,Kelafo FDP 08,5.628392,44.217647,"5.628392, 44.217647",48,Yes
SUB-00951,2025-05-19,May 2025,Activity 1 Relief,Food,Partner Performance Monitoring,WFP,WFP Monitor 2,Kelafo,REL-KELA-008,Kelafo FDP 08,5.628392,44.217647,"5.628392, 44.217647",48,Yes
SUB-00952,2025-05-07,May 2025,Activity 1 Relief,Food,Beneficiary Contact Monitoring,TPM,TPM Monitor 7,Kelafo,REL-KELA-009,Kelafo FDP 09,5.634964,44.154129,"5.634964, 44.154129",40,Yes
SUB-00953,2025-05-28,May 2025,Activity 1 Relief,Food,Beneficiary Contact Monitoring,TPM,TPM Monitor 5,Kelafo,REL-KELA-009,Kelafo FDP 09,5.634964,44.154129,"5.634964, 44.154129",52,Yes
SUB-00954,2025-05-16,May 2025,Activity 1 Relief,Food,Beneficiary Contact Monitoring,TPM,TPM Monitor 8,Kelafo,REL-KELA-009,Kelafo FDP 09,5.634964,44.154129,"5.634964, 44.154129",39,Yes
SUB-00955,2025-05-15,May 2025,Activity 1 Relief,Food,Beneficiary Contact Monitoring,TPM,TPM Monitor 1,Kelafo,REL-KELA-009,Kelafo FDP 09,5.634964,44.154129,"5.634964, 44.154129",63,Yes
SUB-00956,2025-05-28,May 2025,Activity 1 Relief,Food,Beneficiary Contact Monitoring,TPM,TPM Monitor 2,Kelafo,REL-KELA-009,Kelafo FDP 09,5.634964,44.154129,"5.634964, 44.154129",54,Yes
SUB-00957,2025-05-19,May 2025,Activity 1 Relief,Food,Beneficiary Contact Monitoring,TPM,TPM Monitor 6,Kelafo,REL-KELA-009,Kelafo FDP 09,5.634964,44.154129,"5.634964, 44.154129",62,Yes
SUB-00958,2025-05-22,May 2025,Activity 1 Relief,Food,Food Basket Monitoring,TPM,TPM Monitor 7,Kelafo,REL-KELA-009,Kelafo FDP 09,5.634964,44.154129,"5.634964, 44.154129",21,Yes
SUB-00959,2025-05-18,May 2025,Activity 1 Relief,Food,Food Basket Monitoring,TPM,TPM Monitor 4,Kelafo,REL-KELA-009,Kelafo FDP 09,5.634964,44.154129,"5.634964, 44.154129",39,Yes
SUB-00960,2025-05-13,May 2025,Activity 1 Relief,Food,Food Basket Monitoring,TPM,TPM Monitor 6,Kelafo,REL-KELA-009,Kelafo FDP 09,5.634964,44.154129,"5.634964, 44.154129",61,Yes
SUB-00961,2025-05-14,May 2025,Activity 1 Relief,Food,Food Basket Monitoring,TPM,TPM Monitor 6,Kelafo,REL-KELA-009,Kelafo FDP 09,5.634964,44.154129,"5.634964, 44.154129",43,Yes
SUB-00962,2025-05-23,May 2025,Activity 1 Relief,Food,Warehouse Monitoring,TPM,TPM Monitor 8,Kelafo,REL-KELA-009,Kelafo FDP 09,5.634964,44.154129,"5.634964, 44.154129",58,Yes
SUB-00963,2025-05-26,May 2025,Activity 1 Relief,Food,Distribution Observation,TPM,TPM Monitor 1,Kelafo,REL-KELA-009,Kelafo FDP 09,5.634964,44.154129,"5.634964, 44.154129",10,Yes
SUB-00964,2025-05-19,May 2025,Activity 1 Relief,Food,Beneficiary Contact Monitoring,TPM,TPM Monitor 1,Kelafo,REL-KELA-010,Kelafo FDP 10,5.624775,44.011656,"5.624775, 44.011656",15,Yes
SUB-00965,2025-05-10,May 2025,Activity 1 Relief,Food,Beneficiary Contact Monitoring,TPM,TPM Monitor 8,Kelafo,REL-KELA-010,Kelafo FDP 10,5.624775,44.011656,"5.624775, 44.011656",37,Yes
SUB-00966,2025-05-05,May 2025,Activity 1 Relief,Food,Beneficiary Contact Monitoring,TPM,TPM Monitor 7,Kelafo,REL-KELA-010,Kelafo FDP 10,5.624775,44.011656,"5.624775, 44.011656",20,Yes
SUB-00967,2025-05-27,May 2025,Activity 1 Relief,Food,Beneficiary Contact Monitoring,TPM,TPM Monitor 3,Kelafo,REL-KELA-010,Kelafo FDP 10,5.624775,44.011656,"5.624775, 44.011656",64,Yes
SUB-00968,2025-05-25,May 2025,Activity 1 Relief,Food,Beneficiary Contact Monitoring,TPM,TPM Monitor 5,Kelafo,REL-KELA-010,Kelafo FDP 10,5.624775,44.011656,"5.624775, 44.011656",18,Yes
SUB-00969,2025-05-13,May 2025,Activity 1 Relief,Food,Beneficiary Contact Monitoring,TPM,TPM Monitor 2,Kelafo,REL-KELA-010,Kelafo FDP 10,5.624775,44.011656,"5.624775, 44.011656",49,Yes
SUB-00970,2025-05-07,May 2025,Activity 1 Relief,Food,Food Basket Monitoring,TPM,TPM Monitor 6,Kelafo,REL-KELA-010,Kelafo FDP 10,5.624775,44.011656,"5.624775, 44.011656",50,Yes
SUB-00971,2025-05-25,May 2025,Activity 1 Relief,Food,Food Basket Monitoring,TPM,TPM Monitor 3,Kelafo,REL-KELA-010,Kelafo FDP 10,5.624775,44.011656,"5.624775, 44.011656",11,Yes
SUB-00972,2025-05-17,May 2025,Activity 1 Relief,Food,Food Basket Monitoring,TPM,TPM Monitor 5,Kelafo,REL-KELA-010,Kelafo FDP 10,5.624775,44.011656,"5.624775, 44.011656",54,Yes
SUB-00973,2025-05-27,May 2025,Activity 1 Relief,Food,Food Basket Monitoring,TPM,TPM Monitor 4,Kelafo,REL-KELA-010,Kelafo FDP 10,5.624775,44.011656,"5.624775, 44.011656",35,Yes
SUB-00974,2025-05-25,May 2025,Activity 1 Relief,Food,Food Basket Monitoring,TPM,TPM Monitor 2,Kelafo,REL-KELA-010,Kelafo FDP 10,5.624775,44.011656,"5.624775, 44.011656",53,Yes
SUB-00975,2025-05-11,May 2025,Activity 1 Relief,Food,Warehouse Monitoring,TPM,TPM Monitor 8,Kelafo,REL-KELA-010,Kelafo FDP 10,5.624775,44.011656,"5.624775, 44.011656",12,Yes
SUB-00976,2025-05-12,May 2025,Activity 1 Relief,Food,Distribution Observation,TPM,TPM Monitor 8,Kelafo,REL-KELA-010,Kelafo FDP 10,5.624775,44.011656,"5.624775, 44.011656",8,Yes
SUB-00977,2025-05-08,May 2025,Activity 1 Relief,Food,Beneficiary Contact Monitoring,WFP,WFP Monitor 7,Kelafo,REL-KELA-011,Kelafo FDP 11,5.721752,44.140331,"5.721752, 44.140331",52,Yes
SUB-00978,2025-05-09,May 2025,Activity 1 Relief,Food,Beneficiary Contact Monitoring,WFP,WFP Monitor 8,Kelafo,REL-KELA-011,Kelafo FDP 11,5.721752,44.140331,"5.721752, 44.140331",12,Yes
SUB-00979,2025-05-12,May 2025,Activity 1 Relief,Food,Beneficiary Contact Monitoring,WFP,WFP Monitor 7,Kelafo,REL-KELA-011,Kelafo FDP 11,5.721752,44.140331,"5.721752, 44.140331",13,Yes
SUB-00980,2025-05-28,May 2025,Activity 1 Relief,Food,Beneficiary Contact Monitoring,WFP,WFP Monitor 2,Kelafo,REL-KELA-011,Kelafo FDP 11,5.721752,44.140331,"5.721752, 44.140331",14,Yes
SUB-00981,2025-05-14,May 2025,Activity 1 Relief,Food,Food Basket Monitoring,WFP,WFP Monitor 3,Kelafo,REL-KELA-011,Kelafo FDP 11,5.721752,44.140331,"5.721752, 44.140331",32,Yes
SUB-00982,2025-05-09,May 2025,Activity 1 Relief,Food,Food Basket Monitoring,WFP,WFP Monitor 3,Kelafo,REL-KELA-011,Kelafo FDP 11,5.721752,44.140331,"5.721752, 44.140331",12,Yes
SUB-00983,2025-05-21,May 2025,Activity 1 Relief,Food,Food Basket Monitoring,WFP,WFP Monitor 1,Kelafo,REL-KELA-011,Kelafo FDP 11,5.721752,44.140331,"5.721752, 44.140331",47,Yes
SUB-00984,2025-05-25,May 2025,Activity 1 Relief,Food,Food Basket Monitoring,WFP,WFP Monitor 3,Kelafo,REL-KELA-011,Kelafo FDP 11,5.721752,44.140331,"5.721752, 44.140331",36,Yes
SUB-00985,2025-05-11,May 2025,Activity 1 Relief,Food,Warehouse Monitoring,WFP,WFP Monitor 3,Kelafo,REL-KELA-011,Kelafo FDP 11,5.721752,44.140331,"5.721752, 44.140331",34,Yes
SUB-00986,2025-05-19,May 2025,Activity 1 Relief,Food,Distribution Observation,WFP,WFP Monitor 4,Kelafo,REL-KELA-011,Kelafo FDP 11,5.721752,44.140331,"5.721752, 44.140331",13,Yes
SUB-00987,2025-05-09,May 2025,Activity 1 Relief,Food,Partner Performance Monitoring,WFP,WFP Monitor 2,Kelafo,REL-KELA-011,Kelafo FDP 11,5.721752,44.140331,"5.721752, 44.140331",45,Yes
SUB-00988,2025-05-16,May 2025,Activity 1 Relief,Food,Beneficiary Contact Monitoring,WFP,WFP Monitor 7,Kelafo,REL-KELA-012,Kelafo FDP 12,5.66969,44.065016,"5.66969, 44.065016",28,Yes
SUB-00989,2025-05-09,May 2025,Activity 1 Relief,Food,Beneficiary Contact Monitoring,WFP,WFP Monitor 4,Kelafo,REL-KELA-012,Kelafo FDP 12,5.66969,44.065016,"5.66969, 44.065016",25,Yes
SUB-00990,2025-05-25,May 2025,Activity 1 Relief,Food,Beneficiary Contact Monitoring,WFP,WFP Monitor 2,Kelafo,REL-KELA-012,Kelafo FDP 12,5.66969,44.065016,"5.66969, 44.065016",23,Yes
SUB-00991,2025-05-22,May 2025,Activity 1 Relief,Food,Beneficiary Contact Monitoring,WFP,WFP Monitor 5,Kelafo,REL-KELA-012,Kelafo FDP 12,5.66969,44.065016,"5.66969, 44.065016",57,Yes
SUB-00992,2025-05-27,May 2025,Activity 1 Relief,Food,Beneficiary Contact Monitoring,WFP,WFP Monitor 1,Kelafo,REL-KELA-012,Kelafo FDP 12,5.66969,44.065016,"5.66969, 44.065016",62,Yes
SUB-00993,2025-05-14,May 2025,Activity 1 Relief,Food,Food Basket Monitoring,WFP,WFP Monitor 4,Kelafo,REL-KELA-012,Kelafo FDP 12,5.66969,44.065016,"5.66969, 44.065016",41,Yes
SUB-00994,2025-05-24,May 2025,Activity 1 Relief,Food,Food Basket Monitoring,WFP,WFP Monitor 4,Kelafo,REL-KELA-012,Kelafo FDP 12,5.66969,44.065016,"5.66969, 44.065016",55,Yes
SUB-00995,2025-05-17,May 2025,Activity 1 Relief,Food,Food Basket Monitoring,WFP,WFP Monitor 5,Kelafo,REL-KELA-012,Kelafo FDP 12,5.66969,44.065016,"5.66969, 44.065016",49,Yes
SUB-00996,2025-05-06,May 2025,Activity 1 Relief,Food,Food Basket Monitoring,WFP,WFP Monitor 4,Kelafo,REL-KELA-012,Kelafo FDP 12,5.66969,44.065016,"5.66969, 44.065016",39,Yes
SUB-00997,2025-05-17,May 2025,Activity 1 Relief,Food,Food Basket Monitoring,WFP,WFP Monitor 2,Kelafo,REL-KELA-012,Kelafo FDP 12,5.66969,44.065016,"5.66969, 44.065016",23,Yes
SUB-00998,2025-05-20,May 2025,Activity 1 Relief,Food,Food Basket Monitoring,WFP,WFP Monitor 2,Kelafo,REL-KELA-012,Kelafo FDP 12,5.66969,44.065016,"5.66969, 44.065016",41,Yes
SUB-00999,2025-05-05,May 2025,Activity 1 Relief,Food,Warehouse Monitoring,WFP,WFP Monitor 6,Kelafo,REL-KELA-012,Kelafo FDP 12,5.66969,44.065016,"5.66969, 44.065016",28,Yes
SUB-01000,2025-05-23,May 2025,Activity 1 Relief,Food,Distribution Observation,WFP,WFP Monitor 7,Kelafo,REL-KELA-012,Kelafo FDP 12,5.66969,44.065016,"5.66969, 44.065016",31,Yes
SUB-01001,2025-05-10,May 2025,Activity 1 Relief,Food,Partner Performance Monitoring,WFP,WFP Monitor 8,Kelafo,REL-KELA-012,Kelafo FDP 12,5.66969,44.065016,"5.66969, 44.065016",57,Yes
SUB-01002,2025-05-23,May 2025,Activity 1 Relief,Food,Beneficiary Contact Monitoring,TPM,TPM Monitor 2,Kelafo,REL-KELA-013,Kelafo FDP 13,5.699281,44.164786,"5.699281, 44.164786",8,Yes
SUB-01003,2025-05-13,May 2025,Activity 1 Relief,Food,Beneficiary Contact Monitoring,TPM,TPM Monitor 4,Kelafo,REL-KELA-013,Kelafo FDP 13,5.699281,44.164786,"5.699281, 44.164786",10,Yes
SUB-01004,2025-05-06,May 2025,Activity 1 Relief,Food,Beneficiary Contact Monitoring,TPM,TPM Monitor 7,Kelafo,REL-KELA-013,Kelafo FDP 13,5.699281,44.164786,"5.699281, 44.164786",40,Yes
SUB-01005,2025-05-14,May 2025,Activity 1 Relief,Food,Beneficiary Contact Monitoring,TPM,TPM Monitor 7,Kelafo,REL-KELA-013,Kelafo FDP 13,5.699281,44.164786,"5.699281, 44.164786",35,Yes
SUB-01006,2025-05-07,May 2025,Activity 1 Relief,Food,Food Basket Monitoring,TPM,TPM Monitor 3,Kelafo,REL-KELA-013,Kelafo FDP 13,5.699281,44.164786,"5.699281, 44.164786",25,Yes
SUB-01007,2025-05-07,May 2025,Activity 1 Relief,Food,Food Basket Monitoring,TPM,TPM Monitor 5,Kelafo,REL-KELA-013,Kelafo FDP 13,5.699281,44.164786,"5.699281, 44.164786",13,Yes
SUB-01008,2025-05-21,May 2025,Activity 1 Relief,Food,Food Basket Monitoring,TPM,TPM Monitor 4,Kelafo,REL-KELA-013,Kelafo FDP 13,5.699281,44.164786,"5.699281, 44.164786",59,Yes
SUB-01009,2025-05-09,May 2025,Activity 1 Relief,Food,Food Basket Monitoring,TPM,TPM Monitor 6,Kelafo,REL-KELA-013,Kelafo FDP 13,5.699281,44.164786,"5.699281, 44.164786",33,Yes
SUB-01010,2025-05-23,May 2025,Activity 1 Relief,Food,Food Basket Monitoring,TPM,TPM Monitor 2,Kelafo,REL-KELA-013,Kelafo FDP 13,5.699281,44.164786,"5.699281, 44.164786",27,Yes
SUB-01011,2025-05-27,May 2025,Activity 1 Relief,Food,Food Basket Monitoring,TPM,TPM Monitor 7,Kelafo,REL-KELA-013,Kelafo FDP 13,5.699281,44.164786,"5.699281, 44.164786",54,Yes
SUB-01012,2025-05-12,May 2025,Activity 1 Relief,Food,Warehouse Monitoring,TPM,TPM Monitor 1,Kelafo,REL-KELA-013,Kelafo FDP 13,5.699281,44.164786,"5.699281, 44.164786",23,Yes
SUB-01013,2025-05-18,May 2025,Activity 1 Relief,Food,Distribution Observation,TPM,TPM Monitor 2,Kelafo,REL-KELA-013,Kelafo FDP 13,5.699281,44.164786,"5.699281, 44.164786",37,Yes
SUB-01014,2025-05-06,May 2025,Activity 1 Relief,Food,Partner Performance Monitoring,TPM,TPM Monitor 5,Kelafo,REL-KELA-013,Kelafo FDP 13,5.699281,44.164786,"5.699281, 44.164786",50,Yes
SUB-01015,2025-05-28,May 2025,Activity 1 Relief,Food,Beneficiary Contact Monitoring,TPM,TPM Monitor 3,Kelafo,REL-KELA-014,Kelafo FDP 14,5.643598,44.174001,"5.643598, 44.174001",15,Yes
SUB-01016,2025-05-05,May 2025,Activity 1 Relief,Food,Beneficiary Contact Monitoring,TPM,TPM Monitor 3,Kelafo,REL-KELA-014,Kelafo FDP 14,5.643598,44.174001,"5.643598, 44.174001",52,Yes
SUB-01017,2025-05-05,May 2025,Activity 1 Relief,Food,Beneficiary Contact Monitoring,TPM,TPM Monitor 3,Kelafo,REL-KELA-014,Kelafo FDP 14,5.643598,44.174001,"5.643598, 44.174001",39,Yes
SUB-01018,2025-05-16,May 2025,Activity 1 Relief,Food,Beneficiary Contact Monitoring,TPM,TPM Monitor 5,Kelafo,REL-KELA-014,Kelafo FDP 14,5.643598,44.174001,"5.643598, 44.174001",18,Yes
SUB-01019,2025-05-16,May 2025,Activity 1 Relief,Food,Beneficiary Contact Monitoring,TPM,TPM Monitor 3,Kelafo,REL-KELA-014,Kelafo FDP 14,5.643598,44.174001,"5.643598, 44.174001",55,Yes
SUB-01020,2025-05-13,May 2025,Activity 1 Relief,Food,Beneficiary Contact Monitoring,TPM,TPM Monitor 2,Kelafo,REL-KELA-014,Kelafo FDP 14,5.643598,44.174001,"5.643598, 44.174001",57,Yes
SUB-01021,2025-05-15,May 2025,Activity 1 Relief,Food,Food Basket Monitoring,TPM,TPM Monitor 7,Kelafo,REL-KELA-014,Kelafo FDP 14,5.643598,44.174001,"5.643598, 44.174001",25,Yes
SUB-01022,2025-05-21,May 2025,Activity 1 Relief,Food,Food Basket Monitoring,TPM,TPM Monitor 2,Kelafo,REL-KELA-014,Kelafo FDP 14,5.643598,44.174001,"5.643598, 44.174001",24,Yes
SUB-01023,2025-05-27,May 2025,Activity 1 Relief,Food,Food Basket Monitoring,TPM,TPM Monitor 2,Kelafo,REL-KELA-014,Kelafo FDP 14,5.643598,44.174001,"5.643598, 44.174001",39,Yes
SUB-01024,2025-05-19,May 2025,Activity 1 Relief,Food,Food Basket Monitoring,TPM,TPM Monitor 6,Kelafo,REL-KELA-014,Kelafo FDP 14,5.643598,44.174001,"5.643598, 44.174001",11,Yes
SUB-01025,2025-05-20,May 2025,Activity 1 Relief,Food,Food Basket Monitoring,TPM,TPM Monitor 3,Kelafo,REL-KELA-014,Kelafo FDP 14,5.643598,44.174001,"5.643598, 44.174001",31,Yes
SUB-01026,2025-05-10,May 2025,Activity 1 Relief,Food,Food Basket Monitoring,TPM,TPM Monitor 5,Kelafo,REL-KELA-014,Kelafo FDP 14,5.643598,44.174001,"5.643598, 44.174001",57,Yes
SUB-01027,2025-05-23,May 2025,Activity 1 Relief,Food,Warehouse Monitoring,TPM,TPM Monitor 2,Kelafo,REL-KELA-014,Kelafo FDP 14,5.643598,44.174001,"5.643598, 44.174001",22,Yes
SUB-01028,2025-05-05,May 2025,Activity 1 Relief,Food,Distribution Observation,TPM,TPM Monitor 1,Kelafo,REL-KELA-014,Kelafo FDP 14,5.643598,44.174001,"5.643598, 44.174001",62,Yes
SUB-01029,2025-05-12,May 2025,Activity 1 Relief,Food,Partner Performance Monitoring,TPM,TPM Monitor 1,Kelafo,REL-KELA-014,Kelafo FDP 14,5.643598,44.174001,"5.643598, 44.174001",38,Yes
SUB-01030,2025-05-09,May 2025,Activity 1 Relief,Food,Beneficiary Contact Monitoring,WFP,WFP Monitor 3,Kelafo,REL-KELA-015,Kelafo FDP 15,5.595896,44.228127,"5.595896, 44.228127",62,Yes
SUB-01031,2025-05-06,May 2025,Activity 1 Relief,Food,Beneficiary Contact Monitoring,WFP,WFP Monitor 7,Kelafo,REL-KELA-015,Kelafo FDP 15,5.595896,44.228127,"5.595896, 44.228127",22,Yes
SUB-01032,2025-05-15,May 2025,Activity 1 Relief,Food,Beneficiary Contact Monitoring,WFP,WFP Monitor 4,Kelafo,REL-KELA-015,Kelafo FDP 15,5.595896,44.228127,"5.595896, 44.228127",34,Yes
SUB-01033,2025-05-28,May 2025,Activity 1 Relief,Food,Beneficiary Contact Monitoring,WFP,WFP Monitor 6,Kelafo,REL-KELA-015,Kelafo FDP 15,5.595896,44.228127,"5.595896, 44.228127",25,Yes
SUB-01034,2025-05-23,May 2025,Activity 1 Relief,Food,Food Basket Monitoring,WFP,WFP Monitor 6,Kelafo,REL-KELA-015,Kelafo FDP 15,5.595896,44.228127,"5.595896, 44.228127",15,Yes
SUB-01035,2025-05-21,May 2025,Activity 1 Relief,Food,Food Basket Monitoring,WFP,WFP Monitor 1,Kelafo,REL-KELA-015,Kelafo FDP 15,5.595896,44.228127,"5.595896, 44.228127",19,Yes
SUB-01036,2025-05-12,May 2025,Activity 1 Relief,Food,Food Basket Monitoring,WFP,WFP Monitor 1,Kelafo,REL-KELA-015,Kelafo FDP 15,5.595896,44.228127,"5.595896, 44.228127",33,Yes
SUB-01037,2025-05-07,May 2025,Activity 1 Relief,Food,Food Basket Monitoring,WFP,WFP Monitor 8,Kelafo,REL-KELA-015,Kelafo FDP 15,5.595896,44.228127,"5.595896, 44.228127",63,Yes
SUB-01038,2025-05-14,May 2025,Activity 1 Relief,Food,Food Basket Monitoring,WFP,WFP Monitor 5,Kelafo,REL-KELA-015,Kelafo FDP 15,5.595896,44.228127,"5.595896, 44.228127",28,Yes
SUB-01039,2025-05-07,May 2025,Activity 1 Relief,Food,Food Basket Monitoring,WFP,WFP Monitor 8,Kelafo,REL-KELA-015,Kelafo FDP 15,5.595896,44.228127,"5.595896, 44.228127",8,Yes
SUB-01040,2025-05-14,May 2025,Activity 1 Relief,Food,Warehouse Monitoring,WFP,WFP Monitor 5,Kelafo,REL-KELA-015,Kelafo FDP 15,5.595896,44.228127,"5.595896, 44.228127",55,Yes
SUB-01041,2025-05-19,May 2025,Activity 1 Relief,Food,Distribution Observation,WFP,WFP Monitor 6,Kelafo,REL-KELA-015,Kelafo FDP 15,5.595896,44.228127,"5.595896, 44.228127",45,Yes
SUB-01042,2025-05-11,May 2025,Activity 1 Relief,Food,Partner Performance Monitoring,WFP,WFP Monitor 4,Kelafo,REL-KELA-015,Kelafo FDP 15,5.595896,44.228127,"5.595896, 44.228127",17,Yes
SUB-01043,2025-05-18,May 2025,Activity 1 Relief,Food,Beneficiary Contact Monitoring,WFP,WFP Monitor 1,Kelafo,REL-KELA-016,Kelafo FDP 16,5.727549,44.128463,"5.727549, 44.128463",22,Yes
SUB-01044,2025-05-22,May 2025,Activity 1 Relief,Food,Beneficiary Contact Monitoring,WFP,WFP Monitor 6,Kelafo,REL-KELA-016,Kelafo FDP 16,5.727549,44.128463,"5.727549, 44.128463",48,Yes
SUB-01045,2025-05-27,May 2025,Activity 1 Relief,Food,Beneficiary Contact Monitoring,WFP,WFP Monitor 1,Kelafo,REL-KELA-016,Kelafo FDP 16,5.727549,44.128463,"5.727549, 44.128463",29,Yes
SUB-01046,2025-05-26,May 2025,Activity 1 Relief,Food,Food Basket Monitoring,WFP,WFP Monitor 7,Kelafo,REL-KELA-016,Kelafo FDP 16,5.727549,44.128463,"5.727549, 44.128463",62,Yes
SUB-01047,2025-05-28,May 2025,Activity 1 Relief,Food,Food Basket Monitoring,WFP,WFP Monitor 5,Kelafo,REL-KELA-016,Kelafo FDP 16,5.727549,44.128463,"5.727549, 44.128463",14,Yes
SUB-01048,2025-05-11,May 2025,Activity 1 Relief,Food,Food Basket Monitoring,WFP,WFP Monitor 4,Kelafo,REL-KELA-016,Kelafo FDP 16,5.727549,44.128463,"5.727549, 44.128463",34,Yes
SUB-01049,2025-05-06,May 2025,Activity 1 Relief,Food,Warehouse Monitoring,WFP,WFP Monitor 3,Kelafo,REL-KELA-016,Kelafo FDP 16,5.727549,44.128463,"5.727549, 44.128463",53,Yes
SUB-01050,2025-05-06,May 2025,Activity 1 Relief,Food,Distribution Observation,WFP,WFP Monitor 4,Kelafo,REL-KELA-016,Kelafo FDP 16,5.727549,44.128463,"5.727549, 44.128463",65,Yes
SUB-01051,2025-05-18,May 2025,Activity 1 Relief,Food,Partner Performance Monitoring,WFP,WFP Monitor 6,Kelafo,REL-KELA-016,Kelafo FDP 16,5.727549,44.128463,"5.727549, 44.128463",37,Yes
SUB-01052,2025-05-07,May 2025,Activity 1 Relief,Food,Beneficiary Contact Monitoring,TPM,TPM Monitor 2,Kelafo,REL-KELA-017,Kelafo FDP 17,5.62664,44.172771,"5.62664, 44.172771",40,Yes
SUB-01053,2025-05-09,May 2025,Activity 1 Relief,Food,Beneficiary Contact Monitoring,TPM,TPM Monitor 7,Kelafo,REL-KELA-017,Kelafo FDP 17,5.62664,44.172771,"5.62664, 44.172771",12,Yes
SUB-01054,2025-05-23,May 2025,Activity 1 Relief,Food,Beneficiary Contact Monitoring,TPM,TPM Monitor 1,Kelafo,REL-KELA-017,Kelafo FDP 17,5.62664,44.172771,"5.62664, 44.172771",35,Yes
SUB-01055,2025-05-26,May 2025,Activity 1 Relief,Food,Beneficiary Contact Monitoring,TPM,TPM Monitor 3,Kelafo,REL-KELA-017,Kelafo FDP 17,5.62664,44.172771,"5.62664, 44.172771",23,Yes
SUB-01056,2025-05-14,May 2025,Activity 1 Relief,Food,Beneficiary Contact Monitoring,TPM,TPM Monitor 5,Kelafo,REL-KELA-017,Kelafo FDP 17,5.62664,44.172771,"5.62664, 44.172771",62,Yes
SUB-01057,2025-05-15,May 2025,Activity 1 Relief,Food,Beneficiary Contact Monitoring,TPM,TPM Monitor 7,Kelafo,REL-KELA-017,Kelafo FDP 17,5.62664,44.172771,"5.62664, 44.172771",52,Yes
SUB-01058,2025-05-15,May 2025,Activity 1 Relief,Food,Food Basket Monitoring,TPM,TPM Monitor 6,Kelafo,REL-KELA-017,Kelafo FDP 17,5.62664,44.172771,"5.62664, 44.172771",36,Yes
SUB-01059,2025-05-13,May 2025,Activity 1 Relief,Food,Food Basket Monitoring,TPM,TPM Monitor 4,Kelafo,REL-KELA-017,Kelafo FDP 17,5.62664,44.172771,"5.62664, 44.172771",12,Yes
SUB-01060,2025-05-11,May 2025,Activity 1 Relief,Food,Food Basket Monitoring,TPM,TPM Monitor 3,Kelafo,REL-KELA-017,Kelafo FDP 17,5.62664,44.172771,"5.62664, 44.172771",57,Yes
SUB-01061,2025-05-23,May 2025,Activity 1 Relief,Food,Food Basket Monitoring,TPM,TPM Monitor 2,Kelafo,REL-KELA-017,Kelafo FDP 17,5.62664,44.172771,"5.62664, 44.172771",17,Yes
SUB-01062,2025-05-08,May 2025,Activity 1 Relief,Food,Food Basket Monitoring,TPM,TPM Monitor 3,Kelafo,REL-KELA-017,Kelafo FDP 17,5.62664,44.172771,"5.62664, 44.172771",36,Yes
SUB-01063,2025-05-19,May 2025,Activity 1 Relief,Food,Food Basket Monitoring,TPM,TPM Monitor 6,Kelafo,REL-KELA-017,Kelafo FDP 17,5.62664,44.172771,"5.62664, 44.172771",34,Yes
SUB-01064,2025-05-16,May 2025,Activity 1 Relief,Food,Warehouse Monitoring,TPM,TPM Monitor 4,Kelafo,REL-KELA-017,Kelafo FDP 17,5.62664,44.172771,"5.62664, 44.172771",36,Yes
SUB-01065,2025-05-13,May 2025,Activity 1 Relief,Food,Distribution Observation,TPM,TPM Monitor 2,Kelafo,REL-KELA-017,Kelafo FDP 17,5.62664,44.172771,"5.62664, 44.172771",13,Yes
SUB-01066,2025-05-27,May 2025,Activity 1 Relief,Food,Beneficiary Contact Monitoring,TPM,TPM Monitor 1,Kelafo,REL-KELA-018,Kelafo FDP 18,5.695158,44.075023,"5.695158, 44.075023",21,Yes
SUB-01067,2025-05-15,May 2025,Activity 1 Relief,Food,Beneficiary Contact Monitoring,TPM,TPM Monitor 3,Kelafo,REL-KELA-018,Kelafo FDP 18,5.695158,44.075023,"5.695158, 44.075023",13,Yes
SUB-01068,2025-05-27,May 2025,Activity 1 Relief,Food,Beneficiary Contact Monitoring,TPM,TPM Monitor 4,Kelafo,REL-KELA-018,Kelafo FDP 18,5.695158,44.075023,"5.695158, 44.075023",30,Yes
SUB-01069,2025-05-17,May 2025,Activity 1 Relief,Food,Beneficiary Contact Monitoring,TPM,TPM Monitor 1,Kelafo,REL-KELA-018,Kelafo FDP 18,5.695158,44.075023,"5.695158, 44.075023",51,Yes
SUB-01070,2025-05-14,May 2025,Activity 1 Relief,Food,Beneficiary Contact Monitoring,TPM,TPM Monitor 5,Kelafo,REL-KELA-018,Kelafo FDP 18,5.695158,44.075023,"5.695158, 44.075023",60,Yes
SUB-01071,2025-05-10,May 2025,Activity 1 Relief,Food,Beneficiary Contact Monitoring,TPM,TPM Monitor 1,Kelafo,REL-KELA-018,Kelafo FDP 18,5.695158,44.075023,"5.695158, 44.075023",33,Yes
SUB-01072,2025-05-22,May 2025,Activity 1 Relief,Food,Food Basket Monitoring,TPM,TPM Monitor 4,Kelafo,REL-KELA-018,Kelafo FDP 18,5.695158,44.075023,"5.695158, 44.075023",14,Yes
SUB-01073,2025-05-19,May 2025,Activity 1 Relief,Food,Food Basket Monitoring,TPM,TPM Monitor 2,Kelafo,REL-KELA-018,Kelafo FDP 18,5.695158,44.075023,"5.695158, 44.075023",59,Yes
SUB-01074,2025-05-09,May 2025,Activity 1 Relief,Food,Food Basket Monitoring,TPM,TPM Monitor 2,Kelafo,REL-KELA-018,Kelafo FDP 18,5.695158,44.075023,"5.695158, 44.075023",8,Yes
SUB-01075,2025-05-06,May 2025,Activity 1 Relief,Food,Food Basket Monitoring,TPM,TPM Monitor 4,Kelafo,REL-KELA-018,Kelafo FDP 18,5.695158,44.075023,"5.695158, 44.075023",16,Yes
SUB-01076,2025-05-11,May 2025,Activity 1 Relief,Food,Food Basket Monitoring,TPM,TPM Monitor 7,Kelafo,REL-KELA-018,Kelafo FDP 18,5.695158,44.075023,"5.695158, 44.075023",31,Yes
SUB-01077,2025-05-26,May 2025,Activity 1 Relief,Food,Food Basket Monitoring,TPM,TPM Monitor 2,Kelafo,REL-KELA-018,Kelafo FDP 18,5.695158,44.075023,"5.695158, 44.075023",45,Yes
SUB-01078,2025-05-07,May 2025,Activity 1 Relief,Food,Warehouse Monitoring,TPM,TPM Monitor 1,Kelafo,REL-KELA-018,Kelafo FDP 18,5.695158,44.075023,"5.695158, 44.075023",12,Yes
SUB-01079,2025-05-25,May 2025,Activity 1 Relief,Food,Distribution Observation,TPM,TPM Monitor 8,Kelafo,REL-KELA-018,Kelafo FDP 18,5.695158,44.075023,"5.695158, 44.075023",59,Yes
SUB-01080,2025-05-15,May 2025,Activity 1 Relief,Food,Beneficiary Contact Monitoring,TPM,TPM Monitor 2,Kelafo,REL-KELA-019,Kelafo FDP 19,5.620861,44.199756,"5.620861, 44.199756",10,Yes
SUB-01081,2025-05-19,May 2025,Activity 1 Relief,Food,Beneficiary Contact Monitoring,TPM,TPM Monitor 1,Kelafo,REL-KELA-019,Kelafo FDP 19,5.620861,44.199756,"5.620861, 44.199756",18,Yes
SUB-01082,2025-05-23,May 2025,Activity 1 Relief,Food,Beneficiary Contact Monitoring,TPM,TPM Monitor 7,Kelafo,REL-KELA-019,Kelafo FDP 19,5.620861,44.199756,"5.620861, 44.199756",60,Yes
SUB-01083,2025-05-28,May 2025,Activity 1 Relief,Food,Beneficiary Contact Monitoring,TPM,TPM Monitor 7,Kelafo,REL-KELA-019,Kelafo FDP 19,5.620861,44.199756,"5.620861, 44.199756",39,Yes
SUB-01084,2025-05-05,May 2025,Activity 1 Relief,Food,Beneficiary Contact Monitoring,TPM,TPM Monitor 7,Kelafo,REL-KELA-019,Kelafo FDP 19,5.620861,44.199756,"5.620861, 44.199756",51,Yes
SUB-01085,2025-05-18,May 2025,Activity 1 Relief,Food,Beneficiary Contact Monitoring,TPM,TPM Monitor 3,Kelafo,REL-KELA-019,Kelafo FDP 19,5.620861,44.199756,"5.620861, 44.199756",30,Yes
SUB-01086,2025-05-10,May 2025,Activity 1 Relief,Food,Food Basket Monitoring,TPM,TPM Monitor 5,Kelafo,REL-KELA-019,Kelafo FDP 19,5.620861,44.199756,"5.620861, 44.199756",25,Yes
SUB-01087,2025-05-19,May 2025,Activity 1 Relief,Food,Food Basket Monitoring,TPM,TPM Monitor 3,Kelafo,REL-KELA-019,Kelafo FDP 19,5.620861,44.199756,"5.620861, 44.199756",10,Yes
SUB-01088,2025-05-24,May 2025,Activity 1 Relief,Food,Food Basket Monitoring,TPM,TPM Monitor 4,Kelafo,REL-KELA-019,Kelafo FDP 19,5.620861,44.199756,"5.620861, 44.199756",49,Yes
SUB-01089,2025-05-14,May 2025,Activity 1 Relief,Food,Food Basket Monitoring,TPM,TPM Monitor 8,Kelafo,REL-KELA-019,Kelafo FDP 19,5.620861,44.199756,"5.620861, 44.199756",34,Yes
SUB-01090,2025-05-20,May 2025,Activity 1 Relief,Food,Warehouse Monitoring,TPM,TPM Monitor 1,Kelafo,REL-KELA-019,Kelafo FDP 19,5.620861,44.199756,"5.620861, 44.199756",13,Yes
SUB-01091,2025-05-09,May 2025,Activity 1 Relief,Food,Distribution Observation,TPM,TPM Monitor 7,Kelafo,REL-KELA-019,Kelafo FDP 19,5.620861,44.199756,"5.620861, 44.199756",20,Yes
SUB-01092,2025-05-21,May 2025,Activity 1 Relief,Food,Partner Performance Monitoring,TPM,TPM Monitor 4,Kelafo,REL-KELA-019,Kelafo FDP 19,5.620861,44.199756,"5.620861, 44.199756",48,Yes
SUB-01093,2025-05-22,May 2025,Activity 1 Relief,Food,Beneficiary Contact Monitoring,TPM,TPM Monitor 1,Kelafo,REL-KELA-020,Kelafo FDP 20,5.57562,44.111153,"5.57562, 44.111153",32,Yes
SUB-01094,2025-05-27,May 2025,Activity 1 Relief,Food,Beneficiary Contact Monitoring,TPM,TPM Monitor 6,Kelafo,REL-KELA-020,Kelafo FDP 20,5.57562,44.111153,"5.57562, 44.111153",38,Yes
SUB-01095,2025-05-22,May 2025,Activity 1 Relief,Food,Beneficiary Contact Monitoring,TPM,TPM Monitor 8,Kelafo,REL-KELA-020,Kelafo FDP 20,5.57562,44.111153,"5.57562, 44.111153",30,Yes
SUB-01096,2025-05-23,May 2025,Activity 1 Relief,Food,Beneficiary Contact Monitoring,TPM,TPM Monitor 6,Kelafo,REL-KELA-020,Kelafo FDP 20,5.57562,44.111153,"5.57562, 44.111153",32,Yes
SUB-01097,2025-05-13,May 2025,Activity 1 Relief,Food,Beneficiary Contact Monitoring,TPM,TPM Monitor 3,Kelafo,REL-KELA-020,Kelafo FDP 20,5.57562,44.111153,"5.57562, 44.111153",9,Yes
SUB-01098,2025-05-15,May 2025,Activity 1 Relief,Food,Beneficiary Contact Monitoring,TPM,TPM Monitor 4,Kelafo,REL-KELA-020,Kelafo FDP 20,5.57562,44.111153,"5.57562, 44.111153",9,Yes
SUB-01099,2025-05-13,May 2025,Activity 1 Relief,Food,Food Basket Monitoring,TPM,TPM Monitor 1,Kelafo,REL-KELA-020,Kelafo FDP 20,5.57562,44.111153,"5.57562, 44.111153",59,Yes
SUB-01100,2025-05-20,May 2025,Activity 1 Relief,Food,Food Basket Monitoring,TPM,TPM Monitor 6,Kelafo,REL-KELA-020,Kelafo FDP 20,5.57562,44.111153,"5.57562, 44.111153",57,Yes
SUB-01101,2025-05-23,May 2025,Activity 1 Relief,Food,Food Basket Monitoring,TPM,TPM Monitor 4,Kelafo,REL-KELA-020,Kelafo FDP 20,5.57562,44.111153,"5.57562, 44.111153",18,Yes
SUB-01102,2025-05-08,May 2025,Activity 1 Relief,Food,Food Basket Monitoring,TPM,TPM Monitor 4,Kelafo,REL-KELA-020,Kelafo FDP 20,5.57562,44.111153,"5.57562, 44.111153",50,Yes
SUB-01103,2025-05-12,May 2025,Activity 1 Relief,Food,Food Basket Monitoring,TPM,TPM Monitor 5,Kelafo,REL-KELA-020,Kelafo FDP 20,5.57562,44.111153,"5.57562, 44.111153",42,Yes
SUB-01104,2025-05-28,May 2025,Activity 1 Relief,Food,Food Basket Monitoring,TPM,TPM Monitor 1,Kelafo,REL-KELA-020,Kelafo FDP 20,5.57562,44.111153,"5.57562, 44.111153",56,Yes
SUB-01105,2025-05-12,May 2025,Activity 1 Relief,Food,Warehouse Monitoring,TPM,TPM Monitor 7,Kelafo,REL-KELA-020,Kelafo FDP 20,5.57562,44.111153,"5.57562, 44.111153",30,Yes
SUB-01106,2025-05-10,May 2025,Activity 1 Relief,Food,Distribution Observation,TPM,TPM Monitor 3,Kelafo,REL-KELA-020,Kelafo FDP 20,5.57562,44.111153,"5.57562, 44.111153",23,Yes
SUB-01107,2025-05-28,May 2025,Activity 1 Relief,Food,Partner Performance Monitoring,TPM,TPM Monitor 6,Kelafo,REL-KELA-020,Kelafo FDP 20,5.57562,44.111153,"5.57562, 44.111153",45,Yes
SUB-01108,2025-05-27,May 2025,Activity 2 Nutrition,TSFP,TSFP Centre-Level Monitoring,WFP,WFP Monitor 6,Duhun,NUT-DUHU-001,Duhun FDP 01,7.920234,42.569055,"7.920234, 42.569055",44,Yes
SUB-01109,2025-05-23,May 2025,Activity 2 Nutrition,TSFP,Beneficiary Contact Monitoring,WFP,WFP Monitor 4,Duhun,NUT-DUHU-001,Duhun FDP 01,7.920234,42.569055,"7.920234, 42.569055",61,Yes
SUB-01110,2025-05-20,May 2025,Activity 2 Nutrition,TSFP,Beneficiary Contact Monitoring,WFP,WFP Monitor 5,Duhun,NUT-DUHU-001,Duhun FDP 01,7.920234,42.569055,"7.920234, 42.569055",19,Yes
SUB-01111,2025-05-07,May 2025,Activity 2 Nutrition,TSFP,TSFP Food Basket / Ration Verification,WFP,WFP Monitor 1,Duhun,NUT-DUHU-001,Duhun FDP 01,7.920234,42.569055,"7.920234, 42.569055",22,Yes
SUB-01112,2025-05-24,May 2025,Activity 2 Nutrition,TSFP,TSFP Food Basket / Ration Verification,WFP,WFP Monitor 4,Duhun,NUT-DUHU-001,Duhun FDP 01,7.920234,42.569055,"7.920234, 42.569055",9,Yes
SUB-01113,2025-05-05,May 2025,Activity 2 Nutrition,TSFP,Distribution Observation,WFP,WFP Monitor 6,Duhun,NUT-DUHU-001,Duhun FDP 01,7.920234,42.569055,"7.920234, 42.569055",47,Yes
SUB-01114,2025-05-09,May 2025,Activity 2 Nutrition,TSFP,Warehouse / Store Monitoring,WFP,WFP Monitor 6,Duhun,NUT-DUHU-001,Duhun FDP 01,7.920234,42.569055,"7.920234, 42.569055",53,Yes
SUB-01115,2025-05-15,May 2025,Activity 2 Nutrition,TSFP,TSFP Centre-Level Monitoring,WFP,WFP Monitor 1,Duhun,NUT-DUHU-002,Duhun FDP 02,7.843273,42.562054,"7.843273, 42.562054",9,Yes
SUB-01116,2025-05-27,May 2025,Activity 2 Nutrition,TSFP,Beneficiary Contact Monitoring,WFP,WFP Monitor 3,Duhun,NUT-DUHU-002,Duhun FDP 02,7.843273,42.562054,"7.843273, 42.562054",57,Yes
SUB-01117,2025-05-21,May 2025,Activity 2 Nutrition,TSFP,TSFP Food Basket / Ration Verification,WFP,WFP Monitor 6,Duhun,NUT-DUHU-002,Duhun FDP 02,7.843273,42.562054,"7.843273, 42.562054",12,Yes
SUB-01118,2025-05-26,May 2025,Activity 2 Nutrition,TSFP,Distribution Observation,WFP,WFP Monitor 7,Duhun,NUT-DUHU-002,Duhun FDP 02,7.843273,42.562054,"7.843273, 42.562054",45,Yes
SUB-01119,2025-05-14,May 2025,Activity 2 Nutrition,TSFP,Warehouse / Store Monitoring,WFP,WFP Monitor 6,Duhun,NUT-DUHU-002,Duhun FDP 02,7.843273,42.562054,"7.843273, 42.562054",16,Yes
SUB-01120,2025-05-28,May 2025,Activity 2 Nutrition,TSFP,Partner Performance Monitoring,WFP,WFP Monitor 7,Duhun,NUT-DUHU-002,Duhun FDP 02,7.843273,42.562054,"7.843273, 42.562054",58,Yes
SUB-01121,2025-05-20,May 2025,Activity 2 Nutrition,TSFP,TSFP Centre-Level Monitoring,WFP,WFP Monitor 6,Duhun,NUT-DUHU-003,Duhun FDP 03,7.857891,42.628916,"7.857891, 42.628916",19,Yes
SUB-01122,2025-05-22,May 2025,Activity 2 Nutrition,TSFP,Beneficiary Contact Monitoring,WFP,WFP Monitor 6,Duhun,NUT-DUHU-003,Duhun FDP 03,7.857891,42.628916,"7.857891, 42.628916",22,Yes
SUB-01123,2025-05-26,May 2025,Activity 2 Nutrition,TSFP,Beneficiary Contact Monitoring,WFP,WFP Monitor 3,Duhun,NUT-DUHU-003,Duhun FDP 03,7.857891,42.628916,"7.857891, 42.628916",32,Yes
SUB-01124,2025-05-27,May 2025,Activity 2 Nutrition,TSFP,TSFP Food Basket / Ration Verification,WFP,WFP Monitor 5,Duhun,NUT-DUHU-003,Duhun FDP 03,7.857891,42.628916,"7.857891, 42.628916",16,Yes
SUB-01125,2025-05-05,May 2025,Activity 2 Nutrition,TSFP,Distribution Observation,WFP,WFP Monitor 7,Duhun,NUT-DUHU-003,Duhun FDP 03,7.857891,42.628916,"7.857891, 42.628916",62,Yes
SUB-01126,2025-05-23,May 2025,Activity 2 Nutrition,TSFP,Warehouse / Store Monitoring,WFP,WFP Monitor 1,Duhun,NUT-DUHU-003,Duhun FDP 03,7.857891,42.628916,"7.857891, 42.628916",19,Yes
SUB-01127,2025-05-24,May 2025,Activity 2 Nutrition,TSFP,Partner Performance Monitoring,WFP,WFP Monitor 4,Duhun,NUT-DUHU-003,Duhun FDP 03,7.857891,42.628916,"7.857891, 42.628916",48,Yes
SUB-01128,2025-05-20,May 2025,Activity 2 Nutrition,TSFP,TSFP Centre-Level Monitoring,WFP,WFP Monitor 3,Duhun,NUT-DUHU-004,Duhun FDP 04,7.908045,42.611341,"7.908045, 42.611341",29,Yes
SUB-01129,2025-05-12,May 2025,Activity 2 Nutrition,TSFP,Beneficiary Contact Monitoring,WFP,WFP Monitor 6,Duhun,NUT-DUHU-004,Duhun FDP 04,7.908045,42.611341,"7.908045, 42.611341",28,Yes
SUB-01130,2025-05-10,May 2025,Activity 2 Nutrition,TSFP,Beneficiary Contact Monitoring,WFP,WFP Monitor 2,Duhun,NUT-DUHU-004,Duhun FDP 04,7.908045,42.611341,"7.908045, 42.611341",60,Yes
SUB-01131,2025-05-25,May 2025,Activity 2 Nutrition,TSFP,TSFP Food Basket / Ration Verification,WFP,WFP Monitor 6,Duhun,NUT-DUHU-004,Duhun FDP 04,7.908045,42.611341,"7.908045, 42.611341",36,Yes
SUB-01132,2025-05-05,May 2025,Activity 2 Nutrition,TSFP,TSFP Food Basket / Ration Verification,WFP,WFP Monitor 5,Duhun,NUT-DUHU-004,Duhun FDP 04,7.908045,42.611341,"7.908045, 42.611341",21,Yes
SUB-01133,2025-05-07,May 2025,Activity 2 Nutrition,TSFP,Distribution Observation,WFP,WFP Monitor 6,Duhun,NUT-DUHU-004,Duhun FDP 04,7.908045,42.611341,"7.908045, 42.611341",24,Yes
SUB-01134,2025-05-28,May 2025,Activity 2 Nutrition,TSFP,Warehouse / Store Monitoring,WFP,WFP Monitor 1,Duhun,NUT-DUHU-004,Duhun FDP 04,7.908045,42.611341,"7.908045, 42.611341",11,Yes
SUB-01135,2025-05-28,May 2025,Activity 2 Nutrition,TSFP,Partner Performance Monitoring,WFP,WFP Monitor 7,Duhun,NUT-DUHU-004,Duhun FDP 04,7.908045,42.611341,"7.908045, 42.611341",18,Yes
SUB-01136,2025-05-20,May 2025,Activity 2 Nutrition,TSFP,TSFP Centre-Level Monitoring,WFP,WFP Monitor 7,Duhun,NUT-DUHU-005,Duhun FDP 05,7.949055,42.539307,"7.949055, 42.539307",30,Yes
SUB-01137,2025-05-08,May 2025,Activity 2 Nutrition,TSFP,Beneficiary Contact Monitoring,WFP,WFP Monitor 8,Duhun,NUT-DUHU-005,Duhun FDP 05,7.949055,42.539307,"7.949055, 42.539307",58,Yes
SUB-01138,2025-05-23,May 2025,Activity 2 Nutrition,TSFP,Beneficiary Contact Monitoring,WFP,WFP Monitor 4,Duhun,NUT-DUHU-005,Duhun FDP 05,7.949055,42.539307,"7.949055, 42.539307",18,Yes
SUB-01139,2025-05-06,May 2025,Activity 2 Nutrition,TSFP,TSFP Food Basket / Ration Verification,WFP,WFP Monitor 5,Duhun,NUT-DUHU-005,Duhun FDP 05,7.949055,42.539307,"7.949055, 42.539307",9,Yes
SUB-01140,2025-05-15,May 2025,Activity 2 Nutrition,TSFP,TSFP Food Basket / Ration Verification,WFP,WFP Monitor 5,Duhun,NUT-DUHU-005,Duhun FDP 05,7.949055,42.539307,"7.949055, 42.539307",14,Yes
SUB-01141,2025-05-10,May 2025,Activity 2 Nutrition,TSFP,Distribution Observation,WFP,WFP Monitor 7,Duhun,NUT-DUHU-005,Duhun FDP 05,7.949055,42.539307,"7.949055, 42.539307",18,Yes
SUB-01142,2025-05-22,May 2025,Activity 2 Nutrition,TSFP,Warehouse / Store Monitoring,WFP,WFP Monitor 2,Duhun,NUT-DUHU-005,Duhun FDP 05,7.949055,42.539307,"7.949055, 42.539307",29,Yes
SUB-01143,2025-05-24,May 2025,Activity 2 Nutrition,TSFP,Partner Performance Monitoring,WFP,WFP Monitor 8,Duhun,NUT-DUHU-005,Duhun FDP 05,7.949055,42.539307,"7.949055, 42.539307",53,Yes
SUB-01144,2025-05-25,May 2025,Activity 2 Nutrition,TSFP,TSFP Centre-Level Monitoring,WFP,WFP Monitor 3,Duhun,NUT-DUHU-006,Duhun FDP 06,7.80368,42.48685,"7.80368, 42.48685",46,Yes
SUB-01145,2025-05-10,May 2025,Activity 2 Nutrition,TSFP,Beneficiary Contact Monitoring,WFP,WFP Monitor 1,Duhun,NUT-DUHU-006,Duhun FDP 06,7.80368,42.48685,"7.80368, 42.48685",14,Yes
SUB-01146,2025-05-15,May 2025,Activity 2 Nutrition,TSFP,Beneficiary Contact Monitoring,WFP,WFP Monitor 4,Duhun,NUT-DUHU-006,Duhun FDP 06,7.80368,42.48685,"7.80368, 42.48685",20,Yes
SUB-01147,2025-05-22,May 2025,Activity 2 Nutrition,TSFP,TSFP Food Basket / Ration Verification,WFP,WFP Monitor 5,Duhun,NUT-DUHU-006,Duhun FDP 06,7.80368,42.48685,"7.80368, 42.48685",50,Yes
SUB-01148,2025-05-14,May 2025,Activity 2 Nutrition,TSFP,TSFP Food Basket / Ration Verification,WFP,WFP Monitor 5,Duhun,NUT-DUHU-006,Duhun FDP 06,7.80368,42.48685,"7.80368, 42.48685",23,Yes
SUB-01149,2025-05-17,May 2025,Activity 2 Nutrition,TSFP,Distribution Observation,WFP,WFP Monitor 8,Duhun,NUT-DUHU-006,Duhun FDP 06,7.80368,42.48685,"7.80368, 42.48685",17,Yes
SUB-01150,2025-05-26,May 2025,Activity 2 Nutrition,TSFP,TSFP Centre-Level Monitoring,WFP,WFP Monitor 8,Duhun,NUT-DUHU-007,Duhun FDP 07,7.804265,42.512999,"7.804265, 42.512999",20,Yes
SUB-01151,2025-05-11,May 2025,Activity 2 Nutrition,TSFP,Beneficiary Contact Monitoring,WFP,WFP Monitor 3,Duhun,NUT-DUHU-007,Duhun FDP 07,7.804265,42.512999,"7.804265, 42.512999",48,Yes
SUB-01152,2025-05-07,May 2025,Activity 2 Nutrition,TSFP,TSFP Food Basket / Ration Verification,WFP,WFP Monitor 8,Duhun,NUT-DUHU-007,Duhun FDP 07,7.804265,42.512999,"7.804265, 42.512999",62,Yes
SUB-01153,2025-05-17,May 2025,Activity 2 Nutrition,TSFP,Distribution Observation,WFP,WFP Monitor 8,Duhun,NUT-DUHU-007,Duhun FDP 07,7.804265,42.512999,"7.804265, 42.512999",39,Yes
SUB-01154,2025-05-13,May 2025,Activity 2 Nutrition,TSFP,Warehouse / Store Monitoring,WFP,WFP Monitor 2,Duhun,NUT-DUHU-007,Duhun FDP 07,7.804265,42.512999,"7.804265, 42.512999",49,Yes
SUB-01155,2025-05-10,May 2025,Activity 2 Nutrition,TSFP,Partner Performance Monitoring,WFP,WFP Monitor 6,Duhun,NUT-DUHU-007,Duhun FDP 07,7.804265,42.512999,"7.804265, 42.512999",64,Yes
SUB-01156,2025-05-10,May 2025,Activity 2 Nutrition,TSFP,TSFP Centre-Level Monitoring,WFP,WFP Monitor 8,Duhun,NUT-DUHU-008,Duhun FDP 08,7.886856,42.486812,"7.886856, 42.486812",10,Yes
SUB-01157,2025-05-19,May 2025,Activity 2 Nutrition,TSFP,Beneficiary Contact Monitoring,WFP,WFP Monitor 5,Duhun,NUT-DUHU-008,Duhun FDP 08,7.886856,42.486812,"7.886856, 42.486812",22,Yes
SUB-01158,2025-05-23,May 2025,Activity 2 Nutrition,TSFP,TSFP Food Basket / Ration Verification,WFP,WFP Monitor 1,Duhun,NUT-DUHU-008,Duhun FDP 08,7.886856,42.486812,"7.886856, 42.486812",17,Yes
SUB-01159,2025-05-27,May 2025,Activity 2 Nutrition,TSFP,TSFP Food Basket / Ration Verification,WFP,WFP Monitor 2,Duhun,NUT-DUHU-008,Duhun FDP 08,7.886856,42.486812,"7.886856, 42.486812",13,Yes
SUB-01160,2025-05-22,May 2025,Activity 2 Nutrition,TSFP,Distribution Observation,WFP,WFP Monitor 7,Duhun,NUT-DUHU-008,Duhun FDP 08,7.886856,42.486812,"7.886856, 42.486812",56,Yes
SUB-01161,2025-05-22,May 2025,Activity 2 Nutrition,TSFP,Warehouse / Store Monitoring,WFP,WFP Monitor 1,Duhun,NUT-DUHU-008,Duhun FDP 08,7.886856,42.486812,"7.886856, 42.486812",61,Yes
SUB-01162,2025-05-21,May 2025,Activity 2 Nutrition,TSFP,Partner Performance Monitoring,WFP,WFP Monitor 7,Duhun,NUT-DUHU-008,Duhun FDP 08,7.886856,42.486812,"7.886856, 42.486812",42,Yes
SUB-01163,2025-05-20,May 2025,Activity 2 Nutrition,TSFP,TSFP Centre-Level Monitoring,WFP,WFP Monitor 4,Duhun,NUT-DUHU-009,Duhun FDP 09,7.835265,42.497664,"7.835265, 42.497664",38,Yes
SUB-01164,2025-05-17,May 2025,Activity 2 Nutrition,TSFP,Beneficiary Contact Monitoring,WFP,WFP Monitor 1,Duhun,NUT-DUHU-009,Duhun FDP 09,7.835265,42.497664,"7.835265, 42.497664",40,Yes
SUB-01165,2025-05-21,May 2025,Activity 2 Nutrition,TSFP,TSFP Food Basket / Ration Verification,WFP,WFP Monitor 3,Duhun,NUT-DUHU-009,Duhun FDP 09,7.835265,42.497664,"7.835265, 42.497664",15,Yes
SUB-01166,2025-05-19,May 2025,Activity 2 Nutrition,TSFP,TSFP Food Basket / Ration Verification,WFP,WFP Monitor 3,Duhun,NUT-DUHU-009,Duhun FDP 09,7.835265,42.497664,"7.835265, 42.497664",18,Yes
SUB-01167,2025-05-11,May 2025,Activity 2 Nutrition,TSFP,Distribution Observation,WFP,WFP Monitor 3,Duhun,NUT-DUHU-009,Duhun FDP 09,7.835265,42.497664,"7.835265, 42.497664",10,Yes
SUB-01168,2025-05-26,May 2025,Activity 2 Nutrition,TSFP,Warehouse / Store Monitoring,WFP,WFP Monitor 7,Duhun,NUT-DUHU-009,Duhun FDP 09,7.835265,42.497664,"7.835265, 42.497664",20,Yes
SUB-01169,2025-05-25,May 2025,Activity 2 Nutrition,TSFP,Partner Performance Monitoring,WFP,WFP Monitor 3,Duhun,NUT-DUHU-009,Duhun FDP 09,7.835265,42.497664,"7.835265, 42.497664",61,Yes
SUB-01170,2025-05-15,May 2025,Activity 2 Nutrition,TSFP,TSFP Centre-Level Monitoring,WFP,WFP Monitor 2,Duhun,NUT-DUHU-010,Duhun FDP 10,7.763646,42.604229,"7.763646, 42.604229",13,Yes
SUB-01171,2025-05-17,May 2025,Activity 2 Nutrition,TSFP,Beneficiary Contact Monitoring,WFP,WFP Monitor 6,Duhun,NUT-DUHU-010,Duhun FDP 10,7.763646,42.604229,"7.763646, 42.604229",62,Yes
SUB-01172,2025-05-19,May 2025,Activity 2 Nutrition,TSFP,TSFP Food Basket / Ration Verification,WFP,WFP Monitor 1,Duhun,NUT-DUHU-010,Duhun FDP 10,7.763646,42.604229,"7.763646, 42.604229",58,Yes
SUB-01173,2025-05-23,May 2025,Activity 2 Nutrition,TSFP,Distribution Observation,WFP,WFP Monitor 7,Duhun,NUT-DUHU-010,Duhun FDP 10,7.763646,42.604229,"7.763646, 42.604229",15,Yes
SUB-01174,2025-05-09,May 2025,Activity 2 Nutrition,TSFP,Warehouse / Store Monitoring,WFP,WFP Monitor 2,Duhun,NUT-DUHU-010,Duhun FDP 10,7.763646,42.604229,"7.763646, 42.604229",14,Yes
SUB-01175,2025-05-08,May 2025,Activity 2 Nutrition,TSFP,Partner Performance Monitoring,WFP,WFP Monitor 5,Duhun,NUT-DUHU-010,Duhun FDP 10,7.763646,42.604229,"7.763646, 42.604229",63,Yes
SUB-01176,2025-05-16,May 2025,Activity 2 Nutrition,TSFP,TSFP Centre-Level Monitoring,TPM,TPM Monitor 7,Fik,NUT-FIK-001,Fik FDP 01,8.127419,42.219694,"8.127419, 42.219694",24,Yes
SUB-01177,2025-05-20,May 2025,Activity 2 Nutrition,TSFP,Beneficiary Contact Monitoring,TPM,TPM Monitor 8,Fik,NUT-FIK-001,Fik FDP 01,8.127419,42.219694,"8.127419, 42.219694",10,Yes
SUB-01178,2025-05-10,May 2025,Activity 2 Nutrition,TSFP,Beneficiary Contact Monitoring,TPM,TPM Monitor 5,Fik,NUT-FIK-001,Fik FDP 01,8.127419,42.219694,"8.127419, 42.219694",33,Yes
SUB-01179,2025-05-24,May 2025,Activity 2 Nutrition,TSFP,TSFP Food Basket / Ration Verification,TPM,TPM Monitor 7,Fik,NUT-FIK-001,Fik FDP 01,8.127419,42.219694,"8.127419, 42.219694",10,Yes
SUB-01180,2025-05-15,May 2025,Activity 2 Nutrition,TSFP,Distribution Observation,TPM,TPM Monitor 4,Fik,NUT-FIK-001,Fik FDP 01,8.127419,42.219694,"8.127419, 42.219694",11,Yes
SUB-01181,2025-05-13,May 2025,Activity 2 Nutrition,TSFP,Warehouse / Store Monitoring,TPM,TPM Monitor 6,Fik,NUT-FIK-001,Fik FDP 01,8.127419,42.219694,"8.127419, 42.219694",9,Yes
SUB-01182,2025-05-14,May 2025,Activity 2 Nutrition,TSFP,Partner Performance Monitoring,TPM,TPM Monitor 5,Fik,NUT-FIK-001,Fik FDP 01,8.127419,42.219694,"8.127419, 42.219694",25,Yes
SUB-01183,2025-05-27,May 2025,Activity 2 Nutrition,TSFP,TSFP Centre-Level Monitoring,TPM,TPM Monitor 2,Fik,NUT-FIK-002,Fik FDP 02,8.102049,42.272763,"8.102049, 42.272763",63,Yes
SUB-01184,2025-05-14,May 2025,Activity 2 Nutrition,TSFP,Beneficiary Contact Monitoring,TPM,TPM Monitor 8,Fik,NUT-FIK-002,Fik FDP 02,8.102049,42.272763,"8.102049, 42.272763",57,Yes
SUB-01185,2025-05-13,May 2025,Activity 2 Nutrition,TSFP,TSFP Food Basket / Ration Verification,TPM,TPM Monitor 7,Fik,NUT-FIK-002,Fik FDP 02,8.102049,42.272763,"8.102049, 42.272763",46,Yes
SUB-01186,2025-05-25,May 2025,Activity 2 Nutrition,TSFP,TSFP Food Basket / Ration Verification,TPM,TPM Monitor 2,Fik,NUT-FIK-002,Fik FDP 02,8.102049,42.272763,"8.102049, 42.272763",20,Yes
SUB-01187,2025-05-18,May 2025,Activity 2 Nutrition,TSFP,Distribution Observation,TPM,TPM Monitor 8,Fik,NUT-FIK-002,Fik FDP 02,8.102049,42.272763,"8.102049, 42.272763",56,Yes
SUB-01188,2025-05-16,May 2025,Activity 2 Nutrition,TSFP,Warehouse / Store Monitoring,TPM,TPM Monitor 1,Fik,NUT-FIK-002,Fik FDP 02,8.102049,42.272763,"8.102049, 42.272763",40,Yes
SUB-01189,2025-05-07,May 2025,Activity 2 Nutrition,TSFP,Partner Performance Monitoring,TPM,TPM Monitor 5,Fik,NUT-FIK-002,Fik FDP 02,8.102049,42.272763,"8.102049, 42.272763",53,Yes
SUB-01190,2025-05-09,May 2025,Activity 2 Nutrition,TSFP,TSFP Centre-Level Monitoring,TPM,TPM Monitor 1,Fik,NUT-FIK-003,Fik FDP 03,8.171898,42.209424,"8.171898, 42.209424",19,Yes
SUB-01191,2025-05-11,May 2025,Activity 2 Nutrition,TSFP,Beneficiary Contact Monitoring,TPM,TPM Monitor 1,Fik,NUT-FIK-003,Fik FDP 03,8.171898,42.209424,"8.171898, 42.209424",23,Yes
SUB-01192,2025-05-06,May 2025,Activity 2 Nutrition,TSFP,TSFP Food Basket / Ration Verification,TPM,TPM Monitor 6,Fik,NUT-FIK-003,Fik FDP 03,8.171898,42.209424,"8.171898, 42.209424",53,Yes
SUB-01193,2025-05-16,May 2025,Activity 2 Nutrition,TSFP,Distribution Observation,TPM,TPM Monitor 8,Fik,NUT-FIK-003,Fik FDP 03,8.171898,42.209424,"8.171898, 42.209424",40,Yes
SUB-01194,2025-05-08,May 2025,Activity 2 Nutrition,TSFP,Warehouse / Store Monitoring,TPM,TPM Monitor 1,Fik,NUT-FIK-003,Fik FDP 03,8.171898,42.209424,"8.171898, 42.209424",23,Yes
SUB-01195,2025-05-24,May 2025,Activity 2 Nutrition,TSFP,Partner Performance Monitoring,TPM,TPM Monitor 8,Fik,NUT-FIK-003,Fik FDP 03,8.171898,42.209424,"8.171898, 42.209424",19,Yes
SUB-01196,2025-05-20,May 2025,Activity 2 Nutrition,TSFP,TSFP Centre-Level Monitoring,TPM,TPM Monitor 6,Fik,NUT-FIK-004,Fik FDP 04,8.176966,42.299562,"8.176966, 42.299562",30,Yes
SUB-01197,2025-05-13,May 2025,Activity 2 Nutrition,TSFP,Beneficiary Contact Monitoring,TPM,TPM Monitor 2,Fik,NUT-FIK-004,Fik FDP 04,8.176966,42.299562,"8.176966, 42.299562",26,Yes
SUB-01198,2025-05-06,May 2025,Activity 2 Nutrition,TSFP,TSFP Food Basket / Ration Verification,TPM,TPM Monitor 3,Fik,NUT-FIK-004,Fik FDP 04,8.176966,42.299562,"8.176966, 42.299562",62,Yes
SUB-01199,2025-05-11,May 2025,Activity 2 Nutrition,TSFP,Distribution Observation,TPM,TPM Monitor 4,Fik,NUT-FIK-004,Fik FDP 04,8.176966,42.299562,"8.176966, 42.299562",49,Yes
SUB-01200,2025-05-11,May 2025,Activity 2 Nutrition,TSFP,Warehouse / Store Monitoring,TPM,TPM Monitor 5,Fik,NUT-FIK-004,Fik FDP 04,8.176966,42.299562,"8.176966, 42.299562",49,Yes
SUB-01201,2025-05-05,May 2025,Activity 2 Nutrition,TSFP,Partner Performance Monitoring,TPM,TPM Monitor 1,Fik,NUT-FIK-004,Fik FDP 04,8.176966,42.299562,"8.176966, 42.299562",38,Yes
SUB-01202,2025-05-25,May 2025,Activity 2 Nutrition,TSFP,TSFP Centre-Level Monitoring,TPM,TPM Monitor 3,Fik,NUT-FIK-005,Fik FDP 05,8.081079,42.319443,"8.081079, 42.319443",46,Yes
SUB-01203,2025-05-12,May 2025,Activity 2 Nutrition,TSFP,Beneficiary Contact Monitoring,TPM,TPM Monitor 5,Fik,NUT-FIK-005,Fik FDP 05,8.081079,42.319443,"8.081079, 42.319443",46,Yes
SUB-01204,2025-05-14,May 2025,Activity 2 Nutrition,TSFP,Beneficiary Contact Monitoring,TPM,TPM Monitor 5,Fik,NUT-FIK-005,Fik FDP 05,8.081079,42.319443,"8.081079, 42.319443",35,Yes
SUB-01205,2025-05-16,May 2025,Activity 2 Nutrition,TSFP,TSFP Food Basket / Ration Verification,TPM,TPM Monitor 8,Fik,NUT-FIK-005,Fik FDP 05,8.081079,42.319443,"8.081079, 42.319443",24,Yes
SUB-01206,2025-05-11,May 2025,Activity 2 Nutrition,TSFP,TSFP Food Basket / Ration Verification,TPM,TPM Monitor 8,Fik,NUT-FIK-005,Fik FDP 05,8.081079,42.319443,"8.081079, 42.319443",27,Yes
SUB-01207,2025-05-24,May 2025,Activity 2 Nutrition,TSFP,Distribution Observation,TPM,TPM Monitor 7,Fik,NUT-FIK-005,Fik FDP 05,8.081079,42.319443,"8.081079, 42.319443",45,Yes
SUB-01208,2025-05-21,May 2025,Activity 2 Nutrition,TSFP,Warehouse / Store Monitoring,TPM,TPM Monitor 6,Fik,NUT-FIK-005,Fik FDP 05,8.081079,42.319443,"8.081079, 42.319443",43,Yes
SUB-01209,2025-05-24,May 2025,Activity 2 Nutrition,TSFP,Partner Performance Monitoring,TPM,TPM Monitor 5,Fik,NUT-FIK-005,Fik FDP 05,8.081079,42.319443,"8.081079, 42.319443",27,Yes
SUB-01210,2025-05-20,May 2025,Activity 2 Nutrition,TSFP,TSFP Centre-Level Monitoring,WFP,WFP Monitor 2,Fik,NUT-FIK-006,Fik FDP 06,8.100331,42.332512,"8.100331, 42.332512",29,Yes
SUB-01211,2025-05-25,May 2025,Activity 2 Nutrition,TSFP,Beneficiary Contact Monitoring,WFP,WFP Monitor 6,Fik,NUT-FIK-006,Fik FDP 06,8.100331,42.332512,"8.100331, 42.332512",63,Yes
SUB-01212,2025-05-13,May 2025,Activity 2 Nutrition,TSFP,Beneficiary Contact Monitoring,WFP,WFP Monitor 5,Fik,NUT-FIK-006,Fik FDP 06,8.100331,42.332512,"8.100331, 42.332512",49,Yes
SUB-01213,2025-05-25,May 2025,Activity 2 Nutrition,TSFP,TSFP Food Basket / Ration Verification,WFP,WFP Monitor 5,Fik,NUT-FIK-006,Fik FDP 06,8.100331,42.332512,"8.100331, 42.332512",20,Yes
SUB-01214,2025-05-09,May 2025,Activity 2 Nutrition,TSFP,TSFP Food Basket / Ration Verification,WFP,WFP Monitor 4,Fik,NUT-FIK-006,Fik FDP 06,8.100331,42.332512,"8.100331, 42.332512",65,Yes
SUB-01215,2025-05-24,May 2025,Activity 2 Nutrition,TSFP,Distribution Observation,WFP,WFP Monitor 7,Fik,NUT-FIK-006,Fik FDP 06,8.100331,42.332512,"8.100331, 42.332512",50,Yes
SUB-01216,2025-05-09,May 2025,Activity 2 Nutrition,TSFP,Warehouse / Store Monitoring,WFP,WFP Monitor 1,Fik,NUT-FIK-006,Fik FDP 06,8.100331,42.332512,"8.100331, 42.332512",49,Yes
SUB-01217,2025-05-14,May 2025,Activity 2 Nutrition,TSFP,Partner Performance Monitoring,WFP,WFP Monitor 5,Fik,NUT-FIK-006,Fik FDP 06,8.100331,42.332512,"8.100331, 42.332512",34,Yes
SUB-01218,2025-05-28,May 2025,Activity 2 Nutrition,TSFP,TSFP Centre-Level Monitoring,TPM,TPM Monitor 1,Fik,NUT-FIK-007,Fik FDP 07,8.123494,42.280174,"8.123494, 42.280174",45,Yes
SUB-01219,2025-05-23,May 2025,Activity 2 Nutrition,TSFP,Beneficiary Contact Monitoring,TPM,TPM Monitor 4,Fik,NUT-FIK-007,Fik FDP 07,8.123494,42.280174,"8.123494, 42.280174",29,Yes
SUB-01220,2025-05-28,May 2025,Activity 2 Nutrition,TSFP,Beneficiary Contact Monitoring,TPM,TPM Monitor 4,Fik,NUT-FIK-007,Fik FDP 07,8.123494,42.280174,"8.123494, 42.280174",51,Yes
SUB-01221,2025-05-20,May 2025,Activity 2 Nutrition,TSFP,TSFP Food Basket / Ration Verification,TPM,TPM Monitor 6,Fik,NUT-FIK-007,Fik FDP 07,8.123494,42.280174,"8.123494, 42.280174",40,Yes
SUB-01222,2025-05-14,May 2025,Activity 2 Nutrition,TSFP,TSFP Food Basket / Ration Verification,TPM,TPM Monitor 3,Fik,NUT-FIK-007,Fik FDP 07,8.123494,42.280174,"8.123494, 42.280174",61,Yes
SUB-01223,2025-05-22,May 2025,Activity 2 Nutrition,TSFP,Distribution Observation,TPM,TPM Monitor 3,Fik,NUT-FIK-007,Fik FDP 07,8.123494,42.280174,"8.123494, 42.280174",26,Yes
SUB-01224,2025-05-09,May 2025,Activity 2 Nutrition,TSFP,Warehouse / Store Monitoring,TPM,TPM Monitor 5,Fik,NUT-FIK-007,Fik FDP 07,8.123494,42.280174,"8.123494, 42.280174",54,Yes
SUB-01225,2025-05-10,May 2025,Activity 2 Nutrition,TSFP,Partner Performance Monitoring,TPM,TPM Monitor 6,Fik,NUT-FIK-007,Fik FDP 07,8.123494,42.280174,"8.123494, 42.280174",49,Yes
SUB-01226,2025-05-16,May 2025,Activity 2 Nutrition,TSFP,TSFP Centre-Level Monitoring,TPM,TPM Monitor 4,Fik,NUT-FIK-008,Fik FDP 08,8.071225,42.348989,"8.071225, 42.348989",55,Yes
SUB-01227,2025-05-18,May 2025,Activity 2 Nutrition,TSFP,Beneficiary Contact Monitoring,TPM,TPM Monitor 6,Fik,NUT-FIK-008,Fik FDP 08,8.071225,42.348989,"8.071225, 42.348989",31,Yes
SUB-01228,2025-05-13,May 2025,Activity 2 Nutrition,TSFP,Beneficiary Contact Monitoring,TPM,TPM Monitor 5,Fik,NUT-FIK-008,Fik FDP 08,8.071225,42.348989,"8.071225, 42.348989",37,Yes
SUB-01229,2025-05-20,May 2025,Activity 2 Nutrition,TSFP,TSFP Food Basket / Ration Verification,TPM,TPM Monitor 1,Fik,NUT-FIK-008,Fik FDP 08,8.071225,42.348989,"8.071225, 42.348989",63,Yes
SUB-01230,2025-05-25,May 2025,Activity 2 Nutrition,TSFP,TSFP Food Basket / Ration Verification,TPM,TPM Monitor 2,Fik,NUT-FIK-008,Fik FDP 08,8.071225,42.348989,"8.071225, 42.348989",38,Yes
SUB-01231,2025-05-21,May 2025,Activity 2 Nutrition,TSFP,Distribution Observation,TPM,TPM Monitor 2,Fik,NUT-FIK-008,Fik FDP 08,8.071225,42.348989,"8.071225, 42.348989",63,Yes
SUB-01232,2025-05-21,May 2025,Activity 2 Nutrition,TSFP,Warehouse / Store Monitoring,TPM,TPM Monitor 5,Fik,NUT-FIK-008,Fik FDP 08,8.071225,42.348989,"8.071225, 42.348989",34,Yes
SUB-01233,2025-05-09,May 2025,Activity 2 Nutrition,TSFP,TSFP Centre-Level Monitoring,TPM,TPM Monitor 4,Fik,NUT-FIK-009,Fik FDP 09,8.142939,42.294909,"8.142939, 42.294909",29,Yes
SUB-01234,2025-05-23,May 2025,Activity 2 Nutrition,TSFP,Beneficiary Contact Monitoring,TPM,TPM Monitor 8,Fik,NUT-FIK-009,Fik FDP 09,8.142939,42.294909,"8.142939, 42.294909",17,Yes
SUB-01235,2025-05-15,May 2025,Activity 2 Nutrition,TSFP,Beneficiary Contact Monitoring,TPM,TPM Monitor 3,Fik,NUT-FIK-009,Fik FDP 09,8.142939,42.294909,"8.142939, 42.294909",57,Yes
SUB-01236,2025-05-15,May 2025,Activity 2 Nutrition,TSFP,TSFP Food Basket / Ration Verification,TPM,TPM Monitor 3,Fik,NUT-FIK-009,Fik FDP 09,8.142939,42.294909,"8.142939, 42.294909",28,Yes
SUB-01237,2025-05-05,May 2025,Activity 2 Nutrition,TSFP,Distribution Observation,TPM,TPM Monitor 8,Fik,NUT-FIK-009,Fik FDP 09,8.142939,42.294909,"8.142939, 42.294909",25,Yes
SUB-01238,2025-05-10,May 2025,Activity 2 Nutrition,TSFP,Warehouse / Store Monitoring,TPM,TPM Monitor 3,Fik,NUT-FIK-009,Fik FDP 09,8.142939,42.294909,"8.142939, 42.294909",39,Yes
SUB-01239,2025-05-07,May 2025,Activity 2 Nutrition,TSFP,Partner Performance Monitoring,TPM,TPM Monitor 3,Fik,NUT-FIK-009,Fik FDP 09,8.142939,42.294909,"8.142939, 42.294909",47,Yes
SUB-01240,2025-05-18,May 2025,Activity 2 Nutrition,TSFP,TSFP Centre-Level Monitoring,TPM,TPM Monitor 7,Fik,NUT-FIK-010,Fik FDP 10,8.101892,42.33266,"8.101892, 42.33266",35,Yes
SUB-01241,2025-05-17,May 2025,Activity 2 Nutrition,TSFP,Beneficiary Contact Monitoring,TPM,TPM Monitor 1,Fik,NUT-FIK-010,Fik FDP 10,8.101892,42.33266,"8.101892, 42.33266",10,Yes
SUB-01242,2025-05-22,May 2025,Activity 2 Nutrition,TSFP,Beneficiary Contact Monitoring,TPM,TPM Monitor 4,Fik,NUT-FIK-010,Fik FDP 10,8.101892,42.33266,"8.101892, 42.33266",54,Yes
SUB-01243,2025-05-05,May 2025,Activity 2 Nutrition,TSFP,TSFP Food Basket / Ration Verification,TPM,TPM Monitor 6,Fik,NUT-FIK-010,Fik FDP 10,8.101892,42.33266,"8.101892, 42.33266",56,Yes
SUB-01244,2025-05-21,May 2025,Activity 2 Nutrition,TSFP,TSFP Food Basket / Ration Verification,TPM,TPM Monitor 4,Fik,NUT-FIK-010,Fik FDP 10,8.101892,42.33266,"8.101892, 42.33266",9,Yes
SUB-01245,2025-05-25,May 2025,Activity 2 Nutrition,TSFP,Distribution Observation,TPM,TPM Monitor 4,Fik,NUT-FIK-010,Fik FDP 10,8.101892,42.33266,"8.101892, 42.33266",22,Yes
SUB-01246,2025-05-16,May 2025,Activity 2 Nutrition,TSFP,Warehouse / Store Monitoring,TPM,TPM Monitor 5,Fik,NUT-FIK-010,Fik FDP 10,8.101892,42.33266,"8.101892, 42.33266",16,Yes
SUB-01247,2025-05-14,May 2025,Activity 2 Nutrition,TSFP,TSFP Centre-Level Monitoring,TPM,TPM Monitor 3,Fik,NUT-FIK-011,Fik FDP 11,8.087426,42.241099,"8.087426, 42.241099",12,Yes
SUB-01248,2025-05-14,May 2025,Activity 2 Nutrition,TSFP,Beneficiary Contact Monitoring,TPM,TPM Monitor 5,Fik,NUT-FIK-011,Fik FDP 11,8.087426,42.241099,"8.087426, 42.241099",37,Yes
SUB-01249,2025-05-28,May 2025,Activity 2 Nutrition,TSFP,Beneficiary Contact Monitoring,TPM,TPM Monitor 6,Fik,NUT-FIK-011,Fik FDP 11,8.087426,42.241099,"8.087426, 42.241099",35,Yes
SUB-01250,2025-05-09,May 2025,Activity 2 Nutrition,TSFP,TSFP Food Basket / Ration Verification,TPM,TPM Monitor 6,Fik,NUT-FIK-011,Fik FDP 11,8.087426,42.241099,"8.087426, 42.241099",65,Yes
SUB-01251,2025-05-20,May 2025,Activity 2 Nutrition,TSFP,TSFP Food Basket / Ration Verification,TPM,TPM Monitor 6,Fik,NUT-FIK-011,Fik FDP 11,8.087426,42.241099,"8.087426, 42.241099",56,Yes
SUB-01252,2025-05-17,May 2025,Activity 2 Nutrition,TSFP,Distribution Observation,TPM,TPM Monitor 1,Fik,NUT-FIK-011,Fik FDP 11,8.087426,42.241099,"8.087426, 42.241099",22,Yes
SUB-01253,2025-05-09,May 2025,Activity 2 Nutrition,TSFP,Warehouse / Store Monitoring,TPM,TPM Monitor 4,Fik,NUT-FIK-011,Fik FDP 11,8.087426,42.241099,"8.087426, 42.241099",54,Yes
SUB-01254,2025-05-08,May 2025,Activity 2 Nutrition,TSFP,TSFP Centre-Level Monitoring,TPM,TPM Monitor 6,Fik,NUT-FIK-012,Fik FDP 12,8.095518,42.240745,"8.095518, 42.240745",53,Yes
SUB-01255,2025-05-06,May 2025,Activity 2 Nutrition,TSFP,Beneficiary Contact Monitoring,TPM,TPM Monitor 7,Fik,NUT-FIK-012,Fik FDP 12,8.095518,42.240745,"8.095518, 42.240745",64,Yes
SUB-01256,2025-05-25,May 2025,Activity 2 Nutrition,TSFP,Beneficiary Contact Monitoring,TPM,TPM Monitor 5,Fik,NUT-FIK-012,Fik FDP 12,8.095518,42.240745,"8.095518, 42.240745",57,Yes
SUB-01257,2025-05-06,May 2025,Activity 2 Nutrition,TSFP,TSFP Food Basket / Ration Verification,TPM,TPM Monitor 1,Fik,NUT-FIK-012,Fik FDP 12,8.095518,42.240745,"8.095518, 42.240745",50,Yes
SUB-01258,2025-05-08,May 2025,Activity 2 Nutrition,TSFP,TSFP Food Basket / Ration Verification,TPM,TPM Monitor 1,Fik,NUT-FIK-012,Fik FDP 12,8.095518,42.240745,"8.095518, 42.240745",11,Yes
SUB-01259,2025-05-18,May 2025,Activity 2 Nutrition,TSFP,Distribution Observation,TPM,TPM Monitor 8,Fik,NUT-FIK-012,Fik FDP 12,8.095518,42.240745,"8.095518, 42.240745",32,Yes
SUB-01260,2025-05-13,May 2025,Activity 2 Nutrition,TSFP,Warehouse / Store Monitoring,TPM,TPM Monitor 8,Fik,NUT-FIK-012,Fik FDP 12,8.095518,42.240745,"8.095518, 42.240745",52,Yes
SUB-01261,2025-05-25,May 2025,Activity 2 Nutrition,TSFP,TSFP Centre-Level Monitoring,TPM,TPM Monitor 1,Harorays,NUT-HARO-001,Harorays FDP 01,9.230819,42.961924,"9.230819, 42.961924",27,Yes
SUB-01262,2025-05-08,May 2025,Activity 2 Nutrition,TSFP,Beneficiary Contact Monitoring,TPM,TPM Monitor 5,Harorays,NUT-HARO-001,Harorays FDP 01,9.230819,42.961924,"9.230819, 42.961924",47,Yes
SUB-01263,2025-05-24,May 2025,Activity 2 Nutrition,TSFP,Beneficiary Contact Monitoring,TPM,TPM Monitor 3,Harorays,NUT-HARO-001,Harorays FDP 01,9.230819,42.961924,"9.230819, 42.961924",34,Yes
SUB-01264,2025-05-08,May 2025,Activity 2 Nutrition,TSFP,TSFP Food Basket / Ration Verification,TPM,TPM Monitor 2,Harorays,NUT-HARO-001,Harorays FDP 01,9.230819,42.961924,"9.230819, 42.961924",26,Yes
SUB-01265,2025-05-08,May 2025,Activity 2 Nutrition,TSFP,TSFP Food Basket / Ration Verification,TPM,TPM Monitor 2,Harorays,NUT-HARO-001,Harorays FDP 01,9.230819,42.961924,"9.230819, 42.961924",39,Yes
SUB-01266,2025-05-11,May 2025,Activity 2 Nutrition,TSFP,Distribution Observation,TPM,TPM Monitor 5,Harorays,NUT-HARO-001,Harorays FDP 01,9.230819,42.961924,"9.230819, 42.961924",61,Yes
SUB-01267,2025-05-11,May 2025,Activity 2 Nutrition,TSFP,Warehouse / Store Monitoring,TPM,TPM Monitor 6,Harorays,NUT-HARO-001,Harorays FDP 01,9.230819,42.961924,"9.230819, 42.961924",53,Yes
SUB-01268,2025-05-10,May 2025,Activity 2 Nutrition,TSFP,Partner Performance Monitoring,TPM,TPM Monitor 1,Harorays,NUT-HARO-001,Harorays FDP 01,9.230819,42.961924,"9.230819, 42.961924",43,Yes
SUB-01269,2025-05-11,May 2025,Activity 2 Nutrition,TSFP,TSFP Centre-Level Monitoring,TPM,TPM Monitor 8,Harorays,NUT-HARO-002,Harorays FDP 02,9.163677,43.115415,"9.163677, 43.115415",29,Yes
SUB-01270,2025-05-05,May 2025,Activity 2 Nutrition,TSFP,Beneficiary Contact Monitoring,TPM,TPM Monitor 2,Harorays,NUT-HARO-002,Harorays FDP 02,9.163677,43.115415,"9.163677, 43.115415",15,Yes
SUB-01271,2025-05-26,May 2025,Activity 2 Nutrition,TSFP,TSFP Food Basket / Ration Verification,TPM,TPM Monitor 8,Harorays,NUT-HARO-002,Harorays FDP 02,9.163677,43.115415,"9.163677, 43.115415",17,Yes
SUB-01272,2025-05-07,May 2025,Activity 2 Nutrition,TSFP,TSFP Food Basket / Ration Verification,TPM,TPM Monitor 2,Harorays,NUT-HARO-002,Harorays FDP 02,9.163677,43.115415,"9.163677, 43.115415",54,Yes
SUB-01273,2025-05-13,May 2025,Activity 2 Nutrition,TSFP,Distribution Observation,TPM,TPM Monitor 4,Harorays,NUT-HARO-002,Harorays FDP 02,9.163677,43.115415,"9.163677, 43.115415",37,Yes
SUB-01274,2025-05-14,May 2025,Activity 2 Nutrition,TSFP,Warehouse / Store Monitoring,TPM,TPM Monitor 5,Harorays,NUT-HARO-002,Harorays FDP 02,9.163677,43.115415,"9.163677, 43.115415",37,Yes
SUB-01275,2025-05-06,May 2025,Activity 2 Nutrition,TSFP,TSFP Centre-Level Monitoring,TPM,TPM Monitor 5,Harorays,NUT-HARO-003,Harorays FDP 03,9.161668,43.10106,"9.161668, 43.10106",31,Yes
SUB-01276,2025-05-15,May 2025,Activity 2 Nutrition,TSFP,Beneficiary Contact Monitoring,TPM,TPM Monitor 7,Harorays,NUT-HARO-003,Harorays FDP 03,9.161668,43.10106,"9.161668, 43.10106",55,Yes
SUB-01277,2025-05-08,May 2025,Activity 2 Nutrition,TSFP,Beneficiary Contact Monitoring,TPM,TPM Monitor 2,Harorays,NUT-HARO-003,Harorays FDP 03,9.161668,43.10106,"9.161668, 43.10106",62,Yes
SUB-01278,2025-05-06,May 2025,Activity 2 Nutrition,TSFP,TSFP Food Basket / Ration Verification,TPM,TPM Monitor 1,Harorays,NUT-HARO-003,Harorays FDP 03,9.161668,43.10106,"9.161668, 43.10106",62,Yes
SUB-01279,2025-05-09,May 2025,Activity 2 Nutrition,TSFP,TSFP Food Basket / Ration Verification,TPM,TPM Monitor 3,Harorays,NUT-HARO-003,Harorays FDP 03,9.161668,43.10106,"9.161668, 43.10106",29,Yes
SUB-01280,2025-05-19,May 2025,Activity 2 Nutrition,TSFP,Distribution Observation,TPM,TPM Monitor 5,Harorays,NUT-HARO-003,Harorays FDP 03,9.161668,43.10106,"9.161668, 43.10106",64,Yes
SUB-01281,2025-05-16,May 2025,Activity 2 Nutrition,TSFP,Warehouse / Store Monitoring,TPM,TPM Monitor 6,Harorays,NUT-HARO-003,Harorays FDP 03,9.161668,43.10106,"9.161668, 43.10106",19,Yes
SUB-01282,2025-05-19,May 2025,Activity 2 Nutrition,TSFP,TSFP Centre-Level Monitoring,TPM,TPM Monitor 5,Harorays,NUT-HARO-004,Harorays FDP 04,9.140277,43.166694,"9.140277, 43.166694",61,Yes
SUB-01283,2025-05-20,May 2025,Activity 2 Nutrition,TSFP,Beneficiary Contact Monitoring,TPM,TPM Monitor 7,Harorays,NUT-HARO-004,Harorays FDP 04,9.140277,43.166694,"9.140277, 43.166694",49,Yes
SUB-01284,2025-05-10,May 2025,Activity 2 Nutrition,TSFP,Beneficiary Contact Monitoring,TPM,TPM Monitor 2,Harorays,NUT-HARO-004,Harorays FDP 04,9.140277,43.166694,"9.140277, 43.166694",16,Yes
SUB-01285,2025-05-06,May 2025,Activity 2 Nutrition,TSFP,TSFP Food Basket / Ration Verification,TPM,TPM Monitor 3,Harorays,NUT-HARO-004,Harorays FDP 04,9.140277,43.166694,"9.140277, 43.166694",14,Yes
SUB-01286,2025-05-18,May 2025,Activity 2 Nutrition,TSFP,TSFP Food Basket / Ration Verification,TPM,TPM Monitor 8,Harorays,NUT-HARO-004,Harorays FDP 04,9.140277,43.166694,"9.140277, 43.166694",59,Yes
SUB-01287,2025-05-19,May 2025,Activity 2 Nutrition,TSFP,Distribution Observation,TPM,TPM Monitor 3,Harorays,NUT-HARO-004,Harorays FDP 04,9.140277,43.166694,"9.140277, 43.166694",47,Yes
SUB-01288,2025-05-16,May 2025,Activity 2 Nutrition,TSFP,Warehouse / Store Monitoring,TPM,TPM Monitor 1,Harorays,NUT-HARO-004,Harorays FDP 04,9.140277,43.166694,"9.140277, 43.166694",63,Yes
SUB-01289,2025-05-28,May 2025,Activity 2 Nutrition,TSFP,Partner Performance Monitoring,TPM,TPM Monitor 3,Harorays,NUT-HARO-004,Harorays FDP 04,9.140277,43.166694,"9.140277, 43.166694",38,Yes
SUB-01290,2025-05-08,May 2025,Activity 2 Nutrition,TSFP,TSFP Centre-Level Monitoring,WFP,WFP Monitor 7,Harorays,NUT-HARO-005,Harorays FDP 05,9.141961,43.071755,"9.141961, 43.071755",36,Yes
SUB-01291,2025-05-13,May 2025,Activity 2 Nutrition,TSFP,Beneficiary Contact Monitoring,WFP,WFP Monitor 6,Harorays,NUT-HARO-005,Harorays FDP 05,9.141961,43.071755,"9.141961, 43.071755",8,Yes
SUB-01292,2025-05-26,May 2025,Activity 2 Nutrition,TSFP,TSFP Food Basket / Ration Verification,WFP,WFP Monitor 4,Harorays,NUT-HARO-005,Harorays FDP 05,9.141961,43.071755,"9.141961, 43.071755",50,Yes
SUB-01293,2025-05-15,May 2025,Activity 2 Nutrition,TSFP,TSFP Food Basket / Ration Verification,WFP,WFP Monitor 2,Harorays,NUT-HARO-005,Harorays FDP 05,9.141961,43.071755,"9.141961, 43.071755",35,Yes
SUB-01294,2025-05-12,May 2025,Activity 2 Nutrition,TSFP,Distribution Observation,WFP,WFP Monitor 8,Harorays,NUT-HARO-005,Harorays FDP 05,9.141961,43.071755,"9.141961, 43.071755",30,Yes
SUB-01295,2025-05-25,May 2025,Activity 2 Nutrition,TSFP,Warehouse / Store Monitoring,WFP,WFP Monitor 7,Harorays,NUT-HARO-005,Harorays FDP 05,9.141961,43.071755,"9.141961, 43.071755",17,Yes
SUB-01296,2025-05-22,May 2025,Activity 2 Nutrition,TSFP,Partner Performance Monitoring,WFP,WFP Monitor 1,Harorays,NUT-HARO-005,Harorays FDP 05,9.141961,43.071755,"9.141961, 43.071755",8,Yes
SUB-01297,2025-05-10,May 2025,Activity 2 Nutrition,TSFP,TSFP Centre-Level Monitoring,TPM,TPM Monitor 8,Harorays,NUT-HARO-006,Harorays FDP 06,9.159545,42.992832,"9.159545, 42.992832",62,Yes
SUB-01298,2025-05-10,May 2025,Activity 2 Nutrition,TSFP,Beneficiary Contact Monitoring,TPM,TPM Monitor 2,Harorays,NUT-HARO-006,Harorays FDP 06,9.159545,42.992832,"9.159545, 42.992832",56,Yes
SUB-01299,2025-05-20,May 2025,Activity 2 Nutrition,TSFP,Beneficiary Contact Monitoring,TPM,TPM Monitor 6,Harorays,NUT-HARO-006,Harorays FDP 06,9.159545,42.992832,"9.159545, 42.992832",23,Yes
SUB-01300,2025-05-13,May 2025,Activity 2 Nutrition,TSFP,TSFP Food Basket / Ration Verification,TPM,TPM Monitor 1,Harorays,NUT-HARO-006,Harorays FDP 06,9.159545,42.992832,"9.159545, 42.992832",40,Yes
SUB-01301,2025-05-12,May 2025,Activity 2 Nutrition,TSFP,TSFP Food Basket / Ration Verification,TPM,TPM Monitor 7,Harorays,NUT-HARO-006,Harorays FDP 06,9.159545,42.992832,"9.159545, 42.992832",33,Yes
SUB-01302,2025-05-07,May 2025,Activity 2 Nutrition,TSFP,Distribution Observation,TPM,TPM Monitor 8,Harorays,NUT-HARO-006,Harorays FDP 06,9.159545,42.992832,"9.159545, 42.992832",36,Yes
SUB-01303,2025-05-19,May 2025,Activity 2 Nutrition,TSFP,Warehouse / Store Monitoring,TPM,TPM Monitor 2,Harorays,NUT-HARO-006,Harorays FDP 06,9.159545,42.992832,"9.159545, 42.992832",62,Yes
SUB-01304,2025-05-15,May 2025,Activity 2 Nutrition,TSFP,Partner Performance Monitoring,TPM,TPM Monitor 2,Harorays,NUT-HARO-006,Harorays FDP 06,9.159545,42.992832,"9.159545, 42.992832",39,Yes
SUB-01305,2025-05-05,May 2025,Activity 2 Nutrition,TSFP,TSFP Centre-Level Monitoring,WFP,WFP Monitor 2,Harorays,NUT-HARO-007,Harorays FDP 07,9.207051,43.105204,"9.207051, 43.105204",33,Yes
SUB-01306,2025-05-22,May 2025,Activity 2 Nutrition,TSFP,Beneficiary Contact Monitoring,WFP,WFP Monitor 1,Harorays,NUT-HARO-007,Harorays FDP 07,9.207051,43.105204,"9.207051, 43.105204",60,Yes
SUB-01307,2025-05-07,May 2025,Activity 2 Nutrition,TSFP,Beneficiary Contact Monitoring,WFP,WFP Monitor 5,Harorays,NUT-HARO-007,Harorays FDP 07,9.207051,43.105204,"9.207051, 43.105204",64,Yes
SUB-01308,2025-05-11,May 2025,Activity 2 Nutrition,TSFP,TSFP Food Basket / Ration Verification,WFP,WFP Monitor 8,Harorays,NUT-HARO-007,Harorays FDP 07,9.207051,43.105204,"9.207051, 43.105204",29,Yes
SUB-01309,2025-05-16,May 2025,Activity 2 Nutrition,TSFP,TSFP Food Basket / Ration Verification,WFP,WFP Monitor 1,Harorays,NUT-HARO-007,Harorays FDP 07,9.207051,43.105204,"9.207051, 43.105204",60,Yes
SUB-01310,2025-05-19,May 2025,Activity 2 Nutrition,TSFP,Distribution Observation,WFP,WFP Monitor 6,Harorays,NUT-HARO-007,Harorays FDP 07,9.207051,43.105204,"9.207051, 43.105204",43,Yes
SUB-01311,2025-05-24,May 2025,Activity 2 Nutrition,TSFP,Warehouse / Store Monitoring,WFP,WFP Monitor 8,Harorays,NUT-HARO-007,Harorays FDP 07,9.207051,43.105204,"9.207051, 43.105204",53,Yes
SUB-01312,2025-05-27,May 2025,Activity 2 Nutrition,TSFP,Partner Performance Monitoring,WFP,WFP Monitor 8,Harorays,NUT-HARO-007,Harorays FDP 07,9.207051,43.105204,"9.207051, 43.105204",15,Yes
SUB-01313,2025-05-26,May 2025,Activity 2 Nutrition,TSFP,TSFP Centre-Level Monitoring,TPM,TPM Monitor 4,Harorays,NUT-HARO-008,Harorays FDP 08,9.165393,42.992767,"9.165393, 42.992767",8,Yes
SUB-01314,2025-05-25,May 2025,Activity 2 Nutrition,TSFP,Beneficiary Contact Monitoring,TPM,TPM Monitor 5,Harorays,NUT-HARO-008,Harorays FDP 08,9.165393,42.992767,"9.165393, 42.992767",43,Yes
SUB-01315,2025-05-21,May 2025,Activity 2 Nutrition,TSFP,Beneficiary Contact Monitoring,TPM,TPM Monitor 6,Harorays,NUT-HARO-008,Harorays FDP 08,9.165393,42.992767,"9.165393, 42.992767",52,Yes
SUB-01316,2025-05-10,May 2025,Activity 2 Nutrition,TSFP,TSFP Food Basket / Ration Verification,TPM,TPM Monitor 8,Harorays,NUT-HARO-008,Harorays FDP 08,9.165393,42.992767,"9.165393, 42.992767",16,Yes
SUB-01317,2025-05-28,May 2025,Activity 2 Nutrition,TSFP,Distribution Observation,TPM,TPM Monitor 7,Harorays,NUT-HARO-008,Harorays FDP 08,9.165393,42.992767,"9.165393, 42.992767",14,Yes
SUB-01318,2025-05-11,May 2025,Activity 2 Nutrition,TSFP,Warehouse / Store Monitoring,TPM,TPM Monitor 4,Harorays,NUT-HARO-008,Harorays FDP 08,9.165393,42.992767,"9.165393, 42.992767",15,Yes
SUB-01319,2025-05-17,May 2025,Activity 2 Nutrition,TSFP,Partner Performance Monitoring,TPM,TPM Monitor 4,Harorays,NUT-HARO-008,Harorays FDP 08,9.165393,42.992767,"9.165393, 42.992767",37,Yes
SUB-01320,2025-05-11,May 2025,Activity 2 Nutrition,TSFP,TSFP Centre-Level Monitoring,WFP,WFP Monitor 6,Rhamu,NUT-RHAM-001,Rhamu FDP 01,6.290963,44.601673,"6.290963, 44.601673",14,Yes
SUB-01321,2025-05-06,May 2025,Activity 2 Nutrition,TSFP,Beneficiary Contact Monitoring,WFP,WFP Monitor 2,Rhamu,NUT-RHAM-001,Rhamu FDP 01,6.290963,44.601673,"6.290963, 44.601673",57,Yes
SUB-01322,2025-05-19,May 2025,Activity 2 Nutrition,TSFP,Beneficiary Contact Monitoring,WFP,WFP Monitor 8,Rhamu,NUT-RHAM-001,Rhamu FDP 01,6.290963,44.601673,"6.290963, 44.601673",50,Yes
SUB-01323,2025-05-21,May 2025,Activity 2 Nutrition,TSFP,TSFP Food Basket / Ration Verification,WFP,WFP Monitor 3,Rhamu,NUT-RHAM-001,Rhamu FDP 01,6.290963,44.601673,"6.290963, 44.601673",39,Yes
SUB-01324,2025-05-05,May 2025,Activity 2 Nutrition,TSFP,TSFP Food Basket / Ration Verification,WFP,WFP Monitor 1,Rhamu,NUT-RHAM-001,Rhamu FDP 01,6.290963,44.601673,"6.290963, 44.601673",43,Yes
SUB-01325,2025-05-23,May 2025,Activity 2 Nutrition,TSFP,Distribution Observation,WFP,WFP Monitor 8,Rhamu,NUT-RHAM-001,Rhamu FDP 01,6.290963,44.601673,"6.290963, 44.601673",40,Yes
SUB-01326,2025-05-10,May 2025,Activity 2 Nutrition,TSFP,Warehouse / Store Monitoring,WFP,WFP Monitor 3,Rhamu,NUT-RHAM-001,Rhamu FDP 01,6.290963,44.601673,"6.290963, 44.601673",54,Yes
SUB-01327,2025-05-08,May 2025,Activity 2 Nutrition,TSFP,Partner Performance Monitoring,WFP,WFP Monitor 7,Rhamu,NUT-RHAM-001,Rhamu FDP 01,6.290963,44.601673,"6.290963, 44.601673",50,Yes
SUB-01328,2025-05-15,May 2025,Activity 2 Nutrition,TSFP,TSFP Centre-Level Monitoring,WFP,WFP Monitor 7,Rhamu,NUT-RHAM-002,Rhamu FDP 02,6.287258,44.566381,"6.287258, 44.566381",34,Yes
SUB-01329,2025-05-27,May 2025,Activity 2 Nutrition,TSFP,Beneficiary Contact Monitoring,WFP,WFP Monitor 4,Rhamu,NUT-RHAM-002,Rhamu FDP 02,6.287258,44.566381,"6.287258, 44.566381",25,Yes
SUB-01330,2025-05-17,May 2025,Activity 2 Nutrition,TSFP,Beneficiary Contact Monitoring,WFP,WFP Monitor 6,Rhamu,NUT-RHAM-002,Rhamu FDP 02,6.287258,44.566381,"6.287258, 44.566381",26,Yes
SUB-01331,2025-05-09,May 2025,Activity 2 Nutrition,TSFP,TSFP Food Basket / Ration Verification,WFP,WFP Monitor 3,Rhamu,NUT-RHAM-002,Rhamu FDP 02,6.287258,44.566381,"6.287258, 44.566381",34,Yes
SUB-01332,2025-05-24,May 2025,Activity 2 Nutrition,TSFP,TSFP Food Basket / Ration Verification,WFP,WFP Monitor 5,Rhamu,NUT-RHAM-002,Rhamu FDP 02,6.287258,44.566381,"6.287258, 44.566381",61,Yes
SUB-01333,2025-05-15,May 2025,Activity 2 Nutrition,TSFP,Distribution Observation,WFP,WFP Monitor 4,Rhamu,NUT-RHAM-002,Rhamu FDP 02,6.287258,44.566381,"6.287258, 44.566381",20,Yes
SUB-01334,2025-05-27,May 2025,Activity 2 Nutrition,TSFP,Warehouse / Store Monitoring,WFP,WFP Monitor 5,Rhamu,NUT-RHAM-002,Rhamu FDP 02,6.287258,44.566381,"6.287258, 44.566381",51,Yes
SUB-01335,2025-05-26,May 2025,Activity 2 Nutrition,TSFP,Partner Performance Monitoring,WFP,WFP Monitor 3,Rhamu,NUT-RHAM-002,Rhamu FDP 02,6.287258,44.566381,"6.287258, 44.566381",53,Yes
SUB-01336,2025-05-10,May 2025,Activity 2 Nutrition,TSFP,TSFP Centre-Level Monitoring,WFP,WFP Monitor 6,Rhamu,NUT-RHAM-003,Rhamu FDP 03,6.278735,44.58126,"6.278735, 44.58126",53,Yes
SUB-01337,2025-05-16,May 2025,Activity 2 Nutrition,TSFP,Beneficiary Contact Monitoring,WFP,WFP Monitor 8,Rhamu,NUT-RHAM-003,Rhamu FDP 03,6.278735,44.58126,"6.278735, 44.58126",45,Yes
SUB-01338,2025-05-26,May 2025,Activity 2 Nutrition,TSFP,TSFP Food Basket / Ration Verification,WFP,WFP Monitor 7,Rhamu,NUT-RHAM-003,Rhamu FDP 03,6.278735,44.58126,"6.278735, 44.58126",51,Yes
SUB-01339,2025-05-28,May 2025,Activity 2 Nutrition,TSFP,TSFP Food Basket / Ration Verification,WFP,WFP Monitor 5,Rhamu,NUT-RHAM-003,Rhamu FDP 03,6.278735,44.58126,"6.278735, 44.58126",64,Yes
SUB-01340,2025-05-05,May 2025,Activity 2 Nutrition,TSFP,Distribution Observation,WFP,WFP Monitor 2,Rhamu,NUT-RHAM-003,Rhamu FDP 03,6.278735,44.58126,"6.278735, 44.58126",9,Yes
SUB-01341,2025-05-06,May 2025,Activity 2 Nutrition,TSFP,Warehouse / Store Monitoring,WFP,WFP Monitor 1,Rhamu,NUT-RHAM-003,Rhamu FDP 03,6.278735,44.58126,"6.278735, 44.58126",20,Yes
SUB-01342,2025-05-14,May 2025,Activity 2 Nutrition,TSFP,TSFP Centre-Level Monitoring,WFP,WFP Monitor 5,Rhamu,NUT-RHAM-004,Rhamu FDP 04,6.26081,44.597794,"6.26081, 44.597794",17,Yes
SUB-01343,2025-05-27,May 2025,Activity 2 Nutrition,TSFP,Beneficiary Contact Monitoring,WFP,WFP Monitor 5,Rhamu,NUT-RHAM-004,Rhamu FDP 04,6.26081,44.597794,"6.26081, 44.597794",21,Yes
SUB-01344,2025-05-22,May 2025,Activity 2 Nutrition,TSFP,Beneficiary Contact Monitoring,WFP,WFP Monitor 1,Rhamu,NUT-RHAM-004,Rhamu FDP 04,6.26081,44.597794,"6.26081, 44.597794",30,Yes
SUB-01345,2025-05-08,May 2025,Activity 2 Nutrition,TSFP,TSFP Food Basket / Ration Verification,WFP,WFP Monitor 4,Rhamu,NUT-RHAM-004,Rhamu FDP 04,6.26081,44.597794,"6.26081, 44.597794",55,Yes
SUB-01346,2025-05-25,May 2025,Activity 2 Nutrition,TSFP,TSFP Food Basket / Ration Verification,WFP,WFP Monitor 7,Rhamu,NUT-RHAM-004,Rhamu FDP 04,6.26081,44.597794,"6.26081, 44.597794",23,Yes
SUB-01347,2025-05-27,May 2025,Activity 2 Nutrition,TSFP,Distribution Observation,WFP,WFP Monitor 5,Rhamu,NUT-RHAM-004,Rhamu FDP 04,6.26081,44.597794,"6.26081, 44.597794",52,Yes
SUB-01348,2025-05-17,May 2025,Activity 2 Nutrition,TSFP,Warehouse / Store Monitoring,WFP,WFP Monitor 7,Rhamu,NUT-RHAM-004,Rhamu FDP 04,6.26081,44.597794,"6.26081, 44.597794",34,Yes
SUB-01349,2025-05-26,May 2025,Activity 2 Nutrition,TSFP,Partner Performance Monitoring,WFP,WFP Monitor 6,Rhamu,NUT-RHAM-004,Rhamu FDP 04,6.26081,44.597794,"6.26081, 44.597794",43,Yes
SUB-01350,2025-05-28,May 2025,Activity 2 Nutrition,TSFP,TSFP Centre-Level Monitoring,WFP,WFP Monitor 5,Rhamu,NUT-RHAM-005,Rhamu FDP 05,6.247272,44.561648,"6.247272, 44.561648",20,Yes
SUB-01351,2025-05-19,May 2025,Activity 2 Nutrition,TSFP,Beneficiary Contact Monitoring,WFP,WFP Monitor 4,Rhamu,NUT-RHAM-005,Rhamu FDP 05,6.247272,44.561648,"6.247272, 44.561648",48,Yes
SUB-01352,2025-05-27,May 2025,Activity 2 Nutrition,TSFP,Beneficiary Contact Monitoring,WFP,WFP Monitor 6,Rhamu,NUT-RHAM-005,Rhamu FDP 05,6.247272,44.561648,"6.247272, 44.561648",56,Yes
SUB-01353,2025-05-28,May 2025,Activity 2 Nutrition,TSFP,TSFP Food Basket / Ration Verification,WFP,WFP Monitor 4,Rhamu,NUT-RHAM-005,Rhamu FDP 05,6.247272,44.561648,"6.247272, 44.561648",57,Yes
SUB-01354,2025-05-28,May 2025,Activity 2 Nutrition,TSFP,TSFP Food Basket / Ration Verification,WFP,WFP Monitor 4,Rhamu,NUT-RHAM-005,Rhamu FDP 05,6.247272,44.561648,"6.247272, 44.561648",26,Yes
SUB-01355,2025-05-26,May 2025,Activity 2 Nutrition,TSFP,Distribution Observation,WFP,WFP Monitor 2,Rhamu,NUT-RHAM-005,Rhamu FDP 05,6.247272,44.561648,"6.247272, 44.561648",19,Yes
SUB-01356,2025-05-28,May 2025,Activity 2 Nutrition,TSFP,Warehouse / Store Monitoring,WFP,WFP Monitor 2,Rhamu,NUT-RHAM-005,Rhamu FDP 05,6.247272,44.561648,"6.247272, 44.561648",32,Yes
SUB-01357,2025-05-13,May 2025,Activity 2 Nutrition,TSFP,TSFP Centre-Level Monitoring,WFP,WFP Monitor 3,Rhamu,NUT-RHAM-006,Rhamu FDP 06,6.236031,44.621788,"6.236031, 44.621788",18,Yes
SUB-01358,2025-05-13,May 2025,Activity 2 Nutrition,TSFP,Beneficiary Contact Monitoring,WFP,WFP Monitor 1,Rhamu,NUT-RHAM-006,Rhamu FDP 06,6.236031,44.621788,"6.236031, 44.621788",29,Yes
SUB-01359,2025-05-19,May 2025,Activity 2 Nutrition,TSFP,Beneficiary Contact Monitoring,WFP,WFP Monitor 3,Rhamu,NUT-RHAM-006,Rhamu FDP 06,6.236031,44.621788,"6.236031, 44.621788",10,Yes
SUB-01360,2025-05-15,May 2025,Activity 2 Nutrition,TSFP,TSFP Food Basket / Ration Verification,WFP,WFP Monitor 1,Rhamu,NUT-RHAM-006,Rhamu FDP 06,6.236031,44.621788,"6.236031, 44.621788",57,Yes
SUB-01361,2025-05-24,May 2025,Activity 2 Nutrition,TSFP,Distribution Observation,WFP,WFP Monitor 5,Rhamu,NUT-RHAM-006,Rhamu FDP 06,6.236031,44.621788,"6.236031, 44.621788",39,Yes
SUB-01362,2025-05-22,May 2025,Activity 2 Nutrition,TSFP,Warehouse / Store Monitoring,WFP,WFP Monitor 6,Rhamu,NUT-RHAM-006,Rhamu FDP 06,6.236031,44.621788,"6.236031, 44.621788",12,Yes
SUB-01363,2025-05-15,May 2025,Activity 2 Nutrition,TSFP,Partner Performance Monitoring,WFP,WFP Monitor 4,Rhamu,NUT-RHAM-006,Rhamu FDP 06,6.236031,44.621788,"6.236031, 44.621788",19,Yes
SUB-01364,2025-05-21,May 2025,Activity 2 Nutrition,TSFP,TSFP Centre-Level Monitoring,WFP,WFP Monitor 3,Rhamu,NUT-RHAM-007,Rhamu FDP 07,6.350037,44.659559,"6.350037, 44.659559",34,Yes
SUB-01365,2025-05-17,May 2025,Activity 2 Nutrition,TSFP,Beneficiary Contact Monitoring,WFP,WFP Monitor 2,Rhamu,NUT-RHAM-007,Rhamu FDP 07,6.350037,44.659559,"6.350037, 44.659559",30,Yes
SUB-01366,2025-05-12,May 2025,Activity 2 Nutrition,TSFP,Beneficiary Contact Monitoring,WFP,WFP Monitor 4,Rhamu,NUT-RHAM-007,Rhamu FDP 07,6.350037,44.659559,"6.350037, 44.659559",50,Yes
SUB-01367,2025-05-16,May 2025,Activity 2 Nutrition,TSFP,TSFP Food Basket / Ration Verification,WFP,WFP Monitor 5,Rhamu,NUT-RHAM-007,Rhamu FDP 07,6.350037,44.659559,"6.350037, 44.659559",21,Yes
SUB-01368,2025-05-24,May 2025,Activity 2 Nutrition,TSFP,Distribution Observation,WFP,WFP Monitor 8,Rhamu,NUT-RHAM-007,Rhamu FDP 07,6.350037,44.659559,"6.350037, 44.659559",43,Yes
SUB-01369,2025-05-25,May 2025,Activity 2 Nutrition,TSFP,Warehouse / Store Monitoring,WFP,WFP Monitor 1,Rhamu,NUT-RHAM-007,Rhamu FDP 07,6.350037,44.659559,"6.350037, 44.659559",15,Yes
SUB-01370,2025-05-19,May 2025,Activity 2 Nutrition,TSFP,Partner Performance Monitoring,WFP,WFP Monitor 4,Rhamu,NUT-RHAM-007,Rhamu FDP 07,6.350037,44.659559,"6.350037, 44.659559",65,Yes
SUB-01371,2025-05-24,May 2025,Activity 2 Nutrition,TSFP,TSFP Centre-Level Monitoring,WFP,WFP Monitor 4,Rhamu,NUT-RHAM-008,Rhamu FDP 08,6.279273,44.572934,"6.279273, 44.572934",10,Yes
SUB-01372,2025-05-15,May 2025,Activity 2 Nutrition,TSFP,Beneficiary Contact Monitoring,WFP,WFP Monitor 7,Rhamu,NUT-RHAM-008,Rhamu FDP 08,6.279273,44.572934,"6.279273, 44.572934",58,Yes
SUB-01373,2025-05-08,May 2025,Activity 2 Nutrition,TSFP,Beneficiary Contact Monitoring,WFP,WFP Monitor 7,Rhamu,NUT-RHAM-008,Rhamu FDP 08,6.279273,44.572934,"6.279273, 44.572934",24,Yes
SUB-01374,2025-05-14,May 2025,Activity 2 Nutrition,TSFP,TSFP Food Basket / Ration Verification,WFP,WFP Monitor 1,Rhamu,NUT-RHAM-008,Rhamu FDP 08,6.279273,44.572934,"6.279273, 44.572934",41,Yes
SUB-01375,2025-05-16,May 2025,Activity 2 Nutrition,TSFP,TSFP Food Basket / Ration Verification,WFP,WFP Monitor 8,Rhamu,NUT-RHAM-008,Rhamu FDP 08,6.279273,44.572934,"6.279273, 44.572934",39,Yes
SUB-01376,2025-05-25,May 2025,Activity 2 Nutrition,TSFP,Distribution Observation,WFP,WFP Monitor 4,Rhamu,NUT-RHAM-008,Rhamu FDP 08,6.279273,44.572934,"6.279273, 44.572934",28,Yes
SUB-01377,2025-05-08,May 2025,Activity 2 Nutrition,TSFP,Warehouse / Store Monitoring,WFP,WFP Monitor 3,Rhamu,NUT-RHAM-008,Rhamu FDP 08,6.279273,44.572934,"6.279273, 44.572934",57,Yes
SUB-01378,2025-05-05,May 2025,Activity 2 Nutrition,TSFP,Partner Performance Monitoring,WFP,WFP Monitor 2,Rhamu,NUT-RHAM-008,Rhamu FDP 08,6.279273,44.572934,"6.279273, 44.572934",21,Yes
SUB-01379,2025-05-11,May 2025,Activity 3 Refugee Operations,GFD,Beneficiary Contact Monitoring,TPM,TPM Monitor 7,Aw-Bare Camp,REF-AWBA-001,Aw-Bare Camp Site 01,9.693736,43.013279,"9.693736, 43.013279",61,Yes
SUB-01380,2025-05-08,May 2025,Activity 3 Refugee Operations,GFD,Beneficiary Contact Monitoring,TPM,TPM Monitor 4,Aw-Bare Camp,REF-AWBA-001,Aw-Bare Camp Site 01,9.693736,43.013279,"9.693736, 43.013279",42,Yes
SUB-01381,2025-05-27,May 2025,Activity 3 Refugee Operations,GFD,Beneficiary Contact Monitoring,TPM,TPM Monitor 7,Aw-Bare Camp,REF-AWBA-001,Aw-Bare Camp Site 01,9.693736,43.013279,"9.693736, 43.013279",49,Yes
SUB-01382,2025-05-07,May 2025,Activity 3 Refugee Operations,GFD,Beneficiary Contact Monitoring,TPM,TPM Monitor 3,Aw-Bare Camp,REF-AWBA-001,Aw-Bare Camp Site 01,9.693736,43.013279,"9.693736, 43.013279",9,Yes
SUB-01383,2025-05-19,May 2025,Activity 3 Refugee Operations,GFD,Beneficiary Contact Monitoring,TPM,TPM Monitor 6,Aw-Bare Camp,REF-AWBA-001,Aw-Bare Camp Site 01,9.693736,43.013279,"9.693736, 43.013279",10,Yes
SUB-01384,2025-05-07,May 2025,Activity 3 Refugee Operations,GFD,Beneficiary Contact Monitoring,TPM,TPM Monitor 2,Aw-Bare Camp,REF-AWBA-001,Aw-Bare Camp Site 01,9.693736,43.013279,"9.693736, 43.013279",11,Yes
SUB-01385,2025-05-13,May 2025,Activity 3 Refugee Operations,GFD,Food Basket Monitoring,TPM,TPM Monitor 2,Aw-Bare Camp,REF-AWBA-001,Aw-Bare Camp Site 01,9.693736,43.013279,"9.693736, 43.013279",44,Yes
SUB-01386,2025-05-12,May 2025,Activity 3 Refugee Operations,GFD,Food Basket Monitoring,TPM,TPM Monitor 5,Aw-Bare Camp,REF-AWBA-001,Aw-Bare Camp Site 01,9.693736,43.013279,"9.693736, 43.013279",34,Yes
SUB-01387,2025-05-17,May 2025,Activity 3 Refugee Operations,GFD,Food Basket Monitoring,TPM,TPM Monitor 8,Aw-Bare Camp,REF-AWBA-001,Aw-Bare Camp Site 01,9.693736,43.013279,"9.693736, 43.013279",48,Yes
SUB-01388,2025-05-17,May 2025,Activity 3 Refugee Operations,GFD,Food Basket Monitoring,TPM,TPM Monitor 7,Aw-Bare Camp,REF-AWBA-001,Aw-Bare Camp Site 01,9.693736,43.013279,"9.693736, 43.013279",28,Yes
SUB-01389,2025-05-26,May 2025,Activity 3 Refugee Operations,GFD,Warehouse Monitoring,TPM,TPM Monitor 2,Aw-Bare Camp,REF-AWBA-001,Aw-Bare Camp Site 01,9.693736,43.013279,"9.693736, 43.013279",42,Yes
SUB-01390,2025-05-28,May 2025,Activity 3 Refugee Operations,GFD,Distribution Observation,TPM,TPM Monitor 2,Aw-Bare Camp,REF-AWBA-001,Aw-Bare Camp Site 01,9.693736,43.013279,"9.693736, 43.013279",56,Yes
SUB-01391,2025-05-06,May 2025,Activity 3 Refugee Operations,GFD,Partner Performance Monitoring,TPM,TPM Monitor 2,Aw-Bare Camp,REF-AWBA-001,Aw-Bare Camp Site 01,9.693736,43.013279,"9.693736, 43.013279",30,Yes
SUB-01392,2025-05-08,May 2025,Activity 3 Refugee Operations,GFD,Beneficiary Contact Monitoring,TPM,TPM Monitor 5,Aw-Bare Camp,REF-AWBA-002,Aw-Bare Camp Site 02,9.731421,43.01179,"9.731421, 43.01179",58,Yes
SUB-01393,2025-05-26,May 2025,Activity 3 Refugee Operations,GFD,Beneficiary Contact Monitoring,TPM,TPM Monitor 5,Aw-Bare Camp,REF-AWBA-002,Aw-Bare Camp Site 02,9.731421,43.01179,"9.731421, 43.01179",46,Yes
SUB-01394,2025-05-07,May 2025,Activity 3 Refugee Operations,GFD,Beneficiary Contact Monitoring,TPM,TPM Monitor 5,Aw-Bare Camp,REF-AWBA-002,Aw-Bare Camp Site 02,9.731421,43.01179,"9.731421, 43.01179",56,Yes
SUB-01395,2025-05-19,May 2025,Activity 3 Refugee Operations,GFD,Beneficiary Contact Monitoring,TPM,TPM Monitor 7,Aw-Bare Camp,REF-AWBA-002,Aw-Bare Camp Site 02,9.731421,43.01179,"9.731421, 43.01179",33,Yes
SUB-01396,2025-05-26,May 2025,Activity 3 Refugee Operations,GFD,Beneficiary Contact Monitoring,TPM,TPM Monitor 1,Aw-Bare Camp,REF-AWBA-002,Aw-Bare Camp Site 02,9.731421,43.01179,"9.731421, 43.01179",38,Yes
SUB-01397,2025-05-10,May 2025,Activity 3 Refugee Operations,GFD,Beneficiary Contact Monitoring,TPM,TPM Monitor 4,Aw-Bare Camp,REF-AWBA-002,Aw-Bare Camp Site 02,9.731421,43.01179,"9.731421, 43.01179",16,Yes
SUB-01398,2025-05-22,May 2025,Activity 3 Refugee Operations,GFD,Food Basket Monitoring,TPM,TPM Monitor 5,Aw-Bare Camp,REF-AWBA-002,Aw-Bare Camp Site 02,9.731421,43.01179,"9.731421, 43.01179",48,Yes
SUB-01399,2025-05-09,May 2025,Activity 3 Refugee Operations,GFD,Food Basket Monitoring,TPM,TPM Monitor 5,Aw-Bare Camp,REF-AWBA-002,Aw-Bare Camp Site 02,9.731421,43.01179,"9.731421, 43.01179",51,Yes
SUB-01400,2025-05-28,May 2025,Activity 3 Refugee Operations,GFD,Food Basket Monitoring,TPM,TPM Monitor 6,Aw-Bare Camp,REF-AWBA-002,Aw-Bare Camp Site 02,9.731421,43.01179,"9.731421, 43.01179",8,Yes
SUB-01401,2025-05-22,May 2025,Activity 3 Refugee Operations,GFD,Food Basket Monitoring,TPM,TPM Monitor 3,Aw-Bare Camp,REF-AWBA-002,Aw-Bare Camp Site 02,9.731421,43.01179,"9.731421, 43.01179",15,Yes
SUB-01402,2025-05-06,May 2025,Activity 3 Refugee Operations,GFD,Food Basket Monitoring,TPM,TPM Monitor 1,Aw-Bare Camp,REF-AWBA-002,Aw-Bare Camp Site 02,9.731421,43.01179,"9.731421, 43.01179",44,Yes
SUB-01403,2025-05-24,May 2025,Activity 3 Refugee Operations,GFD,Food Basket Monitoring,TPM,TPM Monitor 7,Aw-Bare Camp,REF-AWBA-002,Aw-Bare Camp Site 02,9.731421,43.01179,"9.731421, 43.01179",42,Yes
SUB-01404,2025-05-07,May 2025,Activity 3 Refugee Operations,GFD,Warehouse Monitoring,TPM,TPM Monitor 5,Aw-Bare Camp,REF-AWBA-002,Aw-Bare Camp Site 02,9.731421,43.01179,"9.731421, 43.01179",21,Yes
SUB-01405,2025-05-28,May 2025,Activity 3 Refugee Operations,GFD,Distribution Observation,TPM,TPM Monitor 6,Aw-Bare Camp,REF-AWBA-002,Aw-Bare Camp Site 02,9.731421,43.01179,"9.731421, 43.01179",21,Yes
SUB-01406,2025-05-25,May 2025,Activity 3 Refugee Operations,GFD,Partner Performance Monitoring,TPM,TPM Monitor 3,Aw-Bare Camp,REF-AWBA-002,Aw-Bare Camp Site 02,9.731421,43.01179,"9.731421, 43.01179",18,Yes
SUB-01407,2025-05-24,May 2025,Activity 3 Refugee Operations,GFD,Beneficiary Contact Monitoring,TPM,TPM Monitor 5,Aw-Bare Camp,REF-AWBA-003,Aw-Bare Camp Site 03,9.776148,43.128456,"9.776148, 43.128456",20,Yes
SUB-01408,2025-05-08,May 2025,Activity 3 Refugee Operations,GFD,Beneficiary Contact Monitoring,TPM,TPM Monitor 3,Aw-Bare Camp,REF-AWBA-003,Aw-Bare Camp Site 03,9.776148,43.128456,"9.776148, 43.128456",50,Yes
SUB-01409,2025-05-23,May 2025,Activity 3 Refugee Operations,GFD,Beneficiary Contact Monitoring,TPM,TPM Monitor 1,Aw-Bare Camp,REF-AWBA-003,Aw-Bare Camp Site 03,9.776148,43.128456,"9.776148, 43.128456",62,Yes
SUB-01410,2025-05-22,May 2025,Activity 3 Refugee Operations,GFD,Beneficiary Contact Monitoring,TPM,TPM Monitor 8,Aw-Bare Camp,REF-AWBA-003,Aw-Bare Camp Site 03,9.776148,43.128456,"9.776148, 43.128456",49,Yes
SUB-01411,2025-05-14,May 2025,Activity 3 Refugee Operations,GFD,Food Basket Monitoring,TPM,TPM Monitor 2,Aw-Bare Camp,REF-AWBA-003,Aw-Bare Camp Site 03,9.776148,43.128456,"9.776148, 43.128456",24,Yes
SUB-01412,2025-05-08,May 2025,Activity 3 Refugee Operations,GFD,Food Basket Monitoring,TPM,TPM Monitor 4,Aw-Bare Camp,REF-AWBA-003,Aw-Bare Camp Site 03,9.776148,43.128456,"9.776148, 43.128456",54,Yes
SUB-01413,2025-05-23,May 2025,Activity 3 Refugee Operations,GFD,Food Basket Monitoring,TPM,TPM Monitor 8,Aw-Bare Camp,REF-AWBA-003,Aw-Bare Camp Site 03,9.776148,43.128456,"9.776148, 43.128456",29,Yes
SUB-01414,2025-05-16,May 2025,Activity 3 Refugee Operations,GFD,Food Basket Monitoring,TPM,TPM Monitor 3,Aw-Bare Camp,REF-AWBA-003,Aw-Bare Camp Site 03,9.776148,43.128456,"9.776148, 43.128456",50,Yes
SUB-01415,2025-05-25,May 2025,Activity 3 Refugee Operations,GFD,Food Basket Monitoring,TPM,TPM Monitor 4,Aw-Bare Camp,REF-AWBA-003,Aw-Bare Camp Site 03,9.776148,43.128456,"9.776148, 43.128456",14,Yes
SUB-01416,2025-05-07,May 2025,Activity 3 Refugee Operations,GFD,Warehouse Monitoring,TPM,TPM Monitor 4,Aw-Bare Camp,REF-AWBA-003,Aw-Bare Camp Site 03,9.776148,43.128456,"9.776148, 43.128456",28,Yes
SUB-01417,2025-05-15,May 2025,Activity 3 Refugee Operations,GFD,Distribution Observation,TPM,TPM Monitor 5,Aw-Bare Camp,REF-AWBA-003,Aw-Bare Camp Site 03,9.776148,43.128456,"9.776148, 43.128456",52,Yes
SUB-01418,2025-05-23,May 2025,Activity 3 Refugee Operations,GFD,Partner Performance Monitoring,TPM,TPM Monitor 6,Aw-Bare Camp,REF-AWBA-003,Aw-Bare Camp Site 03,9.776148,43.128456,"9.776148, 43.128456",59,Yes
SUB-01419,2025-05-18,May 2025,Activity 3 Refugee Operations,GFD,Beneficiary Contact Monitoring,TPM,TPM Monitor 3,Aw-Bare Camp,REF-AWBA-004,Aw-Bare Camp Site 04,9.782744,43.027137,"9.782744, 43.027137",8,Yes
SUB-01420,2025-05-15,May 2025,Activity 3 Refugee Operations,GFD,Beneficiary Contact Monitoring,TPM,TPM Monitor 4,Aw-Bare Camp,REF-AWBA-004,Aw-Bare Camp Site 04,9.782744,43.027137,"9.782744, 43.027137",58,Yes
SUB-01421,2025-05-12,May 2025,Activity 3 Refugee Operations,GFD,Beneficiary Contact Monitoring,TPM,TPM Monitor 7,Aw-Bare Camp,REF-AWBA-004,Aw-Bare Camp Site 04,9.782744,43.027137,"9.782744, 43.027137",25,Yes
SUB-01422,2025-05-16,May 2025,Activity 3 Refugee Operations,GFD,Beneficiary Contact Monitoring,TPM,TPM Monitor 3,Aw-Bare Camp,REF-AWBA-004,Aw-Bare Camp Site 04,9.782744,43.027137,"9.782744, 43.027137",51,Yes
SUB-01423,2025-05-28,May 2025,Activity 3 Refugee Operations,GFD,Beneficiary Contact Monitoring,TPM,TPM Monitor 6,Aw-Bare Camp,REF-AWBA-004,Aw-Bare Camp Site 04,9.782744,43.027137,"9.782744, 43.027137",64,Yes
SUB-01424,2025-05-19,May 2025,Activity 3 Refugee Operations,GFD,Food Basket Monitoring,TPM,TPM Monitor 6,Aw-Bare Camp,REF-AWBA-004,Aw-Bare Camp Site 04,9.782744,43.027137,"9.782744, 43.027137",57,Yes
SUB-01425,2025-05-14,May 2025,Activity 3 Refugee Operations,GFD,Food Basket Monitoring,TPM,TPM Monitor 8,Aw-Bare Camp,REF-AWBA-004,Aw-Bare Camp Site 04,9.782744,43.027137,"9.782744, 43.027137",43,Yes
SUB-01426,2025-05-08,May 2025,Activity 3 Refugee Operations,GFD,Food Basket Monitoring,TPM,TPM Monitor 3,Aw-Bare Camp,REF-AWBA-004,Aw-Bare Camp Site 04,9.782744,43.027137,"9.782744, 43.027137",49,Yes
SUB-01427,2025-05-24,May 2025,Activity 3 Refugee Operations,GFD,Food Basket Monitoring,TPM,TPM Monitor 2,Aw-Bare Camp,REF-AWBA-004,Aw-Bare Camp Site 04,9.782744,43.027137,"9.782744, 43.027137",61,Yes
SUB-01428,2025-05-13,May 2025,Activity 3 Refugee Operations,GFD,Food Basket Monitoring,TPM,TPM Monitor 3,Aw-Bare Camp,REF-AWBA-004,Aw-Bare Camp Site 04,9.782744,43.027137,"9.782744, 43.027137",65,Yes
SUB-01429,2025-05-13,May 2025,Activity 3 Refugee Operations,GFD,Warehouse Monitoring,TPM,TPM Monitor 2,Aw-Bare Camp,REF-AWBA-004,Aw-Bare Camp Site 04,9.782744,43.027137,"9.782744, 43.027137",54,Yes
SUB-01430,2025-05-05,May 2025,Activity 3 Refugee Operations,GFD,Distribution Observation,TPM,TPM Monitor 1,Aw-Bare Camp,REF-AWBA-004,Aw-Bare Camp Site 04,9.782744,43.027137,"9.782744, 43.027137",60,Yes
SUB-01431,2025-05-17,May 2025,Activity 3 Refugee Operations,GFD,Partner Performance Monitoring,TPM,TPM Monitor 4,Aw-Bare Camp,REF-AWBA-004,Aw-Bare Camp Site 04,9.782744,43.027137,"9.782744, 43.027137",10,Yes
SUB-01432,2025-05-22,May 2025,Activity 3 Refugee Operations,GFD,Beneficiary Contact Monitoring,TPM,TPM Monitor 8,Aw-Bare Camp,REF-AWBA-005,Aw-Bare Camp Site 05,9.832203,43.042882,"9.832203, 43.042882",49,Yes
SUB-01433,2025-05-09,May 2025,Activity 3 Refugee Operations,GFD,Beneficiary Contact Monitoring,TPM,TPM Monitor 6,Aw-Bare Camp,REF-AWBA-005,Aw-Bare Camp Site 05,9.832203,43.042882,"9.832203, 43.042882",33,Yes
SUB-01434,2025-05-12,May 2025,Activity 3 Refugee Operations,GFD,Beneficiary Contact Monitoring,TPM,TPM Monitor 5,Aw-Bare Camp,REF-AWBA-005,Aw-Bare Camp Site 05,9.832203,43.042882,"9.832203, 43.042882",16,Yes
SUB-01435,2025-05-19,May 2025,Activity 3 Refugee Operations,GFD,Beneficiary Contact Monitoring,TPM,TPM Monitor 2,Aw-Bare Camp,REF-AWBA-005,Aw-Bare Camp Site 05,9.832203,43.042882,"9.832203, 43.042882",33,Yes
SUB-01436,2025-05-16,May 2025,Activity 3 Refugee Operations,GFD,Beneficiary Contact Monitoring,TPM,TPM Monitor 1,Aw-Bare Camp,REF-AWBA-005,Aw-Bare Camp Site 05,9.832203,43.042882,"9.832203, 43.042882",50,Yes
SUB-01437,2025-05-24,May 2025,Activity 3 Refugee Operations,GFD,Food Basket Monitoring,TPM,TPM Monitor 3,Aw-Bare Camp,REF-AWBA-005,Aw-Bare Camp Site 05,9.832203,43.042882,"9.832203, 43.042882",56,Yes
SUB-01438,2025-05-21,May 2025,Activity 3 Refugee Operations,GFD,Food Basket Monitoring,TPM,TPM Monitor 3,Aw-Bare Camp,REF-AWBA-005,Aw-Bare Camp Site 05,9.832203,43.042882,"9.832203, 43.042882",36,Yes
SUB-01439,2025-05-10,May 2025,Activity 3 Refugee Operations,GFD,Food Basket Monitoring,TPM,TPM Monitor 3,Aw-Bare Camp,REF-AWBA-005,Aw-Bare Camp Site 05,9.832203,43.042882,"9.832203, 43.042882",44,Yes
SUB-01440,2025-05-23,May 2025,Activity 3 Refugee Operations,GFD,Food Basket Monitoring,TPM,TPM Monitor 3,Aw-Bare Camp,REF-AWBA-005,Aw-Bare Camp Site 05,9.832203,43.042882,"9.832203, 43.042882",55,Yes
SUB-01441,2025-05-16,May 2025,Activity 3 Refugee Operations,GFD,Warehouse Monitoring,TPM,TPM Monitor 1,Aw-Bare Camp,REF-AWBA-005,Aw-Bare Camp Site 05,9.832203,43.042882,"9.832203, 43.042882",22,Yes
SUB-01442,2025-05-12,May 2025,Activity 3 Refugee Operations,GFD,Distribution Observation,TPM,TPM Monitor 2,Aw-Bare Camp,REF-AWBA-005,Aw-Bare Camp Site 05,9.832203,43.042882,"9.832203, 43.042882",24,Yes
SUB-01443,2025-05-06,May 2025,Activity 3 Refugee Operations,GFD,Partner Performance Monitoring,TPM,TPM Monitor 4,Aw-Bare Camp,REF-AWBA-005,Aw-Bare Camp Site 05,9.832203,43.042882,"9.832203, 43.042882",41,Yes
SUB-01444,2025-05-16,May 2025,Activity 3 Refugee Operations,GFD,Beneficiary Contact Monitoring,TPM,TPM Monitor 7,Kebribeyah Camp,REF-KEBR-001,Kebribeyah Camp Site 01,9.1237,43.271124,"9.1237, 43.271124",38,Yes
SUB-01445,2025-05-19,May 2025,Activity 3 Refugee Operations,GFD,Beneficiary Contact Monitoring,TPM,TPM Monitor 1,Kebribeyah Camp,REF-KEBR-001,Kebribeyah Camp Site 01,9.1237,43.271124,"9.1237, 43.271124",10,Yes
SUB-01446,2025-05-25,May 2025,Activity 3 Refugee Operations,GFD,Beneficiary Contact Monitoring,TPM,TPM Monitor 6,Kebribeyah Camp,REF-KEBR-001,Kebribeyah Camp Site 01,9.1237,43.271124,"9.1237, 43.271124",14,Yes
SUB-01447,2025-05-27,May 2025,Activity 3 Refugee Operations,GFD,Beneficiary Contact Monitoring,TPM,TPM Monitor 5,Kebribeyah Camp,REF-KEBR-001,Kebribeyah Camp Site 01,9.1237,43.271124,"9.1237, 43.271124",61,Yes
SUB-01448,2025-05-28,May 2025,Activity 3 Refugee Operations,GFD,Beneficiary Contact Monitoring,TPM,TPM Monitor 5,Kebribeyah Camp,REF-KEBR-001,Kebribeyah Camp Site 01,9.1237,43.271124,"9.1237, 43.271124",45,Yes
SUB-01449,2025-05-22,May 2025,Activity 3 Refugee Operations,GFD,Beneficiary Contact Monitoring,TPM,TPM Monitor 3,Kebribeyah Camp,REF-KEBR-001,Kebribeyah Camp Site 01,9.1237,43.271124,"9.1237, 43.271124",32,Yes
SUB-01450,2025-05-16,May 2025,Activity 3 Refugee Operations,GFD,Food Basket Monitoring,TPM,TPM Monitor 2,Kebribeyah Camp,REF-KEBR-001,Kebribeyah Camp Site 01,9.1237,43.271124,"9.1237, 43.271124",41,Yes
SUB-01451,2025-05-13,May 2025,Activity 3 Refugee Operations,GFD,Food Basket Monitoring,TPM,TPM Monitor 7,Kebribeyah Camp,REF-KEBR-001,Kebribeyah Camp Site 01,9.1237,43.271124,"9.1237, 43.271124",22,Yes
SUB-01452,2025-05-21,May 2025,Activity 3 Refugee Operations,GFD,Food Basket Monitoring,TPM,TPM Monitor 7,Kebribeyah Camp,REF-KEBR-001,Kebribeyah Camp Site 01,9.1237,43.271124,"9.1237, 43.271124",30,Yes
SUB-01453,2025-05-16,May 2025,Activity 3 Refugee Operations,GFD,Food Basket Monitoring,TPM,TPM Monitor 8,Kebribeyah Camp,REF-KEBR-001,Kebribeyah Camp Site 01,9.1237,43.271124,"9.1237, 43.271124",58,Yes
SUB-01454,2025-05-20,May 2025,Activity 3 Refugee Operations,GFD,Food Basket Monitoring,TPM,TPM Monitor 1,Kebribeyah Camp,REF-KEBR-001,Kebribeyah Camp Site 01,9.1237,43.271124,"9.1237, 43.271124",40,Yes
SUB-01455,2025-05-09,May 2025,Activity 3 Refugee Operations,GFD,Food Basket Monitoring,TPM,TPM Monitor 8,Kebribeyah Camp,REF-KEBR-001,Kebribeyah Camp Site 01,9.1237,43.271124,"9.1237, 43.271124",18,Yes
SUB-01456,2025-05-21,May 2025,Activity 3 Refugee Operations,GFD,Warehouse Monitoring,TPM,TPM Monitor 5,Kebribeyah Camp,REF-KEBR-001,Kebribeyah Camp Site 01,9.1237,43.271124,"9.1237, 43.271124",21,Yes
SUB-01457,2025-05-10,May 2025,Activity 3 Refugee Operations,GFD,Distribution Observation,TPM,TPM Monitor 6,Kebribeyah Camp,REF-KEBR-001,Kebribeyah Camp Site 01,9.1237,43.271124,"9.1237, 43.271124",46,Yes
SUB-01458,2025-05-08,May 2025,Activity 3 Refugee Operations,GFD,Partner Performance Monitoring,TPM,TPM Monitor 4,Kebribeyah Camp,REF-KEBR-001,Kebribeyah Camp Site 01,9.1237,43.271124,"9.1237, 43.271124",34,Yes
SUB-01459,2025-05-28,May 2025,Activity 3 Refugee Operations,GFD,Beneficiary Contact Monitoring,TPM,TPM Monitor 2,Kebribeyah Camp,REF-KEBR-002,Kebribeyah Camp Site 02,9.180123,43.13241,"9.180123, 43.13241",38,Yes
SUB-01460,2025-05-26,May 2025,Activity 3 Refugee Operations,GFD,Beneficiary Contact Monitoring,TPM,TPM Monitor 8,Kebribeyah Camp,REF-KEBR-002,Kebribeyah Camp Site 02,9.180123,43.13241,"9.180123, 43.13241",38,Yes
SUB-01461,2025-05-11,May 2025,Activity 3 Refugee Operations,GFD,Beneficiary Contact Monitoring,TPM,TPM Monitor 3,Kebribeyah Camp,REF-KEBR-002,Kebribeyah Camp Site 02,9.180123,43.13241,"9.180123, 43.13241",49,Yes
SUB-01462,2025-05-18,May 2025,Activity 3 Refugee Operations,GFD,Beneficiary Contact Monitoring,TPM,TPM Monitor 1,Kebribeyah Camp,REF-KEBR-002,Kebribeyah Camp Site 02,9.180123,43.13241,"9.180123, 43.13241",23,Yes
SUB-01463,2025-05-06,May 2025,Activity 3 Refugee Operations,GFD,Beneficiary Contact Monitoring,TPM,TPM Monitor 3,Kebribeyah Camp,REF-KEBR-002,Kebribeyah Camp Site 02,9.180123,43.13241,"9.180123, 43.13241",44,Yes
SUB-01464,2025-05-23,May 2025,Activity 3 Refugee Operations,GFD,Beneficiary Contact Monitoring,TPM,TPM Monitor 3,Kebribeyah Camp,REF-KEBR-002,Kebribeyah Camp Site 02,9.180123,43.13241,"9.180123, 43.13241",16,Yes
SUB-01465,2025-05-06,May 2025,Activity 3 Refugee Operations,GFD,Food Basket Monitoring,TPM,TPM Monitor 3,Kebribeyah Camp,REF-KEBR-002,Kebribeyah Camp Site 02,9.180123,43.13241,"9.180123, 43.13241",11,Yes
SUB-01466,2025-05-10,May 2025,Activity 3 Refugee Operations,GFD,Food Basket Monitoring,TPM,TPM Monitor 5,Kebribeyah Camp,REF-KEBR-002,Kebribeyah Camp Site 02,9.180123,43.13241,"9.180123, 43.13241",19,Yes
SUB-01467,2025-05-21,May 2025,Activity 3 Refugee Operations,GFD,Food Basket Monitoring,TPM,TPM Monitor 7,Kebribeyah Camp,REF-KEBR-002,Kebribeyah Camp Site 02,9.180123,43.13241,"9.180123, 43.13241",46,Yes
SUB-01468,2025-05-23,May 2025,Activity 3 Refugee Operations,GFD,Food Basket Monitoring,TPM,TPM Monitor 1,Kebribeyah Camp,REF-KEBR-002,Kebribeyah Camp Site 02,9.180123,43.13241,"9.180123, 43.13241",64,Yes
SUB-01469,2025-05-28,May 2025,Activity 3 Refugee Operations,GFD,Food Basket Monitoring,TPM,TPM Monitor 5,Kebribeyah Camp,REF-KEBR-002,Kebribeyah Camp Site 02,9.180123,43.13241,"9.180123, 43.13241",13,Yes
SUB-01470,2025-05-24,May 2025,Activity 3 Refugee Operations,GFD,Warehouse Monitoring,TPM,TPM Monitor 8,Kebribeyah Camp,REF-KEBR-002,Kebribeyah Camp Site 02,9.180123,43.13241,"9.180123, 43.13241",63,Yes
SUB-01471,2025-05-12,May 2025,Activity 3 Refugee Operations,GFD,Distribution Observation,TPM,TPM Monitor 7,Kebribeyah Camp,REF-KEBR-002,Kebribeyah Camp Site 02,9.180123,43.13241,"9.180123, 43.13241",46,Yes
SUB-01472,2025-05-10,May 2025,Activity 3 Refugee Operations,GFD,Beneficiary Contact Monitoring,WFP,WFP Monitor 5,Kebribeyah Camp,REF-KEBR-003,Kebribeyah Camp Site 03,9.015153,43.245224,"9.015153, 43.245224",18,Yes
SUB-01473,2025-05-28,May 2025,Activity 3 Refugee Operations,GFD,Beneficiary Contact Monitoring,WFP,WFP Monitor 6,Kebribeyah Camp,REF-KEBR-003,Kebribeyah Camp Site 03,9.015153,43.245224,"9.015153, 43.245224",37,Yes
SUB-01474,2025-05-24,May 2025,Activity 3 Refugee Operations,GFD,Beneficiary Contact Monitoring,WFP,WFP Monitor 2,Kebribeyah Camp,REF-KEBR-003,Kebribeyah Camp Site 03,9.015153,43.245224,"9.015153, 43.245224",22,Yes
SUB-01475,2025-05-17,May 2025,Activity 3 Refugee Operations,GFD,Beneficiary Contact Monitoring,WFP,WFP Monitor 7,Kebribeyah Camp,REF-KEBR-003,Kebribeyah Camp Site 03,9.015153,43.245224,"9.015153, 43.245224",16,Yes
SUB-01476,2025-05-08,May 2025,Activity 3 Refugee Operations,GFD,Beneficiary Contact Monitoring,WFP,WFP Monitor 1,Kebribeyah Camp,REF-KEBR-003,Kebribeyah Camp Site 03,9.015153,43.245224,"9.015153, 43.245224",20,Yes
SUB-01477,2025-05-21,May 2025,Activity 3 Refugee Operations,GFD,Food Basket Monitoring,WFP,WFP Monitor 7,Kebribeyah Camp,REF-KEBR-003,Kebribeyah Camp Site 03,9.015153,43.245224,"9.015153, 43.245224",60,Yes
SUB-01478,2025-05-09,May 2025,Activity 3 Refugee Operations,GFD,Food Basket Monitoring,WFP,WFP Monitor 2,Kebribeyah Camp,REF-KEBR-003,Kebribeyah Camp Site 03,9.015153,43.245224,"9.015153, 43.245224",19,Yes
SUB-01479,2025-05-20,May 2025,Activity 3 Refugee Operations,GFD,Food Basket Monitoring,WFP,WFP Monitor 1,Kebribeyah Camp,REF-KEBR-003,Kebribeyah Camp Site 03,9.015153,43.245224,"9.015153, 43.245224",64,Yes
SUB-01480,2025-05-22,May 2025,Activity 3 Refugee Operations,GFD,Food Basket Monitoring,WFP,WFP Monitor 2,Kebribeyah Camp,REF-KEBR-003,Kebribeyah Camp Site 03,9.015153,43.245224,"9.015153, 43.245224",13,Yes
SUB-01481,2025-05-20,May 2025,Activity 3 Refugee Operations,GFD,Food Basket Monitoring,WFP,WFP Monitor 3,Kebribeyah Camp,REF-KEBR-003,Kebribeyah Camp Site 03,9.015153,43.245224,"9.015153, 43.245224",65,Yes
SUB-01482,2025-05-05,May 2025,Activity 3 Refugee Operations,GFD,Warehouse Monitoring,WFP,WFP Monitor 7,Kebribeyah Camp,REF-KEBR-003,Kebribeyah Camp Site 03,9.015153,43.245224,"9.015153, 43.245224",41,Yes
SUB-01483,2025-05-06,May 2025,Activity 3 Refugee Operations,GFD,Distribution Observation,WFP,WFP Monitor 7,Kebribeyah Camp,REF-KEBR-003,Kebribeyah Camp Site 03,9.015153,43.245224,"9.015153, 43.245224",22,Yes
SUB-01484,2025-05-20,May 2025,Activity 3 Refugee Operations,GFD,Partner Performance Monitoring,WFP,WFP Monitor 7,Kebribeyah Camp,REF-KEBR-003,Kebribeyah Camp Site 03,9.015153,43.245224,"9.015153, 43.245224",30,Yes
SUB-01485,2025-05-28,May 2025,Activity 3 Refugee Operations,GFD,Beneficiary Contact Monitoring,TPM,TPM Monitor 2,Kebribeyah Camp,REF-KEBR-004,Kebribeyah Camp Site 04,9.050593,43.230436,"9.050593, 43.230436",35,Yes
SUB-01486,2025-05-09,May 2025,Activity 3 Refugee Operations,GFD,Beneficiary Contact Monitoring,TPM,TPM Monitor 5,Kebribeyah Camp,REF-KEBR-004,Kebribeyah Camp Site 04,9.050593,43.230436,"9.050593, 43.230436",38,Yes
SUB-01487,2025-05-12,May 2025,Activity 3 Refugee Operations,GFD,Beneficiary Contact Monitoring,TPM,TPM Monitor 2,Kebribeyah Camp,REF-KEBR-004,Kebribeyah Camp Site 04,9.050593,43.230436,"9.050593, 43.230436",26,Yes
SUB-01488,2025-05-24,May 2025,Activity 3 Refugee Operations,GFD,Beneficiary Contact Monitoring,TPM,TPM Monitor 7,Kebribeyah Camp,REF-KEBR-004,Kebribeyah Camp Site 04,9.050593,43.230436,"9.050593, 43.230436",24,Yes
SUB-01489,2025-05-11,May 2025,Activity 3 Refugee Operations,GFD,Beneficiary Contact Monitoring,TPM,TPM Monitor 1,Kebribeyah Camp,REF-KEBR-004,Kebribeyah Camp Site 04,9.050593,43.230436,"9.050593, 43.230436",53,Yes
SUB-01490,2025-05-05,May 2025,Activity 3 Refugee Operations,GFD,Food Basket Monitoring,TPM,TPM Monitor 2,Kebribeyah Camp,REF-KEBR-004,Kebribeyah Camp Site 04,9.050593,43.230436,"9.050593, 43.230436",41,Yes
SUB-01491,2025-05-05,May 2025,Activity 3 Refugee Operations,GFD,Food Basket Monitoring,TPM,TPM Monitor 7,Kebribeyah Camp,REF-KEBR-004,Kebribeyah Camp Site 04,9.050593,43.230436,"9.050593, 43.230436",49,Yes
SUB-01492,2025-05-11,May 2025,Activity 3 Refugee Operations,GFD,Food Basket Monitoring,TPM,TPM Monitor 6,Kebribeyah Camp,REF-KEBR-004,Kebribeyah Camp Site 04,9.050593,43.230436,"9.050593, 43.230436",34,Yes
SUB-01493,2025-05-16,May 2025,Activity 3 Refugee Operations,GFD,Food Basket Monitoring,TPM,TPM Monitor 2,Kebribeyah Camp,REF-KEBR-004,Kebribeyah Camp Site 04,9.050593,43.230436,"9.050593, 43.230436",17,Yes
SUB-01494,2025-05-18,May 2025,Activity 3 Refugee Operations,GFD,Food Basket Monitoring,TPM,TPM Monitor 5,Kebribeyah Camp,REF-KEBR-004,Kebribeyah Camp Site 04,9.050593,43.230436,"9.050593, 43.230436",24,Yes
SUB-01495,2025-05-22,May 2025,Activity 3 Refugee Operations,GFD,Food Basket Monitoring,TPM,TPM Monitor 7,Kebribeyah Camp,REF-KEBR-004,Kebribeyah Camp Site 04,9.050593,43.230436,"9.050593, 43.230436",44,Yes
SUB-01496,2025-05-13,May 2025,Activity 3 Refugee Operations,GFD,Warehouse Monitoring,TPM,TPM Monitor 7,Kebribeyah Camp,REF-KEBR-004,Kebribeyah Camp Site 04,9.050593,43.230436,"9.050593, 43.230436",56,Yes
SUB-01497,2025-05-22,May 2025,Activity 3 Refugee Operations,GFD,Distribution Observation,TPM,TPM Monitor 8,Kebribeyah Camp,REF-KEBR-004,Kebribeyah Camp Site 04,9.050593,43.230436,"9.050593, 43.230436",19,Yes
SUB-01498,2025-05-22,May 2025,Activity 3 Refugee Operations,GFD,Partner Performance Monitoring,TPM,TPM Monitor 8,Kebribeyah Camp,REF-KEBR-004,Kebribeyah Camp Site 04,9.050593,43.230436,"9.050593, 43.230436",24,Yes
SUB-01499,2025-05-23,May 2025,Activity 3 Refugee Operations,GFD,Beneficiary Contact Monitoring,TPM,TPM Monitor 6,Kebribeyah Camp,REF-KEBR-005,Kebribeyah Camp Site 05,9.183863,43.256373,"9.183863, 43.256373",57,Yes
SUB-01500,2025-05-27,May 2025,Activity 3 Refugee Operations,GFD,Beneficiary Contact Monitoring,TPM,TPM Monitor 7,Kebribeyah Camp,REF-KEBR-005,Kebribeyah Camp Site 05,9.183863,43.256373,"9.183863, 43.256373",55,Yes
SUB-01501,2025-05-09,May 2025,Activity 3 Refugee Operations,GFD,Beneficiary Contact Monitoring,TPM,TPM Monitor 2,Kebribeyah Camp,REF-KEBR-005,Kebribeyah Camp Site 05,9.183863,43.256373,"9.183863, 43.256373",55,Yes
SUB-01502,2025-05-12,May 2025,Activity 3 Refugee Operations,GFD,Beneficiary Contact Monitoring,TPM,TPM Monitor 8,Kebribeyah Camp,REF-KEBR-005,Kebribeyah Camp Site 05,9.183863,43.256373,"9.183863, 43.256373",58,Yes
SUB-01503,2025-05-27,May 2025,Activity 3 Refugee Operations,GFD,Beneficiary Contact Monitoring,TPM,TPM Monitor 3,Kebribeyah Camp,REF-KEBR-005,Kebribeyah Camp Site 05,9.183863,43.256373,"9.183863, 43.256373",14,Yes
SUB-01504,2025-05-11,May 2025,Activity 3 Refugee Operations,GFD,Beneficiary Contact Monitoring,TPM,TPM Monitor 7,Kebribeyah Camp,REF-KEBR-005,Kebribeyah Camp Site 05,9.183863,43.256373,"9.183863, 43.256373",58,Yes
SUB-01505,2025-05-22,May 2025,Activity 3 Refugee Operations,GFD,Food Basket Monitoring,TPM,TPM Monitor 1,Kebribeyah Camp,REF-KEBR-005,Kebribeyah Camp Site 05,9.183863,43.256373,"9.183863, 43.256373",18,Yes
SUB-01506,2025-05-17,May 2025,Activity 3 Refugee Operations,GFD,Food Basket Monitoring,TPM,TPM Monitor 1,Kebribeyah Camp,REF-KEBR-005,Kebribeyah Camp Site 05,9.183863,43.256373,"9.183863, 43.256373",59,Yes
SUB-01507,2025-05-07,May 2025,Activity 3 Refugee Operations,GFD,Food Basket Monitoring,TPM,TPM Monitor 3,Kebribeyah Camp,REF-KEBR-005,Kebribeyah Camp Site 05,9.183863,43.256373,"9.183863, 43.256373",38,Yes
SUB-01508,2025-05-24,May 2025,Activity 3 Refugee Operations,GFD,Food Basket Monitoring,TPM,TPM Monitor 7,Kebribeyah Camp,REF-KEBR-005,Kebribeyah Camp Site 05,9.183863,43.256373,"9.183863, 43.256373",13,Yes
SUB-01509,2025-05-07,May 2025,Activity 3 Refugee Operations,GFD,Food Basket Monitoring,TPM,TPM Monitor 5,Kebribeyah Camp,REF-KEBR-005,Kebribeyah Camp Site 05,9.183863,43.256373,"9.183863, 43.256373",22,Yes
SUB-01510,2025-05-24,May 2025,Activity 3 Refugee Operations,GFD,Warehouse Monitoring,TPM,TPM Monitor 1,Kebribeyah Camp,REF-KEBR-005,Kebribeyah Camp Site 05,9.183863,43.256373,"9.183863, 43.256373",54,Yes
SUB-01511,2025-05-17,May 2025,Activity 3 Refugee Operations,GFD,Distribution Observation,TPM,TPM Monitor 5,Kebribeyah Camp,REF-KEBR-005,Kebribeyah Camp Site 05,9.183863,43.256373,"9.183863, 43.256373",53,Yes
SUB-01512,2025-05-06,May 2025,Activity 3 Refugee Operations,GFD,Partner Performance Monitoring,TPM,TPM Monitor 3,Kebribeyah Camp,REF-KEBR-005,Kebribeyah Camp Site 05,9.183863,43.256373,"9.183863, 43.256373",48,Yes
SUB-01513,2025-05-05,May 2025,Activity 3 Refugee Operations,School Feeding,Beneficiary Contact Monitoring,TPM,TPM Monitor 4,Sheder Camp,REF-SHED-001,Sheder Camp Site 01,9.56026,43.111869,"9.56026, 43.111869",62,Yes
SUB-01514,2025-05-26,May 2025,Activity 3 Refugee Operations,School Feeding,Beneficiary Contact Monitoring,TPM,TPM Monitor 5,Sheder Camp,REF-SHED-001,Sheder Camp Site 01,9.56026,43.111869,"9.56026, 43.111869",20,Yes
SUB-01515,2025-05-06,May 2025,Activity 3 Refugee Operations,School Feeding,Beneficiary Contact Monitoring,TPM,TPM Monitor 4,Sheder Camp,REF-SHED-001,Sheder Camp Site 01,9.56026,43.111869,"9.56026, 43.111869",47,Yes
SUB-01516,2025-05-10,May 2025,Activity 3 Refugee Operations,School Feeding,Beneficiary Contact Monitoring,TPM,TPM Monitor 1,Sheder Camp,REF-SHED-001,Sheder Camp Site 01,9.56026,43.111869,"9.56026, 43.111869",31,Yes
SUB-01517,2025-05-12,May 2025,Activity 3 Refugee Operations,School Feeding,Beneficiary Contact Monitoring,TPM,TPM Monitor 1,Sheder Camp,REF-SHED-001,Sheder Camp Site 01,9.56026,43.111869,"9.56026, 43.111869",18,Yes
SUB-01518,2025-05-13,May 2025,Activity 3 Refugee Operations,School Feeding,Food Basket Monitoring,TPM,TPM Monitor 7,Sheder Camp,REF-SHED-001,Sheder Camp Site 01,9.56026,43.111869,"9.56026, 43.111869",30,Yes
SUB-01519,2025-05-26,May 2025,Activity 3 Refugee Operations,School Feeding,Food Basket Monitoring,TPM,TPM Monitor 7,Sheder Camp,REF-SHED-001,Sheder Camp Site 01,9.56026,43.111869,"9.56026, 43.111869",33,Yes
SUB-01520,2025-05-23,May 2025,Activity 3 Refugee Operations,School Feeding,Food Basket Monitoring,TPM,TPM Monitor 4,Sheder Camp,REF-SHED-001,Sheder Camp Site 01,9.56026,43.111869,"9.56026, 43.111869",41,Yes
SUB-01521,2025-05-05,May 2025,Activity 3 Refugee Operations,School Feeding,Food Basket Monitoring,TPM,TPM Monitor 2,Sheder Camp,REF-SHED-001,Sheder Camp Site 01,9.56026,43.111869,"9.56026, 43.111869",13,Yes
SUB-01522,2025-05-28,May 2025,Activity 3 Refugee Operations,School Feeding,Warehouse Monitoring,TPM,TPM Monitor 6,Sheder Camp,REF-SHED-001,Sheder Camp Site 01,9.56026,43.111869,"9.56026, 43.111869",30,Yes
SUB-01523,2025-05-13,May 2025,Activity 3 Refugee Operations,School Feeding,Distribution Observation,TPM,TPM Monitor 4,Sheder Camp,REF-SHED-001,Sheder Camp Site 01,9.56026,43.111869,"9.56026, 43.111869",46,Yes
SUB-01524,2025-05-19,May 2025,Activity 3 Refugee Operations,School Feeding,Partner Performance Monitoring,TPM,TPM Monitor 7,Sheder Camp,REF-SHED-001,Sheder Camp Site 01,9.56026,43.111869,"9.56026, 43.111869",44,Yes
SUB-01525,2025-05-10,May 2025,Activity 3 Refugee Operations,School Feeding,Beneficiary Contact Monitoring,TPM,TPM Monitor 7,Sheder Camp,REF-SHED-002,Sheder Camp Site 02,9.520427,43.104177,"9.520427, 43.104177",40,Yes
SUB-01526,2025-05-08,May 2025,Activity 3 Refugee Operations,School Feeding,Beneficiary Contact Monitoring,TPM,TPM Monitor 2,Sheder Camp,REF-SHED-002,Sheder Camp Site 02,9.520427,43.104177,"9.520427, 43.104177",40,Yes
SUB-01527,2025-05-14,May 2025,Activity 3 Refugee Operations,School Feeding,Beneficiary Contact Monitoring,TPM,TPM Monitor 6,Sheder Camp,REF-SHED-002,Sheder Camp Site 02,9.520427,43.104177,"9.520427, 43.104177",15,Yes
SUB-01528,2025-05-21,May 2025,Activity 3 Refugee Operations,School Feeding,Beneficiary Contact Monitoring,TPM,TPM Monitor 5,Sheder Camp,REF-SHED-002,Sheder Camp Site 02,9.520427,43.104177,"9.520427, 43.104177",64,Yes
SUB-01529,2025-05-23,May 2025,Activity 3 Refugee Operations,School Feeding,Food Basket Monitoring,TPM,TPM Monitor 5,Sheder Camp,REF-SHED-002,Sheder Camp Site 02,9.520427,43.104177,"9.520427, 43.104177",52,Yes
SUB-01530,2025-05-19,May 2025,Activity 3 Refugee Operations,School Feeding,Food Basket Monitoring,TPM,TPM Monitor 7,Sheder Camp,REF-SHED-002,Sheder Camp Site 02,9.520427,43.104177,"9.520427, 43.104177",44,Yes
SUB-01531,2025-05-20,May 2025,Activity 3 Refugee Operations,School Feeding,Food Basket Monitoring,TPM,TPM Monitor 4,Sheder Camp,REF-SHED-002,Sheder Camp Site 02,9.520427,43.104177,"9.520427, 43.104177",56,Yes
SUB-01532,2025-05-15,May 2025,Activity 3 Refugee Operations,School Feeding,Food Basket Monitoring,TPM,TPM Monitor 8,Sheder Camp,REF-SHED-002,Sheder Camp Site 02,9.520427,43.104177,"9.520427, 43.104177",51,Yes
SUB-01533,2025-05-19,May 2025,Activity 3 Refugee Operations,School Feeding,Food Basket Monitoring,TPM,TPM Monitor 1,Sheder Camp,REF-SHED-002,Sheder Camp Site 02,9.520427,43.104177,"9.520427, 43.104177",38,Yes
SUB-01534,2025-05-07,May 2025,Activity 3 Refugee Operations,School Feeding,Warehouse Monitoring,TPM,TPM Monitor 7,Sheder Camp,REF-SHED-002,Sheder Camp Site 02,9.520427,43.104177,"9.520427, 43.104177",48,Yes
SUB-01535,2025-05-12,May 2025,Activity 3 Refugee Operations,School Feeding,Distribution Observation,TPM,TPM Monitor 4,Sheder Camp,REF-SHED-002,Sheder Camp Site 02,9.520427,43.104177,"9.520427, 43.104177",59,Yes
SUB-01536,2025-05-16,May 2025,Activity 3 Refugee Operations,School Feeding,Partner Performance Monitoring,TPM,TPM Monitor 1,Sheder Camp,REF-SHED-002,Sheder Camp Site 02,9.520427,43.104177,"9.520427, 43.104177",52,Yes
SUB-01537,2025-05-12,May 2025,Activity 3 Refugee Operations,School Feeding,Beneficiary Contact Monitoring,TPM,TPM Monitor 5,Sheder Camp,REF-SHED-003,Sheder Camp Site 03,9.559996,43.082031,"9.559996, 43.082031",13,Yes
SUB-01538,2025-05-17,May 2025,Activity 3 Refugee Operations,School Feeding,Beneficiary Contact Monitoring,TPM,TPM Monitor 6,Sheder Camp,REF-SHED-003,Sheder Camp Site 03,9.559996,43.082031,"9.559996, 43.082031",12,Yes
SUB-01539,2025-05-22,May 2025,Activity 3 Refugee Operations,School Feeding,Beneficiary Contact Monitoring,TPM,TPM Monitor 3,Sheder Camp,REF-SHED-003,Sheder Camp Site 03,9.559996,43.082031,"9.559996, 43.082031",38,Yes
SUB-01540,2025-05-15,May 2025,Activity 3 Refugee Operations,School Feeding,Beneficiary Contact Monitoring,TPM,TPM Monitor 6,Sheder Camp,REF-SHED-003,Sheder Camp Site 03,9.559996,43.082031,"9.559996, 43.082031",21,Yes
SUB-01541,2025-05-23,May 2025,Activity 3 Refugee Operations,School Feeding,Beneficiary Contact Monitoring,TPM,TPM Monitor 5,Sheder Camp,REF-SHED-003,Sheder Camp Site 03,9.559996,43.082031,"9.559996, 43.082031",19,Yes
SUB-01542,2025-05-28,May 2025,Activity 3 Refugee Operations,School Feeding,Beneficiary Contact Monitoring,TPM,TPM Monitor 4,Sheder Camp,REF-SHED-003,Sheder Camp Site 03,9.559996,43.082031,"9.559996, 43.082031",39,Yes
SUB-01543,2025-05-12,May 2025,Activity 3 Refugee Operations,School Feeding,Food Basket Monitoring,TPM,TPM Monitor 4,Sheder Camp,REF-SHED-003,Sheder Camp Site 03,9.559996,43.082031,"9.559996, 43.082031",63,Yes
SUB-01544,2025-05-13,May 2025,Activity 3 Refugee Operations,School Feeding,Food Basket Monitoring,TPM,TPM Monitor 4,Sheder Camp,REF-SHED-003,Sheder Camp Site 03,9.559996,43.082031,"9.559996, 43.082031",22,Yes
SUB-01545,2025-05-11,May 2025,Activity 3 Refugee Operations,School Feeding,Food Basket Monitoring,TPM,TPM Monitor 4,Sheder Camp,REF-SHED-003,Sheder Camp Site 03,9.559996,43.082031,"9.559996, 43.082031",61,Yes
SUB-01546,2025-05-24,May 2025,Activity 3 Refugee Operations,School Feeding,Food Basket Monitoring,TPM,TPM Monitor 6,Sheder Camp,REF-SHED-003,Sheder Camp Site 03,9.559996,43.082031,"9.559996, 43.082031",17,Yes
SUB-01547,2025-05-08,May 2025,Activity 3 Refugee Operations,School Feeding,Food Basket Monitoring,TPM,TPM Monitor 2,Sheder Camp,REF-SHED-003,Sheder Camp Site 03,9.559996,43.082031,"9.559996, 43.082031",13,Yes
SUB-01548,2025-05-26,May 2025,Activity 3 Refugee Operations,School Feeding,Food Basket Monitoring,TPM,TPM Monitor 8,Sheder Camp,REF-SHED-003,Sheder Camp Site 03,9.559996,43.082031,"9.559996, 43.082031",47,Yes
SUB-01549,2025-05-22,May 2025,Activity 3 Refugee Operations,School Feeding,Warehouse Monitoring,TPM,TPM Monitor 1,Sheder Camp,REF-SHED-003,Sheder Camp Site 03,9.559996,43.082031,"9.559996, 43.082031",62,Yes
SUB-01550,2025-05-24,May 2025,Activity 3 Refugee Operations,School Feeding,Distribution Observation,TPM,TPM Monitor 6,Sheder Camp,REF-SHED-003,Sheder Camp Site 03,9.559996,43.082031,"9.559996, 43.082031",39,Yes
SUB-01551,2025-05-23,May 2025,Activity 3 Refugee Operations,School Feeding,Partner Performance Monitoring,TPM,TPM Monitor 5,Sheder Camp,REF-SHED-003,Sheder Camp Site 03,9.559996,43.082031,"9.559996, 43.082031",39,Yes
SUB-01552,2025-05-21,May 2025,Activity 3 Refugee Operations,School Feeding,Beneficiary Contact Monitoring,TPM,TPM Monitor 5,Sheder Camp,REF-SHED-004,Sheder Camp Site 04,9.561536,43.063034,"9.561536, 43.063034",33,Yes
SUB-01553,2025-05-12,May 2025,Activity 3 Refugee Operations,School Feeding,Beneficiary Contact Monitoring,TPM,TPM Monitor 3,Sheder Camp,REF-SHED-004,Sheder Camp Site 04,9.561536,43.063034,"9.561536, 43.063034",11,Yes
SUB-01554,2025-05-21,May 2025,Activity 3 Refugee Operations,School Feeding,Beneficiary Contact Monitoring,TPM,TPM Monitor 7,Sheder Camp,REF-SHED-004,Sheder Camp Site 04,9.561536,43.063034,"9.561536, 43.063034",38,Yes
SUB-01555,2025-05-22,May 2025,Activity 3 Refugee Operations,School Feeding,Beneficiary Contact Monitoring,TPM,TPM Monitor 1,Sheder Camp,REF-SHED-004,Sheder Camp Site 04,9.561536,43.063034,"9.561536, 43.063034",40,Yes
SUB-01556,2025-05-26,May 2025,Activity 3 Refugee Operations,School Feeding,Food Basket Monitoring,TPM,TPM Monitor 3,Sheder Camp,REF-SHED-004,Sheder Camp Site 04,9.561536,43.063034,"9.561536, 43.063034",37,Yes
SUB-01557,2025-05-08,May 2025,Activity 3 Refugee Operations,School Feeding,Food Basket Monitoring,TPM,TPM Monitor 8,Sheder Camp,REF-SHED-004,Sheder Camp Site 04,9.561536,43.063034,"9.561536, 43.063034",28,Yes
SUB-01558,2025-05-27,May 2025,Activity 3 Refugee Operations,School Feeding,Food Basket Monitoring,TPM,TPM Monitor 1,Sheder Camp,REF-SHED-004,Sheder Camp Site 04,9.561536,43.063034,"9.561536, 43.063034",8,Yes
SUB-01559,2025-05-26,May 2025,Activity 3 Refugee Operations,School Feeding,Food Basket Monitoring,TPM,TPM Monitor 4,Sheder Camp,REF-SHED-004,Sheder Camp Site 04,9.561536,43.063034,"9.561536, 43.063034",32,Yes
SUB-01560,2025-05-23,May 2025,Activity 3 Refugee Operations,School Feeding,Food Basket Monitoring,TPM,TPM Monitor 2,Sheder Camp,REF-SHED-004,Sheder Camp Site 04,9.561536,43.063034,"9.561536, 43.063034",28,Yes
SUB-01561,2025-05-13,May 2025,Activity 3 Refugee Operations,School Feeding,Warehouse Monitoring,TPM,TPM Monitor 3,Sheder Camp,REF-SHED-004,Sheder Camp Site 04,9.561536,43.063034,"9.561536, 43.063034",43,Yes
SUB-01562,2025-05-13,May 2025,Activity 3 Refugee Operations,School Feeding,Distribution Observation,TPM,TPM Monitor 8,Sheder Camp,REF-SHED-004,Sheder Camp Site 04,9.561536,43.063034,"9.561536, 43.063034",47,Yes
SUB-01563,2025-05-10,May 2025,Activity 3 Refugee Operations,School Feeding,Partner Performance Monitoring,TPM,TPM Monitor 8,Sheder Camp,REF-SHED-004,Sheder Camp Site 04,9.561536,43.063034,"9.561536, 43.063034",35,Yes
SUB-01564,2025-05-27,May 2025,Activity 3 Refugee Operations,School Feeding,Beneficiary Contact Monitoring,TPM,TPM Monitor 6,Sheder Camp,REF-SHED-005,Sheder Camp Site 05,9.544236,43.157077,"9.544236, 43.157077",31,Yes
SUB-01565,2025-05-17,May 2025,Activity 3 Refugee Operations,School Feeding,Beneficiary Contact Monitoring,TPM,TPM Monitor 5,Sheder Camp,REF-SHED-005,Sheder Camp Site 05,9.544236,43.157077,"9.544236, 43.157077",36,Yes
SUB-01566,2025-05-10,May 2025,Activity 3 Refugee Operations,School Feeding,Beneficiary Contact Monitoring,TPM,TPM Monitor 3,Sheder Camp,REF-SHED-005,Sheder Camp Site 05,9.544236,43.157077,"9.544236, 43.157077",44,Yes
SUB-01567,2025-05-26,May 2025,Activity 3 Refugee Operations,School Feeding,Beneficiary Contact Monitoring,TPM,TPM Monitor 4,Sheder Camp,REF-SHED-005,Sheder Camp Site 05,9.544236,43.157077,"9.544236, 43.157077",60,Yes
SUB-01568,2025-05-13,May 2025,Activity 3 Refugee Operations,School Feeding,Food Basket Monitoring,TPM,TPM Monitor 4,Sheder Camp,REF-SHED-005,Sheder Camp Site 05,9.544236,43.157077,"9.544236, 43.157077",43,Yes
SUB-01569,2025-05-18,May 2025,Activity 3 Refugee Operations,School Feeding,Food Basket Monitoring,TPM,TPM Monitor 7,Sheder Camp,REF-SHED-005,Sheder Camp Site 05,9.544236,43.157077,"9.544236, 43.157077",20,Yes
SUB-01570,2025-05-09,May 2025,Activity 3 Refugee Operations,School Feeding,Food Basket Monitoring,TPM,TPM Monitor 3,Sheder Camp,REF-SHED-005,Sheder Camp Site 05,9.544236,43.157077,"9.544236, 43.157077",38,Yes
SUB-01571,2025-05-05,May 2025,Activity 3 Refugee Operations,School Feeding,Food Basket Monitoring,TPM,TPM Monitor 3,Sheder Camp,REF-SHED-005,Sheder Camp Site 05,9.544236,43.157077,"9.544236, 43.157077",34,Yes
SUB-01572,2025-05-25,May 2025,Activity 3 Refugee Operations,School Feeding,Warehouse Monitoring,TPM,TPM Monitor 6,Sheder Camp,REF-SHED-005,Sheder Camp Site 05,9.544236,43.157077,"9.544236, 43.157077",58,Yes
SUB-01573,2025-05-13,May 2025,Activity 3 Refugee Operations,School Feeding,Distribution Observation,TPM,TPM Monitor 1,Sheder Camp,REF-SHED-005,Sheder Camp Site 05,9.544236,43.157077,"9.544236, 43.157077",33,Yes
